fila_bronze,movimiento_id,lote_id,producto_id,centro_distribucion,fecha_ingreso,fecha_salida,fecha_vencimiento,cantidad_ingreso,cantidad_salida,cantidad_merma,dias_en_almacen,costo_unitario_bob,columnas_con_problemas,en_cuarentena,fecha_ingreso_preparada,tratamiento_fecha_ingreso,cantidad_ingreso_preparada,tratamiento_cantidad_ingreso,tipo_duplicado,decision_duplicado,fila_canonica,justificacion_duplicado,en_cuarentena_inicial,columnas_problema_iniciales,motivos_finales,en_cuarentena_final,tratamientos_aplicados,version_tratamiento
374,MOV-000374,LOT-2026-00374,PROD-029,Cochabamba,2026-07-31,2026-08-11,,102,94,1,11,60.18,fecha_vencimiento,True,2026-07-31,ORIGINAL,102,ORIGINAL,,,,,True,fecha_vencimiento,fecha_vencimiento:FALTANTE,True,,GIAD-M3-S4-INV-tratamiento-v1
846,MOV-000846,LOT-2026-00846,PROD-032,Santa Cruz,2026-07-21,2026-08-26,,105,100,1,36,63.21,fecha_vencimiento,True,2026-07-21,ORIGINAL,105,ORIGINAL,,,,,True,fecha_vencimiento,fecha_vencimiento:FALTANTE,True,,GIAD-M3-S4-INV-tratamiento-v1
1052,MOV-001052,LOT-2026-01052,PROD-051,Santa Cruz,2026-06-02,2026-06-12,2026-11-29,541,533,-7,10,21.14,cantidad_merma,True,2026-06-02,ORIGINAL,541,ORIGINAL,,,,,True,cantidad_merma,cantidad_merma:FUERA_RANGO,True,,GIAD-M3-S4-INV-tratamiento-v1
1167,MOV-001167,LOT-2026-01167,PROD-024,Oruro,2026-07-03,2026-02-31,2027-07-03,685,676,4,23,23.48,fecha_salida,True,2026-07-03,ORIGINAL,685,ORIGINAL,,,,,True,fecha_salida,fecha_salida:FECHA_INVALIDA,True,,GIAD-M3-S4-INV-tratamiento-v1
1226,MOV-001226,LOT-2026-01226,PROD-018,Tarija,2026-07-11,2026-07-27,,947,936,6,16,20.82,fecha_vencimiento,True,2026-07-11,ORIGINAL,947,ORIGINAL,,,,,True,fecha_vencimiento,fecha_vencimiento:FALTANTE,True,,GIAD-M3-S4-INV-tratamiento-v1
1311,MOV-001311,LOT-2026-01311,PROD-037,La Paz,2026-06-17,2026-07-24,2027-06-17,851,836,-8,37,64.93,cantidad_merma,True,2026-06-17,ORIGINAL,851,ORIGINAL,,,,,True,cantidad_merma,cantidad_merma:FUERA_RANGO,True,,GIAD-M3-S4-INV-tratamiento-v1
1506,MOV-001506,LOT-2026-01506,PROD-013,Santa Cruz,2026-06-26,2026-02-31,2026-12-23,887,869,11,7,33.05,fecha_salida,True,2026-06-26,ORIGINAL,887,ORIGINAL,,,,,True,fecha_salida,fecha_salida:FECHA_INVALIDA,True,,GIAD-M3-S4-INV-tratamiento-v1
1651,MOV-001651,LOT-2026-01651,PROD-015,Oruro,2026-08-26,2026-02-31,2027-02-22,443,435,6,4,54.56,fecha_salida,True,2026-08-26,ORIGINAL,443,ORIGINAL,,,,,True,fecha_salida,fecha_salida:FECHA_INVALIDA,True,,GIAD-M3-S4-INV-tratamiento-v1
1872,MOV-001872,LOT-2026-01872,PROD-018,Santa Cruz,2026-06-25,2026-08-15,2027-06-25,519,498,-17,51,20.82,cantidad_merma,True,2026-06-25,ORIGINAL,519,ORIGINAL,,,,,True,cantidad_merma,cantidad_merma:FUERA_RANGO,True,,GIAD-M3-S4-INV-tratamiento-v1
2265,MOV-002265,LOT-2026-02265,PROD-018,Cochabamba,2026-06-08,2026-06-30,,273,266,2,22,20.82,fecha_vencimiento,True,2026-06-08,ORIGINAL,273,ORIGINAL,,,,,True,fecha_vencimiento,fecha_vencimiento:FALTANTE,True,,GIAD-M3-S4-INV-tratamiento-v1
2793,MOV-002793,LOT-2026-02793,PROD-058,Santa Cruz,2026-07-07,2026-07-23,2027-07-07,202,194,-1,16,83.63,cantidad_merma,True,2026-07-07,ORIGINAL,202,ORIGINAL,,,,,True,cantidad_merma,cantidad_merma:FUERA_RANGO,True,,GIAD-M3-S4-INV-tratamiento-v1
3226,MOV-003226,LOT-2026-03226,PROD-038,Oruro,2026-06-29,2026-07-14,,706,702,4,15,13.49,fecha_vencimiento,True,2026-06-29,ORIGINAL,706,ORIGINAL,,,,,True,fecha_vencimiento,fecha_vencimiento:FALTANTE,True,,GIAD-M3-S4-INV-tratamiento-v1
3421,MOV-003421,LOT-2026-03421,PROD-051,Santa Cruz,2026-06-02,2026-06-12,,374,363,5,10,21.14,fecha_vencimiento,True,2026-06-02,ORIGINAL,374,ORIGINAL,,,,,True,fecha_vencimiento,fecha_vencimiento:FALTANTE,True,,GIAD-M3-S4-INV-tratamiento-v1
3574,MOV-003574,LOT-2026-03574,PROD-049,Santa Cruz,2026-06-21,2026-07-10,,745,718,27,19,25.49,fecha_vencimiento,True,2026-06-21,ORIGINAL,745,ORIGINAL,,,,,True,fecha_vencimiento,fecha_vencimiento:FALTANTE,True,,GIAD-M3-S4-INV-tratamiento-v1
3609,MOV-003609,LOT-2026-03609,PROD-005,Cochabamba,2026-07-28,2026-08-16,,673,668,5,19,76.84,fecha_vencimiento,True,2026-07-28,ORIGINAL,673,ORIGINAL,,,,,True,fecha_vencimiento,fecha_vencimiento:FALTANTE,True,,GIAD-M3-S4-INV-tratamiento-v1
3665,MOV-003665,LOT-2026-03665,PROD-058,Santa Cruz,04/07/2026,2026-07-31,2027-07-04,294,287,2,27,83.63,fecha_ingreso,True,2026-07-04,DMY_A_ISO,294,ORIGINAL,COMPLEMENTARIO,COPIA_EXCLUIDA,6039,Una fila presenta fecha_ingreso en formato ISO estándar,True,fecha_ingreso,movimiento_id:DUPLICADO,True,DMY_A_ISO|COPIA_EXCLUIDA,GIAD-M3-S4-INV-tratamiento-v1
3861,MOV-003861,LOT-2026-03861,PROD-017,Oruro,2026-08-01,2026-08-17,,887,858,28,16,19.81,fecha_vencimiento,True,2026-08-01,ORIGINAL,887,ORIGINAL,,,,,True,fecha_vencimiento,fecha_vencimiento:FALTANTE,True,,GIAD-M3-S4-INV-tratamiento-v1
3974,MOV-003974,LOT-2026-03974,PROD-046,Santa Cruz,2026-06-25,2026-07-24,,742,736,4,29,12.64,fecha_vencimiento,True,2026-06-25,ORIGINAL,742,ORIGINAL,,,,,True,fecha_vencimiento,fecha_vencimiento:FALTANTE,True,,GIAD-M3-S4-INV-tratamiento-v1
4459,MOV-004459,LOT-2026-04459,PROD-013,Santa Cruz,2026-06-22,2026-07-06,,229,219,4,14,33.05,fecha_vencimiento,True,2026-06-22,ORIGINAL,229,ORIGINAL,,,,,True,fecha_vencimiento,fecha_vencimiento:FALTANTE,True,,GIAD-M3-S4-INV-tratamiento-v1
4700,MOV-004700,LOT-2026-04700,PROD-020,Santa Cruz,2026-05-30,2026-06-21,,284,265,12,22,26.82,fecha_vencimiento,True,2026-05-30,ORIGINAL,284,ORIGINAL,,,,,True,fecha_vencimiento,fecha_vencimiento:FALTANTE,True,,GIAD-M3-S4-INV-tratamiento-v1
4900,MOV-004900,LOT-2026-04900,PROD-040,Cochabamba,2026-05-03,2026-05-07,2026-05-21,411,396,-11,4,82.17,cantidad_merma,True,2026-05-03,ORIGINAL,411,ORIGINAL,,,,,True,cantidad_merma,cantidad_merma:FUERA_RANGO,True,,GIAD-M3-S4-INV-tratamiento-v1
4915,MOV-004915,LOT-2026-04915,PROD-017,Cochabamba,2026-07-10,2026-07-22,,346,330,10,12,19.81,fecha_vencimiento,True,2026-07-10,ORIGINAL,346,ORIGINAL,,,,,True,fecha_vencimiento,fecha_vencimiento:FALTANTE,True,,GIAD-M3-S4-INV-tratamiento-v1
4971,MOV-004971,LOT-2026-04971,PROD-031,Oruro,2026-08-25,2026-02-31,2027-02-21,848,833,11,7,14.93,fecha_salida,True,2026-08-25,ORIGINAL,848,ORIGINAL,,,,,True,fecha_salida,fecha_salida:FECHA_INVALIDA,True,,GIAD-M3-S4-INV-tratamiento-v1
4978,MOV-004978,LOT-2026-04978,PROD-030,Cochabamba,2026-06-26,2026-07-17,,293,289,2,21,24.51,fecha_vencimiento,True,2026-06-26,ORIGINAL,293,ORIGINAL,,,,,True,fecha_vencimiento,fecha_vencimiento:FALTANTE,True,,GIAD-M3-S4-INV-tratamiento-v1
5096,MOV-005096,LOT-2026-05096,PROD-028,Cochabamba,2026-08-08,2026-08-28,,311,305,3,20,55.4,fecha_vencimiento,True,2026-08-08,ORIGINAL,311,ORIGINAL,,,,,True,fecha_vencimiento,fecha_vencimiento:FALTANTE,True,,GIAD-M3-S4-INV-tratamiento-v1
5214,MOV-005214,LOT-2026-05214,PROD-002,La Paz,2026-08-05,2026-08-08,2026-08-23,238,227,-6,3,33.75,cantidad_merma,True,2026-08-05,ORIGINAL,238,ORIGINAL,,,,,True,cantidad_merma,cantidad_merma:FUERA_RANGO,True,,GIAD-M3-S4-INV-tratamiento-v1
5254,MOV-005254,LOT-2026-05254,PROD-014,Tarija,2026-07-21,2026-08-07,,983,977,6,17,21.61,fecha_vencimiento,True,2026-07-21,ORIGINAL,983,ORIGINAL,,,,,True,fecha_vencimiento,fecha_vencimiento:FALTANTE,True,,GIAD-M3-S4-INV-tratamiento-v1
5265,MOV-005265,LOT-2026-05265,PROD-046,La Paz,2026-05-01,2026-05-15,,369,367,2,14,12.64,fecha_vencimiento,True,2026-05-01,ORIGINAL,369,ORIGINAL,,,,,True,fecha_vencimiento,fecha_vencimiento:FALTANTE,True,,GIAD-M3-S4-INV-tratamiento-v1
5468,MOV-005468,LOT-2026-05468,PROD-030,La Paz,2026-08-23,2026-09-28,,961,949,8,36,24.51,fecha_vencimiento,True,2026-08-23,ORIGINAL,961,ORIGINAL,,,,,True,fecha_vencimiento,fecha_vencimiento:FALTANTE,True,,GIAD-M3-S4-INV-tratamiento-v1
5769,MOV-005769,LOT-2026-05769,PROD-019,Santa Cruz,2026-07-25,2026-02-31,2026-08-12,307,295,8,4,62.22,fecha_salida,True,2026-07-25,ORIGINAL,307,ORIGINAL,,,,,True,fecha_salida,fecha_salida:FECHA_INVALIDA,True,,GIAD-M3-S4-INV-tratamiento-v1
6001,MOV-004748,LOT-2026-04748,PROD-036,Cochabamba,2026-05-26,2026-06-24,2026-11-22,408,402,6,29,53.28,movimiento_id,True,2026-05-26,ORIGINAL,408,ORIGINAL,IDENTICO,COPIA_EXCLUIDA,4748,Las doce columnas originales son idénticas,True,movimiento_id,movimiento_id:DUPLICADO,True,COPIA_EXCLUIDA,GIAD-M3-S4-INV-tratamiento-v1
6002,MOV-001735,LOT-2026-01735,PROD-018,Santa Cruz,2026-06-29,2026-07-25,2027-06-29,654,648,5,26,20.82,movimiento_id,True,2026-06-29,ORIGINAL,654,ORIGINAL,IDENTICO,COPIA_EXCLUIDA,1735,Las doce columnas originales son idénticas,True,movimiento_id,movimiento_id:DUPLICADO,True,COPIA_EXCLUIDA,GIAD-M3-S4-INV-tratamiento-v1
6003,MOV-003073,LOT-2026-03073,PROD-058,La Paz,2026-08-23,2026-09-13,2027-08-23,717,709,6,21,83.63,movimiento_id,True,2026-08-23,ORIGINAL,717,ORIGINAL,IDENTICO,COPIA_EXCLUIDA,3073,Las doce columnas originales son idénticas,True,movimiento_id,movimiento_id:DUPLICADO,True,COPIA_EXCLUIDA,GIAD-M3-S4-INV-tratamiento-v1
6004,MOV-003016,LOT-2026-03016,PROD-042,Oruro,2026-07-10,2026-07-21,2027-07-10,161,154,1,11,73.69,movimiento_id,True,2026-07-10,ORIGINAL,161,ORIGINAL,IDENTICO,COPIA_EXCLUIDA,3016,Las doce columnas originales son idénticas,True,movimiento_id,movimiento_id:DUPLICADO,True,COPIA_EXCLUIDA,GIAD-M3-S4-INV-tratamiento-v1
6005,MOV-003990,LOT-2026-03990,PROD-051,Tarija,2026-07-09,2026-07-26,2027-01-05,970,952,13,17,21.14,movimiento_id,True,2026-07-09,ORIGINAL,970,ORIGINAL,IDENTICO,COPIA_EXCLUIDA,3990,Las doce columnas originales son idénticas,True,movimiento_id,movimiento_id:DUPLICADO,True,COPIA_EXCLUIDA,GIAD-M3-S4-INV-tratamiento-v1
6006,MOV-001055,LOT-2026-01055,PROD-038,Cochabamba,2026-05-05,2026-05-25,2027-05-05,745,736,6,20,13.49,movimiento_id,True,2026-05-05,ORIGINAL,745,ORIGINAL,IDENTICO,COPIA_EXCLUIDA,1055,Las doce columnas originales son idénticas,True,movimiento_id,movimiento_id:DUPLICADO,True,COPIA_EXCLUIDA,GIAD-M3-S4-INV-tratamiento-v1
6007,MOV-004746,LOT-2026-04746,PROD-003,Cochabamba,2026-06-25,2026-07-08,2026-07-13,287,279,8,13,27.19,movimiento_id,True,2026-06-25,ORIGINAL,287,ORIGINAL,IDENTICO,COPIA_EXCLUIDA,4746,Las doce columnas originales son idénticas,True,movimiento_id,movimiento_id:DUPLICADO,True,COPIA_EXCLUIDA,GIAD-M3-S4-INV-tratamiento-v1
6008,MOV-004614,LOT-2026-04614,PROD-040,Tarija,2026-05-30,2026-06-09,2026-06-17,163,152,4,10,82.17,movimiento_id,True,2026-05-30,ORIGINAL,163,ORIGINAL,IDENTICO,COPIA_EXCLUIDA,4614,Las doce columnas originales son idénticas,True,movimiento_id,movimiento_id:DUPLICADO,True,COPIA_EXCLUIDA,GIAD-M3-S4-INV-tratamiento-v1
6009,MOV-000978,LOT-2026-00978,PROD-060,Oruro,2026-08-27,2026-09-01,2026-09-14,399,389,10,5,37.99,movimiento_id,True,2026-08-27,ORIGINAL,399,ORIGINAL,IDENTICO,COPIA_EXCLUIDA,978,Las doce columnas originales son idénticas,True,movimiento_id,movimiento_id:DUPLICADO,True,COPIA_EXCLUIDA,GIAD-M3-S4-INV-tratamiento-v1
6010,MOV-005017,LOT-2026-05017,PROD-004,La Paz,2026-06-28,2026-07-21,2027-06-28,946,940,6,23,27.26,movimiento_id,True,2026-06-28,ORIGINAL,946,ORIGINAL,IDENTICO,COPIA_EXCLUIDA,5017,Las doce columnas originales son idénticas,True,movimiento_id,movimiento_id:DUPLICADO,True,COPIA_EXCLUIDA,GIAD-M3-S4-INV-tratamiento-v1
6011,MOV-000102,LOT-2026-00102,PROD-006,Santa Cruz,2026-06-14,2026-07-08,2027-06-14,708,698,7,24,23.32,movimiento_id,True,2026-06-14,ORIGINAL,708,ORIGINAL,IDENTICO,COPIA_EXCLUIDA,102,Las doce columnas originales son idénticas,True,movimiento_id,movimiento_id:DUPLICADO,True,COPIA_EXCLUIDA,GIAD-M3-S4-INV-tratamiento-v1
6012,MOV-004597,LOT-2026-04597,PROD-053,Cochabamba,2026-05-04,2026-05-21,2027-05-04,305,300,2,17,73.12,movimiento_id,True,2026-05-04,ORIGINAL,305,ORIGINAL,IDENTICO,COPIA_EXCLUIDA,4597,Las doce columnas originales son idénticas,True,movimiento_id,movimiento_id:DUPLICADO,True,COPIA_EXCLUIDA,GIAD-M3-S4-INV-tratamiento-v1
6013,MOV-004997,LOT-2026-04997,PROD-011,Santa Cruz,2026-07-29,2026-07-30,2026-08-16,429,417,12,1,14.4,movimiento_id,True,2026-07-29,ORIGINAL,429,ORIGINAL,IDENTICO,COPIA_EXCLUIDA,4997,Las doce columnas originales son idénticas,True,movimiento_id,movimiento_id:DUPLICADO,True,COPIA_EXCLUIDA,GIAD-M3-S4-INV-tratamiento-v1
6014,MOV-003224,LOT-2026-03224,PROD-045,Santa Cruz,2026-08-11,2026-08-25,2027-08-11,815,806,5,14,61.85,movimiento_id,True,2026-08-11,ORIGINAL,815,ORIGINAL,IDENTICO,COPIA_EXCLUIDA,3224,Las doce columnas originales son idénticas,True,movimiento_id,movimiento_id:DUPLICADO,True,COPIA_EXCLUIDA,GIAD-M3-S4-INV-tratamiento-v1
6015,MOV-004399,LOT-2026-04399,PROD-051,Tarija,2026-06-17,2026-07-03,2026-12-14,627,618,8,16,21.14,movimiento_id,True,2026-06-17,ORIGINAL,627,ORIGINAL,IDENTICO,COPIA_EXCLUIDA,4399,Las doce columnas originales son idénticas,True,movimiento_id,movimiento_id:DUPLICADO,True,COPIA_EXCLUIDA,GIAD-M3-S4-INV-tratamiento-v1
6016,MOV-005441,LOT-2026-05441,PROD-047,Tarija,2026-05-23,2026-07-02,2027-05-23,306,300,4,40,21.58,movimiento_id,True,2026-05-23,ORIGINAL,306,ORIGINAL,IDENTICO,COPIA_EXCLUIDA,5441,Las doce columnas originales son idénticas,True,movimiento_id,movimiento_id:DUPLICADO,True,COPIA_EXCLUIDA,GIAD-M3-S4-INV-tratamiento-v1
6017,MOV-005588,LOT-2026-05588,PROD-006,Oruro,2026-07-14,2026-07-29,2027-07-14,777,766,7,15,23.32,movimiento_id,True,2026-07-14,ORIGINAL,777,ORIGINAL,IDENTICO,COPIA_EXCLUIDA,5588,Las doce columnas originales son idénticas,True,movimiento_id,movimiento_id:DUPLICADO,True,COPIA_EXCLUIDA,GIAD-M3-S4-INV-tratamiento-v1
6018,MOV-003592,LOT-2026-03592,PROD-047,La Paz,2026-05-12,2026-05-25,2027-05-12,489,486,3,13,21.58,movimiento_id,True,2026-05-12,ORIGINAL,489,ORIGINAL,IDENTICO,COPIA_EXCLUIDA,3592,Las doce columnas originales son idénticas,True,movimiento_id,movimiento_id:DUPLICADO,True,COPIA_EXCLUIDA,GIAD-M3-S4-INV-tratamiento-v1
6019,MOV-003014,LOT-2026-03014,PROD-032,La Paz,2026-07-21,2026-09-03,2027-07-21,357,345,7,44,63.21,movimiento_id,True,2026-07-21,ORIGINAL,357,ORIGINAL,IDENTICO,COPIA_EXCLUIDA,3014,Las doce columnas originales son idénticas,True,movimiento_id,movimiento_id:DUPLICADO,True,COPIA_EXCLUIDA,GIAD-M3-S4-INV-tratamiento-v1
6020,MOV-004061,LOT-2026-04061,PROD-051,Tarija,2026-05-12,2026-06-19,2026-11-08,446,437,8,38,21.14,movimiento_id,True,2026-05-12,ORIGINAL,446,ORIGINAL,IDENTICO,COPIA_EXCLUIDA,4061,Las doce columnas originales son idénticas,True,movimiento_id,movimiento_id:DUPLICADO,True,COPIA_EXCLUIDA,GIAD-M3-S4-INV-tratamiento-v1
6021,MOV-000734,LOT-2026-00734,PROD-042,Oruro,2026-05-24,2026-06-13,2027-05-24,566,558,4,20,73.69,movimiento_id,True,2026-05-24,ORIGINAL,566,ORIGINAL,IDENTICO,COPIA_EXCLUIDA,734,Las doce columnas originales son idénticas,True,movimiento_id,movimiento_id:DUPLICADO,True,COPIA_EXCLUIDA,GIAD-M3-S4-INV-tratamiento-v1
6022,MOV-002648,LOT-2026-02648,PROD-039,Santa Cruz,2026-07-09,2026-07-21,2027-07-09,725,715,5,12,56.75,movimiento_id,True,2026-07-09,ORIGINAL,725,ORIGINAL,IDENTICO,COPIA_EXCLUIDA,2648,Las doce columnas originales son idénticas,True,movimiento_id,movimiento_id:DUPLICADO,True,COPIA_EXCLUIDA,GIAD-M3-S4-INV-tratamiento-v1
6023,MOV-002305,LOT-2026-02305,PROD-019,Oruro,2026-07-21,2026-08-03,2026-08-08,887,861,24,13,62.22,movimiento_id,True,2026-07-21,ORIGINAL,887,ORIGINAL,IDENTICO,COPIA_EXCLUIDA,2305,Las doce columnas originales son idénticas,True,movimiento_id,movimiento_id:DUPLICADO,True,COPIA_EXCLUIDA,GIAD-M3-S4-INV-tratamiento-v1
6024,MOV-001648,LOT-2026-01648,PROD-041,La Paz,2026-06-25,2026-07-09,2027-06-25,159,153,1,14,14.19,movimiento_id,True,2026-06-25,ORIGINAL,159,ORIGINAL,IDENTICO,COPIA_EXCLUIDA,1648,Las doce columnas originales son idénticas,True,movimiento_id,movimiento_id:DUPLICADO,True,COPIA_EXCLUIDA,GIAD-M3-S4-INV-tratamiento-v1
6025,MOV-001094,LOT-2026-01094,PROD-044,Tarija,2026-07-06,2026-07-23,2027-07-06,944,938,5,17,65.12,movimiento_id,True,2026-07-06,ORIGINAL,944,ORIGINAL,IDENTICO,COPIA_EXCLUIDA,1094,Las doce columnas originales son idénticas,True,movimiento_id,movimiento_id:DUPLICADO,True,COPIA_EXCLUIDA,GIAD-M3-S4-INV-tratamiento-v1
6026,MOV-005267,LOT-2026-05267,PROD-046,Oruro,2026-05-27,2026-06-08,2027-05-27,545,538,5,12,12.64,movimiento_id,True,2026-05-27,ORIGINAL,545,ORIGINAL,IDENTICO,COPIA_EXCLUIDA,5267,Las doce columnas originales son idénticas,True,movimiento_id,movimiento_id:DUPLICADO,True,COPIA_EXCLUIDA,GIAD-M3-S4-INV-tratamiento-v1
6027,MOV-004534,LOT-2026-04534,PROD-047,Tarija,2026-06-28,2026-07-25,2027-06-28,561,556,5,27,21.58,movimiento_id,True,2026-06-28,ORIGINAL,561,ORIGINAL,IDENTICO,COPIA_EXCLUIDA,4534,Las doce columnas originales son idénticas,True,movimiento_id,movimiento_id:DUPLICADO,True,COPIA_EXCLUIDA,GIAD-M3-S4-INV-tratamiento-v1
6028,MOV-000190,LOT-2026-00190,PROD-019,Santa Cruz,2026-05-22,2026-06-17,2026-06-09,648,613,31,26,62.22,movimiento_id,True,2026-05-22,ORIGINAL,648,ORIGINAL,IDENTICO,COPIA_EXCLUIDA,190,Las doce columnas originales son idénticas,True,movimiento_id,movimiento_id:DUPLICADO,True,COPIA_EXCLUIDA,GIAD-M3-S4-INV-tratamiento-v1
6029,MOV-000904,LOT-2026-00904,PROD-024,Cochabamba,2026-05-20,2026-06-08,2027-05-20,365,355,3,19,23.48,movimiento_id,True,2026-05-20,ORIGINAL,365,ORIGINAL,IDENTICO,COPIA_EXCLUIDA,904,Las doce columnas originales son idénticas,True,movimiento_id,movimiento_id:DUPLICADO,True,COPIA_EXCLUIDA,GIAD-M3-S4-INV-tratamiento-v1
6030,MOV-002656,LOT-2026-02656,PROD-040,Santa Cruz,2026-06-06,2026-06-20,2026-06-24,773,744,24,14,82.17,movimiento_id,True,2026-06-06,ORIGINAL,773,ORIGINAL,IDENTICO,COPIA_EXCLUIDA,2656,Las doce columnas originales son idénticas,True,movimiento_id,movimiento_id:DUPLICADO,True,COPIA_EXCLUIDA,GIAD-M3-S4-INV-tratamiento-v1
6031,MOV-002654,LOT-2026-02654,PROD-056,Tarija,2026-07-02,2026-07-18,2026-07-20,124,114,4,16,36.51,movimiento_id,True,2026-07-02,ORIGINAL,124,ORIGINAL,IDENTICO,COPIA_EXCLUIDA,2654,Las doce columnas originales son idénticas,True,movimiento_id,movimiento_id:DUPLICADO,True,COPIA_EXCLUIDA,GIAD-M3-S4-INV-tratamiento-v1
6032,MOV-003560,LOT-2026-03560,PROD-054,La Paz,2026-07-10,2026-07-29,2027-07-10,899,894,5,19,81.98,movimiento_id,True,2026-07-10,ORIGINAL,899,ORIGINAL,IDENTICO,COPIA_EXCLUIDA,3560,Las doce columnas originales son idénticas,True,movimiento_id,movimiento_id:DUPLICADO,True,COPIA_EXCLUIDA,GIAD-M3-S4-INV-tratamiento-v1
6033,MOV-005749,LOT-2026-05749,PROD-047,Tarija,2026-08-01,2026-08-24,2027-08-01,224,223,1,23,21.58,movimiento_id,True,2026-08-01,ORIGINAL,224,ORIGINAL,IDENTICO,COPIA_EXCLUIDA,5749,Las doce columnas originales son idénticas,True,movimiento_id,movimiento_id:DUPLICADO,True,COPIA_EXCLUIDA,GIAD-M3-S4-INV-tratamiento-v1
6034,MOV-004374,LOT-2026-04374,PROD-022,Tarija,2026-08-23,2026-09-26,2027-02-19,740,730,9,34,67.52,movimiento_id,True,2026-08-23,ORIGINAL,740,ORIGINAL,IDENTICO,COPIA_EXCLUIDA,4374,Las doce columnas originales son idénticas,True,movimiento_id,movimiento_id:DUPLICADO,True,COPIA_EXCLUIDA,GIAD-M3-S4-INV-tratamiento-v1
6035,MOV-004588,LOT-2026-04588,PROD-003,Cochabamba,2026-07-14,2026-08-01,2026-08-01,625,594,24,18,27.19,movimiento_id,True,2026-07-14,ORIGINAL,625,ORIGINAL,IDENTICO,COPIA_EXCLUIDA,4588,Las doce columnas originales son idénticas,True,movimiento_id,movimiento_id:DUPLICADO,True,COPIA_EXCLUIDA,GIAD-M3-S4-INV-tratamiento-v1
6036,MOV-004400,LOT-2026-04400,PROD-023,Cochabamba,2026-07-04,2026-07-22,2026-12-31,87,83,1,18,64.4,movimiento_id,True,2026-07-04,ORIGINAL,87,ORIGINAL,IDENTICO,COPIA_EXCLUIDA,4400,Las doce columnas originales son idénticas,True,movimiento_id,movimiento_id:DUPLICADO,True,COPIA_EXCLUIDA,GIAD-M3-S4-INV-tratamiento-v1
6037,MOV-000486,LOT-2026-00486,PROD-048,La Paz,2026-08-23,2026-09-10,2027-08-23,988,978,8,18,24.01,movimiento_id,True,2026-08-23,ORIGINAL,988,ORIGINAL,IDENTICO,COPIA_EXCLUIDA,486,Las doce columnas originales son idénticas,True,movimiento_id,movimiento_id:DUPLICADO,True,COPIA_EXCLUIDA,GIAD-M3-S4-INV-tratamiento-v1
6038,MOV-005819,LOT-2026-05819,PROD-012,Tarija,2026-05-31,2026-06-04,2026-11-27,698,683,9,4,80.8,movimiento_id,True,2026-05-31,ORIGINAL,698,ORIGINAL,IDENTICO,COPIA_EXCLUIDA,5819,Las doce columnas originales son idénticas,True,movimiento_id,movimiento_id:DUPLICADO,True,COPIA_EXCLUIDA,GIAD-M3-S4-INV-tratamiento-v1
6040,MOV-004092,LOT-2026-04092,PROD-051,La Paz,2026-05-29,2026-06-06,2026-11-25,348,341,4,8,21.14,movimiento_id,True,2026-05-29,ORIGINAL,348,ORIGINAL,IDENTICO,COPIA_EXCLUIDA,4092,Las doce columnas originales son idénticas,True,movimiento_id,movimiento_id:DUPLICADO,True,COPIA_EXCLUIDA,GIAD-M3-S4-INV-tratamiento-v1
