fila_bronze,order_id,cliente_id,producto_id,fecha_despacho,centro_distribucion,camion_id,chofer_id,cantidad_solicitada,cantidad_entregada,tiempo_entrega_prometido_hrs,tiempo_entrega_real_hrs,otif_on_time,otif_in_full,otif,columnas_con_problemas,en_cuarentena
112, ord-2026-00112 ,CLI-087,PROD-008,2026-08-28 11:29:00,La Paz,CAM-09,CHO-007,63,63.0,24,18.0,1,1,1,order_id,True
137, ord-2026-00137 ,CLI-005,PROD-031,2026-08-08 03:07:00,Tarija,CAM-03,CHO-012,306,306.0,24,19.9,1,1,1,order_id,True
282,ORD-2026-00282,CLI-040,PROD-008,2026-08-04 07:14:00,La Paz,CAM-28,CHO-148,285,,48,38.8,1,1,1,cantidad_entregada,True
288,ORD-2026-00288, cli-014 ,PROD-033,2026-08-09 20:02:00,Santa Cruz,CAM-04,CHO-059,71,71.0,24,23.3,1,1,1,cliente_id,True
328,ORD-2026-00328,CLI-066,PROD-015,2026-08-15 21:43:00,Tarija,CAM-26,CHO-122,88,,48,45.4,1,1,1,cantidad_entregada,True
382,ORD-2026-00382,CLI-074,PROD-045,2026-08-29 05:40:00,Oruro,CAM-16,CHO-118,92,,24,19.3,1,1,1,cantidad_entregada,True
417,ORD-2026-00417,CLI-038,PROD-045,2026-08-02 18:54:00,Santa Cruz,CAM-20,CHO-121,198,198.0,48,-38.7,1,1,1,tiempo_entrega_real_hrs,True
453, ord-2026-00453 ,CLI-087,PROD-050,2026-08-03 02:47:00,Tarija,CAM-03,CHO-031,490,490.0,72,55.1,1,1,1,order_id,True
464,ORD-2026-00464,CLI-016,PROD-043,2026-08-12 01:19:00,Cochabamba,CAM-23,CHO-111,176,,72,47.1,1,1,1,cantidad_entregada,True
484, ord-2026-00484 ,CLI-097,PROD-054,2026-08-01 11:54:00,Tarija,CAM-12,CHO-061,60,60.0,24,13.7,1,1,1,order_id,True
489,ORD-2026-00489,CLI-003,PROD-025,2026-08-30 22:15:00,La Paz,CAM-27,CHO-072,338,,48,30.9,1,1,1,cantidad_entregada,True
498,ORD-2026-00498,CLI-017,PROD-039,2026-08-03 11:45:00,Cochabamba,CAM-01,CHO-140,362,,48,42.2,1,1,1,cantidad_entregada,True
512,ORD-2026-00512,CLI-026,PROD-001,2026-08-30 15:47:00,Tarija,CAM-12,CHO-048,cincuenta,72.0,24,17.2,1,1,1,cantidad_solicitada,True
513,ORD-2026-00513,CLI-002,PROD-027,2026-08-28 14:59:00,La Paz,CAM-09,CHO-057,264,,48,34.7,1,1,1,cantidad_entregada,True
540,ORD-2026-00540,CLI-094,PROD-022,20/08/2026 03:07,Santa Cruz,CAM-20,CHO-095,314,314.0,72,88.2,0,1,0,fecha_despacho,True
546, ord-2026-00546 ,CLI-003,PROD-019,2026-08-06 12:50:00,Tarija,CAM-03,CHO-082,55,55.0,48,40.5,1,1,1,order_id,True
631,ORD-2026-00631,CLI-077, prod-030 ,2026-08-19 16:36:00,Cochabamba,CAM-08,CHO-073,415,415.0,72,62.8,1,1,1,producto_id,True
709,ORD-2026-00709,CLI-026,PROD-020,2026-08-18 11:29:00,Cochabamba,CAM-23,CHO-086,cincuenta,22.0,24,21.2,1,1,1,cantidad_solicitada,True
714,ORD-2026-00714,CLI-051,PROD-042,2026-08-18 00:41:00,Cochabamba,CAM-17,CHO-065,85,,24,24.4,0,1,0,cantidad_entregada,True
735,ORD-2026-00735,CLI-026,PROD-058,2026-08-12 05:33:00,La Paz,CAM-09,CHO-064,81,,72,74.6,0,1,0,cantidad_entregada,True
787,ORD-2026-00787,CLI-021,PROD-013,03/08/2026 03:31,Santa Cruz,CAM-14,CHO-011,162,162.0,24,22.1,1,1,1,fecha_despacho,True
790,ORD-2026-00790, cli-009 ,PROD-053,2026-08-20 23:14:00,Tarija,CAM-03,CHO-010,351,351.0,48,35.7,1,1,1,cliente_id,True
813,ORD-2026-00813,CLI-002, prod-060 ,2026-08-07 14:09:00,Cochabamba,CAM-22,CHO-135,18,18.0,48,-50.4,0,1,0,producto_id|tiempo_entrega_real_hrs,True
815,ORD-2026-00815,CLI-092,PROD-024,2026-08-24 08:10:00,Oruro,CAM-07,CHO-144,183,,48,36.7,1,1,1,cantidad_entregada,True
883,ORD-2026-00883,CLI-062,PROD-041,2026-08-09 22:23:00,Cochabamba,CAM-23,CHO-138,468,,72,52.6,1,1,1,cantidad_entregada,True
901,ORD-2026-00901,CLI-063,PROD-057,2026-08-23 13:35:00,Santa Cruz,CAM-04,CHO-060,447,,48,42.0,1,1,1,cantidad_entregada,True
936,ORD-2026-00936,CLI-018,PROD-053,2026-08-06 02:52:00,Oruro,CAM-02,CHO-110,57,,72,66.7,1,1,1,cantidad_entregada,True
944,ORD-2026-00944,CLI-053,PROD-013,2026-08-29 17:58:00,Cochabamba,CAM-22,CHO-014,331,,48,36.0,1,0,0,cantidad_entregada,True
1045,ORD-2026-01045,CLI-059,PROD-059,2026-08-26 12:21:00,Oruro,CAM-05,CHO-119,339,,24,20.0,1,1,1,cantidad_entregada,True
1060,ORD-2026-01060,CLI-032,PROD-058,2026-08-05 05:28:00,Santa Cruz,CAM-20,CHO-128,cincuenta,395.0,48,36.9,1,1,1,cantidad_solicitada,True
1086,ORD-2026-01086,CLI-004,PROD-037,2026-08-28 17:04:00,Santa Cruz,CAM-25,CHO-096,201,,24,16.7,1,1,1,cantidad_entregada,True
1131,ORD-2026-01131,CLI-071,PROD-012,2026-08-06 23:59:00,Oruro,CAM-05,CHO-051,260,,48,46.9,1,1,1,cantidad_entregada,True
1134,ORD-2026-01134,CLI-066, prod-036 ,2026-08-22 23:58:00,La Paz,CAM-28,CHO-093,242,242.0,48,46.2,1,1,1,producto_id,True
1187,ORD-2026-01187,CLI-094,PROD-037,2026-08-26 07:09:00,Tarija,CAM-03,CHO-048,356,356.0,24,-25.2,0,1,0,tiempo_entrega_real_hrs,True
1196,ORD-2026-01196,CLI-087,PROD-020,04/08/2026 13:22,Tarija,CAM-12,CHO-015,240,240.0,48,35.2,1,1,1,fecha_despacho,True
1210,ORD-2026-01210,CLI-034,PROD-057,2026-08-16 12:50:00,Santa Cruz,CAM-21,CHO-060,437,,24,18.1,1,1,1,cantidad_entregada,True
1222,ORD-2026-01222,CLI-080,PROD-001,2026-08-26 20:55:00,Oruro,CAM-05,CHO-038,428,428.0,48,-36.8,1,1,1,tiempo_entrega_real_hrs,True
1285,ORD-2026-01285,CLI-015,PROD-021,2026-08-02 23:52:00,Oruro,CAM-24,CHO-098,357,,24,18.7,1,1,1,cantidad_entregada,True
1343,ORD-2026-01343,CLI-070,PROD-056,2026-08-01 09:18:00,Oruro,CAM-05,CHO-067,276,276.0,24,-20.6,1,1,1,tiempo_entrega_real_hrs,True
1355,ORD-2026-01355, cli-098 ,PROD-019,2026-08-27 19:26:00,La Paz,CAM-15,CHO-127,97,97.0,48,28.0,1,1,1,cliente_id,True
1393,ORD-2026-01393,CLI-014,PROD-020,04/08/2026 11:48,Santa Cruz,CAM-20,CHO-046,346,346.0,24,26.9,0,1,0,fecha_despacho,True
1409,ORD-2026-01409,CLI-018,PROD-051,24/08/2026 07:32,Santa Cruz,CAM-13,CHO-100,498,498.0,48,38.5,1,1,1,fecha_despacho,True
1456, ord-2026-01456 ,CLI-061,PROD-010,2026-08-11 06:21:00,Cochabamba,CAM-08,CHO-077,399,382.0,48,36.0,1,0,0,order_id,True
1459,ORD-2026-01459,CLI-087,PROD-007,2026-08-28 18:29:00,La Paz,CAM-30,CHO-072,100,,24,16.6,1,1,1,cantidad_entregada,True
1482,ORD-2026-01482,CLI-073, prod-052 ,2026-08-24 07:40:00,Oruro,CAM-05,CHO-038,67,67.0,24,17.3,1,1,1,producto_id,True
1521,ORD-2026-01521,CLI-031,PROD-006,2026-08-07 14:34:00,Oruro,CAM-07,CHO-038,95,,24,20.9,1,1,1,cantidad_entregada,True
1539,ORD-2026-01539,CLI-015,PROD-026,2026-08-05 13:20:00,Oruro,CAM-02,CHO-117,428,,24,16.9,1,1,1,cantidad_entregada,True
1584, ord-2026-01584 ,CLI-094,PROD-039,2026-08-25 15:17:00,Cochabamba,CAM-22,CHO-115,26,26.0,24,22.3,1,1,1,order_id,True
1654,ORD-2026-01654,CLI-022,PROD-025,2026-08-06 17:08:00,La Paz,CAM-28,CHO-107,320,,24,22.6,1,0,0,cantidad_entregada,True
1680,ORD-2026-01680,CLI-084,PROD-015,2026-08-03 16:08:00,Cochabamba,CAM-08,CHO-047,58,,24,30.2,0,1,0,cantidad_entregada,True
1702,ORD-2026-01702,CLI-050,PROD-010,2026-08-04 13:17:00,Cochabamba,CAM-17,CHO-131,335,,24,14.1,1,1,1,cantidad_entregada,True
1724,ORD-2026-01724,CLI-068,PROD-040,17/08/2026 20:37,Tarija,CAM-12,CHO-050,95,95.0,48,44.6,1,1,1,fecha_despacho,True
1791,ORD-2026-01791,CLI-095,PROD-010,2026-08-22 16:36:00,Santa Cruz,CAM-21,CHO-018,118,,48,47.2,1,1,1,cantidad_entregada,True
1804,ORD-2026-01804,CLI-057,PROD-048,2026-08-14 07:43:00,Cochabamba,CAM-22,CHO-086,190,,48,38.9,1,1,1,cantidad_entregada,True
1814,ORD-2026-01814,CLI-035, prod-040 ,2026-08-07 07:15:00,Santa Cruz,CAM-14,CHO-097,307,307.0,48,50.0,0,1,0,producto_id,True
1827, ord-2026-01827 ,CLI-084,PROD-050,2026-08-12 17:35:00,Tarija,CAM-12,CHO-015,239,230.0,24,22.3,1,0,0,order_id,True
1844,ORD-2026-01844,CLI-097, prod-016 ,2026-08-27 00:58:00,Oruro,CAM-02,CHO-110,165,165.0,48,33.4,1,1,1,producto_id,True
1866, ord-2026-01866 ,CLI-078,PROD-029,2026-08-19 20:33:00,Santa Cruz,CAM-11,CHO-103,130,130.0,72,32.8,1,1,1,order_id,True
1886,ORD-2026-01886,CLI-019,PROD-057,2026-08-12 08:29:00,Cochabamba,CAM-23,CHO-033,68,,48,45.4,1,1,1,cantidad_entregada,True
1907,ORD-2026-01907,CLI-030,PROD-002,2026-08-18 10:53:00,La Paz,CAM-09,CHO-064,cincuenta,190.0,72,33.0,1,1,1,cantidad_solicitada,True
1922,ORD-2026-01922,CLI-052,PROD-006,15/08/2026 03:24,Santa Cruz,CAM-21,CHO-076,91,91.0,48,53.0,0,1,0,fecha_despacho,True
1924, ord-2026-01924 ,CLI-079,PROD-007,2026-08-19 19:43:00,Santa Cruz,CAM-11,CHO-095,315,315.0,24,23.6,1,1,1,order_id,True
1966,ORD-2026-01966,CLI-092,PROD-001,2026-08-17 01:09:00,Santa Cruz,CAM-20,CHO-100,cincuenta,279.0,48,49.0,0,0,0,cantidad_solicitada,True
2054, ord-2026-02054 ,CLI-065,PROD-004,2026-08-15 08:25:00,Tarija,CAM-26,CHO-044,41,41.0,72,62.8,1,1,1,order_id,True
2061,ORD-2026-02061,CLI-005,PROD-031,2026-08-02 03:02:00,Santa Cruz,CAM-20,CHO-099,457,,24,20.0,1,1,1,cantidad_entregada,True
2072,ORD-2026-02072,CLI-009,PROD-041,2026-08-02 23:55:00,Oruro,CAM-02,CHO-136,447,,48,48.2,0,1,0,cantidad_entregada,True
2078,ORD-2026-02078,CLI-057, prod-038 ,2026-08-06 11:59:00,Santa Cruz,CAM-29,CHO-149,46,46.0,24,19.7,1,1,1,producto_id,True
2122, ord-2026-02122 ,CLI-054,PROD-030,2026-08-20 23:06:00,Tarija,CAM-12,CHO-012,98,98.0,48,30.8,1,1,1,order_id,True
2134, ord-2026-02134 ,CLI-005,PROD-053,2026-08-11 22:32:00,Santa Cruz,CAM-10,CHO-142,434,434.0,72,54.1,1,1,1,order_id,True
2154,ORD-2026-02154,CLI-016,PROD-033,2026-08-09 06:28:00,Tarija,CAM-12,CHO-088,296,,72,58.2,1,1,1,cantidad_entregada,True
2202,ORD-2026-02202,CLI-059,PROD-053,2026-08-21 20:10:00,Tarija,CAM-26,CHO-122,323,,24,14.5,1,1,1,cantidad_entregada,True
2266,ORD-2026-02266,CLI-069,PROD-024,2026-08-09 03:06:00,La Paz,CAM-09,CHO-134,133,,48,44.2,1,1,1,cantidad_entregada,True
2278,ORD-2026-02278,CLI-044,PROD-032,2026-08-14 20:08:00,La Paz,CAM-15,CHO-091,183,,48,37.9,1,1,1,cantidad_entregada,True
2326, ord-2026-02326 ,CLI-047,PROD-006,2026-08-14 15:09:00,La Paz,CAM-30,CHO-040,123,115.0,72,48.9,1,0,0,order_id,True
2327,ORD-2026-02327,CLI-069,PROD-023,2026-08-22 22:16:00,Cochabamba,CAM-08,CHO-130,376,376.0,72,-62.1,1,1,1,tiempo_entrega_real_hrs,True
2351,ORD-2026-02351,CLI-021,PROD-021,2026-08-23 05:35:00,Tarija,CAM-26,CHO-050,63,63.0,48,-34.3,1,1,1,tiempo_entrega_real_hrs,True
2356,ORD-2026-02356,CLI-072,PROD-038,11/08/2026 20:57,Oruro,CAM-05,CHO-051,37,37.0,48,38.2,1,1,1,fecha_despacho,True
2403,ORD-2026-02403,CLI-053,PROD-011,2026-08-04 10:58:00,Oruro,CAM-05,CHO-136,233,,48,51.5,0,1,0,cantidad_entregada,True
2432,ORD-2026-02432,CLI-042,PROD-045,2026-08-18 05:22:00,Oruro,CAM-02,CHO-136,47,,48,38.8,1,1,1,cantidad_entregada,True
2438,ORD-2026-02438,CLI-032,PROD-016,2026-08-18 20:11:00,Santa Cruz,CAM-11,CHO-095,25,,48,41.8,1,1,1,cantidad_entregada,True
2443, ord-2026-02443 ,CLI-024,PROD-025,2026-08-14 20:04:00,Oruro,CAM-05,CHO-038,166,166.0,24,22.0,1,1,1,order_id,True
2446,ORD-2026-02446,CLI-082,PROD-002,2026-08-18 19:51:00,Cochabamba,CAM-19,CHO-006,129,129.0,24,-19.0,1,1,1,tiempo_entrega_real_hrs,True
2456,ORD-2026-02456,CLI-063,PROD-011,2026-08-25 10:04:00,Tarija,CAM-03,CHO-056,348,,48,49.6,0,1,0,cantidad_entregada,True
2490,ORD-2026-02490,CLI-065,PROD-015,05/08/2026 03:57,Oruro,CAM-05,CHO-118,499,499.0,24,19.0,1,1,1,fecha_despacho,True
2503,ORD-2026-02503, cli-034 ,PROD-037,2026-08-07 18:33:00,Santa Cruz,CAM-21,CHO-128,484,484.0,24,19.9,1,1,1,cliente_id,True
2511, ord-2026-02511 ,CLI-087,PROD-038,2026-08-20 15:26:00,Santa Cruz,CAM-20,CHO-004,130,130.0,24,22.1,1,1,1,order_id,True
2547, ord-2026-02547 ,CLI-051,PROD-012,2026-08-22 20:50:00,Tarija,CAM-12,CHO-056,329,316.0,72,60.9,1,0,0,order_id,True
2548,ORD-2026-02548, cli-075 ,PROD-055,2026-08-02 02:48:00,Cochabamba,CAM-01,CHO-112,358,358.0,48,42.5,1,1,1,cliente_id,True
2578,ORD-2026-02578, cli-023 ,PROD-011,2026-08-05 15:46:00,Cochabamba,CAM-22,CHO-019,180,180.0,72,58.4,1,1,1,cliente_id,True
2584, ord-2026-02584 ,CLI-028,PROD-015,2026-08-29 00:38:00,Cochabamba,CAM-08,CHO-087,69,69.0,24,17.6,1,1,1,order_id,True
2606, ord-2026-02606 ,CLI-031,PROD-035,2026-08-29 03:45:00,Santa Cruz,CAM-20,CHO-028,119,119.0,48,34.7,1,1,1,order_id,True
2623, ord-2026-02623 ,CLI-073,PROD-015,2026-08-02 23:41:00,Tarija,CAM-03,CHO-132,125,125.0,48,46.4,1,1,1,order_id,True
2631, ord-2026-02631 ,CLI-066,PROD-027,2026-08-05 01:08:00,Tarija,CAM-12,CHO-009,295,295.0,24,19.1,1,1,1,order_id,True
2641,ORD-2026-02641,CLI-014,PROD-023,2026-08-26 17:11:00,Oruro,CAM-05,CHO-022,327,,48,46.4,1,1,1,cantidad_entregada,True
2683, ord-2026-02683 ,CLI-058,PROD-045,2026-08-15 12:29:00,Tarija,CAM-12,CHO-043,474,474.0,48,54.0,0,1,0,order_id,True
2739, ord-2026-02739 ,CLI-012,PROD-029,2026-08-28 03:19:00,Cochabamba,CAM-01,CHO-108,236,236.0,72,88.3,0,1,0,order_id,True
2784,ORD-2026-02784,CLI-014,PROD-029,2026-02-31 08:00:00,La Paz,CAM-30,CHO-071,423,423.0,48,36.1,1,1,1,fecha_despacho,True
2838,ORD-2026-02838,CLI-081,PROD-059,2026-08-03 03:30:00,Oruro,CAM-05,CHO-038,163,,48,30.4,1,1,1,cantidad_entregada,True
2954,ORD-2026-02954,CLI-025,PROD-057,2026-08-26 09:20:00,Oruro,CAM-05,CHO-150,198,198.0,24,-21.1,1,1,1,tiempo_entrega_real_hrs,True
3015,ORD-2026-03015,CLI-056,PROD-049,24/08/2026 13:09,La Paz,CAM-09,CHO-071,161,161.0,48,39.6,1,1,1,fecha_despacho,True
3082,ORD-2026-03082,CLI-055,PROD-018,2026-02-31 08:00:00,Santa Cruz,CAM-11,CHO-046,169,169.0,24,21.6,1,1,1,fecha_despacho,True
3083,ORD-2026-03083,CLI-087,PROD-023,2026-08-30 22:41:00,La Paz,CAM-28,CHO-007,364,,48,43.2,1,1,1,cantidad_entregada,True
3124,ORD-2026-03124,CLI-060,PROD-050,2026-08-13 11:47:00,Tarija,CAM-12,CHO-015,487,,72,43.5,1,1,1,cantidad_entregada,True
3141,ORD-2026-03141,CLI-041,PROD-035,2026-08-15 22:11:00,La Paz,CAM-28,CHO-066,371,,24,22.4,1,1,1,cantidad_entregada,True
3176, ord-2026-03176 ,CLI-014,PROD-004,2026-08-07 22:44:00,Santa Cruz,CAM-29,CHO-076,106,106.0,72,60.6,1,1,1,order_id,True
3188,ORD-2026-03188,CLI-010,PROD-055,2026-08-25 09:18:00,Oruro,CAM-07,CHO-098,443,,72,70.2,1,1,1,cantidad_entregada,True
3194, ord-2026-03194 ,CLI-053,PROD-010,2026-08-07 09:29:00,Santa Cruz,CAM-20,CHO-097,91,91.0,24,22.0,1,1,1,order_id,True
3228,ORD-2026-03228,CLI-009,PROD-027,2026-08-05 08:01:00,La Paz,CAM-15,CHO-040,229,,72,74.1,0,1,0,cantidad_entregada,True
3242,ORD-2026-03242,CLI-025,PROD-048,2026-08-15 03:10:00,La Paz,CAM-30,CHO-083,454,,48,38.7,1,1,1,cantidad_entregada,True
3247,ORD-2026-03247,CLI-011,PROD-014,2026-08-20 05:54:00,La Paz,CAM-30,CHO-052,141,,24,23.1,1,1,1,cantidad_entregada,True
3265,ORD-2026-03265,CLI-087,PROD-051,2026-08-02 07:23:00,Oruro,CAM-05,CHO-032,480,,24,16.9,1,0,0,cantidad_entregada,True
3324, ord-2026-03324 ,CLI-010,PROD-022,2026-08-06 14:05:00,Cochabamba,CAM-22,CHO-115,408,395.0,72,52.2,1,0,0,order_id,True
3385,ORD-2026-03385,CLI-079, prod-056 ,2026-08-16 20:31:00,La Paz,CAM-28,CHO-093,480,480.0,24,18.4,1,1,1,producto_id,True
3498,ORD-2026-03498,CLI-016,PROD-028,2026-08-05 15:01:00,Cochabamba,CAM-19,CHO-016,cincuenta,205.0,48,41.5,1,1,1,cantidad_solicitada,True
3544,ORD-2026-03544,CLI-046, prod-023 ,2026-08-17 14:57:00,Cochabamba,CAM-22,CHO-131,16,16.0,48,53.6,0,1,0,producto_id,True
3565,ORD-2026-03565, cli-009 ,PROD-040,2026-08-06 16:18:00,Oruro,CAM-05,CHO-022,339,339.0,24,16.1,1,1,1,cliente_id,True
3679,ORD-2026-03679,CLI-033,PROD-059,2026-08-10 10:42:00,Santa Cruz,CAM-13,CHO-074,366,,24,15.9,1,1,1,cantidad_entregada,True
3781,ORD-2026-03781,CLI-039,PROD-051,2026-08-14 07:44:00,Oruro,CAM-05,CHO-038,cincuenta,,24,22.2,1,1,1,cantidad_entregada|cantidad_solicitada,True
3791, ord-2026-03791 ,CLI-025,PROD-007,2026-08-18 15:15:00,Cochabamba,CAM-19,CHO-019,354,354.0,24,23.4,1,1,1,order_id,True
3809,ORD-2026-03809,CLI-009,PROD-052,2026-08-16 15:00:00,La Paz,CAM-28,CHO-027,488,,24,27.1,0,1,0,cantidad_entregada,True
3844,ORD-2026-03844,CLI-067,PROD-031,2026-08-21 12:50:00,Cochabamba,CAM-22,CHO-138,137,,24,17.1,1,1,1,cantidad_entregada,True
3872,ORD-2026-03872, cli-068 ,PROD-035,2026-08-09 20:12:00,Tarija,CAM-03,CHO-026,258,258.0,24,10.9,1,1,1,cliente_id,True
3878,ORD-2026-03878,CLI-055, prod-053 ,2026-08-22 19:52:00,Cochabamba,CAM-08,CHO-130,296,296.0,24,20.7,1,1,1,producto_id,True
3885, ord-2026-03885 ,CLI-020,PROD-054,2026-08-05 14:42:00,Tarija,CAM-26,CHO-122,381,381.0,24,23.0,1,1,1,order_id,True
3895,ORD-2026-03895,CLI-041, prod-029 ,2026-08-15 20:50:00,Oruro,CAM-24,CHO-136,231,231.0,72,48.9,1,1,1,producto_id,True
3905,ORD-2026-03905, cli-088 ,PROD-024,2026-08-28 03:28:00,La Paz,CAM-27,CHO-148,179,179.0,48,38.3,1,1,1,cliente_id,True
3982,ORD-2026-03982,CLI-069,PROD-003,2026-08-02 17:21:00,Cochabamba,CAM-23,CHO-108,89,,24,23.7,1,1,1,cantidad_entregada,True
4006,ORD-2026-04006, cli-007 ,PROD-035,2026-08-28 09:09:00,Oruro,CAM-05,CHO-117,410,410.0,48,53.2,0,1,0,cliente_id,True
4066, ord-2026-04066 ,CLI-028,PROD-038,2026-08-08 03:17:00,Cochabamba,CAM-01,CHO-112,422,422.0,24,16.5,1,1,1,order_id,True
4115,ORD-2026-04115,CLI-088, prod-041 ,2026-08-26 09:05:00,Oruro,CAM-05,CHO-118,149,149.0,24,22.5,1,1,1,producto_id,True
4126,ORD-2026-04126,CLI-020,PROD-050,2026-08-19 06:56:00,Oruro,CAM-05,CHO-067,307,,24,25.3,0,1,0,cantidad_entregada,True
4164,ORD-2026-04164,CLI-040,PROD-049,13/08/2026 10:03,La Paz,CAM-28,CHO-064,398,398.0,72,48.5,1,1,1,fecha_despacho,True
4227, ord-2026-04227 ,CLI-085,PROD-011,2026-08-27 07:52:00,La Paz,CAM-28,CHO-093,104,104.0,48,32.2,1,1,1,order_id,True
4304,ORD-2026-04304,CLI-007, prod-001 ,2026-08-09 05:30:00,Tarija,CAM-12,CHO-050,385,385.0,72,43.3,1,1,1,producto_id,True
4343,ORD-2026-04343,CLI-091,PROD-041,2026-08-11 23:48:00,Santa Cruz,CAM-06,CHO-128,cincuenta,442.0,72,52.4,1,1,1,cantidad_solicitada,True
4356,ORD-2026-04356, cli-061 ,PROD-005,2026-08-24 18:27:00,Cochabamba,CAM-22,CHO-111,313,313.0,48,40.9,1,1,1,cliente_id,True
4376, ord-2026-04376 ,CLI-071,PROD-049,2026-08-11 23:45:00,Cochabamba,CAM-23,CHO-068,88,88.0,72,60.3,1,1,1,order_id,True
4391, ord-2026-04391 ,CLI-021,PROD-045,2026-08-27 23:04:00,Oruro,CAM-24,CHO-038,103,103.0,48,31.7,1,1,1,order_id,True
4539,ORD-2026-04539,CLI-028,PROD-029,2026-08-25 20:21:00,Cochabamba,CAM-08,CHO-089,cincuenta,336.0,48,42.5,1,1,1,cantidad_solicitada,True
4551,ORD-2026-04551,CLI-066, prod-042 ,2026-08-01 12:27:00,La Paz,CAM-27,CHO-127,370,370.0,72,67.2,1,1,1,producto_id,True
4557,ORD-2026-04557,CLI-079,PROD-045,2026-08-13 01:45:00,Santa Cruz,CAM-10,CHO-059,407,,48,49.3,0,1,0,cantidad_entregada,True
4595, ord-2026-04595 ,CLI-047,PROD-017,2026-08-04 10:16:00,Santa Cruz,CAM-13,CHO-103,238,238.0,72,65.6,1,1,1,order_id,True
4641, ord-2026-04641 ,CLI-090,PROD-007,2026-08-11 20:08:00,Tarija,CAM-26,CHO-122,410,410.0,24,14.5,1,1,1,order_id,True
4700, ord-2026-04700 ,CLI-084,PROD-015,2026-08-24 02:19:00,Santa Cruz,CAM-14,CHO-034,283,283.0,48,37.5,1,1,1,order_id,True
4705,ORD-2026-04705,CLI-064,PROD-006,07/08/2026 01:35,Santa Cruz,CAM-10,CHO-070,371,371.0,48,41.7,1,1,1,fecha_despacho,True
4721,ORD-2026-04721,CLI-014,PROD-004,2026-08-11 09:29:00,La Paz,CAM-15,CHO-083,225,,48,42.7,1,1,1,cantidad_entregada,True
4752,ORD-2026-04752, cli-058 ,PROD-057,2026-08-03 16:44:00,Santa Cruz,CAM-18,CHO-070,132,132.0,72,50.7,1,1,1,cliente_id,True
4762,ORD-2026-04762,CLI-023,PROD-047,2026-08-04 17:53:00,Tarija,CAM-12,CHO-008,410,,48,50.6,0,1,0,cantidad_entregada,True
4784,ORD-2026-04784,CLI-017,PROD-028,2026-08-15 07:56:00,Santa Cruz,CAM-25,CHO-062,87,87.0,24,-24.3,0,1,0,tiempo_entrega_real_hrs,True
4849,ORD-2026-04849,CLI-080,PROD-055,2026-08-11 22:47:00,Santa Cruz,CAM-18,CHO-128,343,,72,78.2,0,1,0,cantidad_entregada,True
4877,ORD-2026-04877,CLI-049,PROD-010,2026-08-29 11:27:00,Cochabamba,CAM-08,CHO-041,312,,24,19.3,1,1,1,cantidad_entregada,True
4880,ORD-2026-04880,CLI-080,PROD-003,2026-08-17 20:21:00,Oruro,CAM-05,CHO-117,165,,24,18.7,1,1,1,cantidad_entregada,True
4885,ORD-2026-04885,CLI-023,PROD-050,2026-08-05 20:32:00,Tarija,CAM-03,CHO-026,cincuenta,320.0,48,32.8,1,1,1,cantidad_solicitada,True
4886,ORD-2026-04886,CLI-093,PROD-054,2026-08-08 08:17:00,Santa Cruz,CAM-21,CHO-123,80,,48,33.3,1,1,1,cantidad_entregada,True
4954,ORD-2026-04954,CLI-002, prod-031 ,2026-08-12 08:03:00,Santa Cruz,CAM-20,CHO-114,222,222.0,24,18.0,1,1,1,producto_id,True
4967,ORD-2026-04967,CLI-026,PROD-032,2026-08-01 06:24:00,Cochabamba,CAM-22,CHO-068,cincuenta,11.0,24,15.2,1,1,1,cantidad_solicitada,True
5004, ord-2026-05004 ,CLI-029,PROD-050,2026-08-22 19:24:00,Cochabamba,CAM-22,CHO-124,234,234.0,72,68.1,1,1,1,order_id,True
5012,ORD-2026-05012, cli-002 ,PROD-052,2026-08-26 09:15:00,Oruro,CAM-05,CHO-032,208,208.0,48,51.2,0,1,0,cliente_id,True
5026,ORD-2026-05026,CLI-072,PROD-013,2026-08-07 22:59:00,La Paz,CAM-09,CHO-002,162,,24,13.2,1,1,1,cantidad_entregada,True
5031, ord-2026-05031 ,CLI-006,PROD-004,2026-08-20 15:48:00,Tarija,CAM-03,CHO-048,171,171.0,24,21.3,1,1,1,order_id,True
5069,ORD-2026-05069,CLI-097, prod-040 ,2026-08-11 02:54:00,Oruro,CAM-05,CHO-118,113,105.0,24,16.4,1,0,0,producto_id,True
5096,ORD-2026-05096,CLI-060,PROD-035,03/08/2026 13:33,La Paz,CAM-09,CHO-066,292,292.0,24,16.8,1,1,1,fecha_despacho,True
5112,ORD-2026-05112,CLI-024,PROD-005,2026-08-21 08:45:00,La Paz,CAM-28,CHO-049,118,,24,20.5,1,1,1,cantidad_entregada,True
5120,ORD-2026-05120,CLI-018,PROD-036,2026-02-31 08:00:00,Santa Cruz,CAM-13,CHO-059,463,463.0,48,44.5,1,1,1,fecha_despacho,True
5146, ord-2026-05146 ,CLI-097,PROD-048,2026-08-27 09:07:00,La Paz,CAM-30,CHO-002,53,53.0,72,51.9,1,1,1,order_id,True
5177,ORD-2026-05177,CLI-056,PROD-015,2026-08-11 03:02:00,La Paz,CAM-09,CHO-134,cincuenta,175.0,48,43.3,1,1,1,cantidad_solicitada,True
5228, ord-2026-05228 ,CLI-054,PROD-006,2026-08-24 03:13:00,Santa Cruz,CAM-10,CHO-113,190,190.0,24,17.4,1,1,1,order_id,True
5233,ORD-2026-05233,CLI-022,PROD-018,2026-08-25 16:15:00,Cochabamba,CAM-23,CHO-143,140,,48,35.3,1,1,1,cantidad_entregada,True
5343,ORD-2026-05343,CLI-012,PROD-058,2026-08-11 04:31:00,Cochabamba,CAM-17,CHO-073,43,,24,17.7,1,1,1,cantidad_entregada,True
5429,ORD-2026-05429, cli-029 ,PROD-036,2026-08-27 02:15:00,Cochabamba,CAM-01,CHO-033,321,321.0,48,34.9,1,1,1,cliente_id,True
5437,ORD-2026-05437,CLI-033,PROD-033,2026-08-16 14:25:00,Cochabamba,CAM-08,CHO-014,37,37.0,48,-48.6,0,1,0,tiempo_entrega_real_hrs,True
5443, ord-2026-05443 ,CLI-008,PROD-011,2026-08-02 11:10:00,La Paz,CAM-09,CHO-057,255,255.0,48,43.2,1,1,1,order_id,True
5526,ORD-2026-05526,CLI-046, prod-004 ,2026-08-02 21:15:00,Tarija,CAM-12,CHO-050,46,46.0,72,69.7,1,1,1,producto_id,True
5541, ord-2026-05541 ,CLI-026,PROD-030,2026-08-27 11:01:00,Santa Cruz,CAM-18,CHO-018,468,468.0,72,55.0,1,1,1,order_id,True
5554,ORD-2026-05554,CLI-030,PROD-044,2026-08-14 22:25:00,Santa Cruz,CAM-20,CHO-101,168,,48,41.1,1,0,0,cantidad_entregada,True
5584,ORD-2026-05584,CLI-019,PROD-032,23/08/2026 06:43,Tarija,CAM-03,CHO-044,116,116.0,48,45.9,1,1,1,fecha_despacho,True
5593,ORD-2026-05593, cli-089 ,PROD-031,2026-08-12 18:52:00,Oruro,CAM-05,CHO-032,202,202.0,48,38.4,1,1,1,cliente_id,True
5663, ord-2026-05663 ,CLI-051,PROD-038,2026-08-30 09:11:00,Santa Cruz,CAM-13,CHO-020,151,151.0,48,44.6,1,1,1,order_id,True
5732,ORD-2026-05732,CLI-100, prod-011 ,2026-08-12 00:45:00,Santa Cruz,CAM-20,CHO-085,155,155.0,24,19.5,1,1,1,producto_id,True
5738, ord-2026-05738 ,CLI-019,PROD-052,2026-08-05 22:58:00,La Paz,CAM-28,CHO-084,257,257.0,48,43.1,1,1,1,order_id,True
5824,ORD-2026-05824,CLI-049,PROD-016,01/08/2026 23:42,Cochabamba,CAM-08,CHO-130,79,79.0,48,31.9,1,1,1,fecha_despacho,True
5829,ORD-2026-05829,CLI-044,PROD-016,2026-08-16 00:13:00,Oruro,CAM-24,CHO-110,444,,48,38.1,1,1,1,cantidad_entregada,True
5849,ORD-2026-05849,CLI-058,PROD-003,2026-08-29 14:18:00,Oruro,CAM-05,CHO-119,264,,24,20.8,1,1,1,cantidad_entregada,True
5893,ORD-2026-05893,CLI-042,PROD-037,2026-08-05 00:42:00,Santa Cruz,CAM-29,CHO-035,174,174.0,72,-51.8,1,1,1,tiempo_entrega_real_hrs,True
5942, ord-2026-05942 ,CLI-012,PROD-003,2026-08-02 11:15:00,Oruro,CAM-05,CHO-003,289,289.0,24,19.2,1,1,1,order_id,True
5969,ORD-2026-05969, cli-087 ,PROD-057,2026-08-06 14:10:00,Tarija,CAM-12,CHO-010,22,22.0,72,55.1,1,1,1,cliente_id,True
6005,ORD-2026-06005,CLI-078,PROD-050,09/08/2026 04:29,Santa Cruz,CAM-14,CHO-034,126,126.0,48,45.3,1,1,1,fecha_despacho,True
6030,ORD-2026-06030,CLI-059,PROD-018,2026-08-11 04:48:00,Tarija,CAM-12,CHO-146,33,,48,49.7,0,1,0,cantidad_entregada,True
6069,ORD-2026-06069, cli-062 ,PROD-021,2026-08-08 13:10:00,Oruro,CAM-16,CHO-144,434,434.0,48,28.3,1,1,1,cliente_id,True
6135,ORD-2026-06135,CLI-004,PROD-004,2026-08-23 10:11:00,La Paz,CAM-28,CHO-023,269,,72,70.0,1,1,1,cantidad_entregada,True
6149,ORD-2026-06149,CLI-024,PROD-025,2026-08-07 16:28:00,La Paz,CAM-28,CHO-084,cincuenta,462.0,72,78.1,0,1,0,cantidad_solicitada,True
6179,ORD-2026-06179,CLI-086,PROD-005,2026-08-30 05:51:00,Tarija,CAM-12,CHO-044,189,,24,25.2,0,1,0,cantidad_entregada,True
6199,ORD-2026-06199,CLI-083,PROD-047,2026-08-24 17:29:00,La Paz,CAM-27,CHO-064,300,,72,51.9,1,1,1,cantidad_entregada,True
6248,ORD-2026-06248,CLI-074,PROD-030,2026-08-30 02:55:00,Cochabamba,CAM-23,CHO-068,343,,24,19.4,1,1,1,cantidad_entregada,True
6285, ord-2026-06285 ,CLI-055,PROD-057,2026-08-09 06:39:00,Tarija,CAM-26,CHO-009,230,230.0,72,32.0,1,1,1,order_id,True
6293, ord-2026-06293 ,CLI-029,PROD-058,2026-08-12 01:24:00,Oruro,CAM-02,CHO-003,46,46.0,24,18.9,1,1,1,order_id,True
6315,ORD-2026-06315,CLI-004,PROD-007,17/08/2026 23:52,Oruro,CAM-24,CHO-051,304,304.0,24,16.0,1,1,1,fecha_despacho,True
6329,ORD-2026-06329,CLI-052,PROD-032,2026-08-25 04:53:00,Tarija,CAM-26,CHO-015,37,,48,39.7,1,0,0,cantidad_entregada,True
6333,ORD-2026-06333,CLI-097,PROD-004,2026-08-12 06:45:00,Cochabamba,CAM-23,CHO-041,51,,72,82.8,0,0,0,cantidad_entregada,True
6365,ORD-2026-06365,CLI-026, prod-053 ,2026-08-08 19:55:00,Santa Cruz,CAM-06,CHO-097,186,186.0,48,48.9,0,1,0,producto_id,True
6368,ORD-2026-06368,CLI-057,PROD-041,2026-08-08 00:30:00,Santa Cruz,CAM-20,CHO-141,106,106.0,72,-70.0,1,1,1,tiempo_entrega_real_hrs,True
6382,ORD-2026-06382,CLI-015,PROD-059,2026-08-26 03:47:00,Tarija,CAM-12,CHO-045,155,,48,31.2,1,1,1,cantidad_entregada,True
6388,ORD-2026-06388,CLI-008,PROD-050,12/08/2026 16:33,Oruro,CAM-05,CHO-110,346,346.0,24,20.3,1,1,1,fecha_despacho,True
6499, ord-2026-06499 ,CLI-032,PROD-048,2026-08-18 00:54:00,Cochabamba,CAM-08,CHO-145,280,280.0,24,16.2,1,1,1,order_id,True
6530,ORD-2026-06530,CLI-069,PROD-022,2026-08-20 17:51:00,Tarija,CAM-03,CHO-031,cincuenta,431.0,24,21.3,1,1,1,cantidad_solicitada,True
6680, ord-2026-06680 ,CLI-065,PROD-054,2026-08-18 12:08:00,Santa Cruz,CAM-10,CHO-104,93,93.0,24,18.9,1,1,1,order_id,True
6856, ord-2026-06856 ,CLI-005,PROD-005,2026-08-02 06:34:00,Tarija,CAM-26,CHO-043,408,408.0,24,15.8,1,1,1,order_id,True
6881,ORD-2026-06881,CLI-090,PROD-044,2026-08-14 21:18:00,La Paz,CAM-15,CHO-021,422,,24,17.6,1,1,1,cantidad_entregada,True
7015,ORD-2026-07015,CLI-056,PROD-042,2026-08-24 08:42:00,Tarija,CAM-26,CHO-122,cincuenta,55.0,24,19.1,1,1,1,cantidad_solicitada,True
7143,ORD-2026-07143,CLI-063,PROD-026,2026-08-11 10:34:00,Tarija,CAM-26,CHO-048,498,,72,45.4,1,1,1,cantidad_entregada,True
7151, ord-2026-07151 ,CLI-038,PROD-054,2026-08-29 18:03:00,Santa Cruz,CAM-29,CHO-030,51,51.0,48,35.8,1,1,1,order_id,True
7200,ORD-2026-07200,CLI-014,PROD-010,2026-08-21 06:07:00,La Paz,CAM-28,CHO-091,422,422.0,24,-22.8,1,1,1,tiempo_entrega_real_hrs,True
7212,ORD-2026-07212,CLI-050,PROD-014,2026-08-05 01:09:00,La Paz,CAM-15,CHO-072,261,,24,21.0,1,1,1,cantidad_entregada,True
7248,ORD-2026-07248, cli-028 ,PROD-004,2026-08-10 12:52:00,Oruro,CAM-16,CHO-051,281,281.0,48,36.0,1,1,1,cliente_id,True
7324,ORD-2026-07324,CLI-071,PROD-028,2026-02-31 08:00:00,La Paz,CAM-28,CHO-005,106,105.0,48,34.9,1,0,0,fecha_despacho,True
7325,ORD-2026-07325, cli-057 ,PROD-006,2026-08-08 17:11:00,La Paz,CAM-27,CHO-064,168,168.0,48,34.3,1,1,1,cliente_id,True
7383,ORD-2026-07383,CLI-008, prod-026 ,2026-08-12 10:18:00,Oruro,CAM-05,CHO-067,259,259.0,72,71.8,1,1,1,producto_id,True
7440,ORD-2026-07440,CLI-065,PROD-049,02/08/2026 02:48,La Paz,CAM-28,CHO-126,354,354.0,24,14.2,1,1,1,fecha_despacho,True
7455,ORD-2026-07455,CLI-013,PROD-028,2026-08-25 18:04:00,La Paz,CAM-27,CHO-148,240,,24,18.7,1,1,1,cantidad_entregada,True
7465,ORD-2026-07465, cli-099 ,PROD-048,2026-08-18 22:03:00,Oruro,CAM-24,CHO-117,390,390.0,24,25.5,0,1,0,cliente_id,True
7490,ORD-2026-07490,CLI-015,PROD-055,2026-08-05 15:11:00,Cochabamba,CAM-08,CHO-058,293,293.0,24,-19.0,1,1,1,tiempo_entrega_real_hrs,True
7501,ORD-2026-00866,CLI-007,PROD-057,2026-08-05 00:56:00,Santa Cruz,CAM-11,CHO-030,206,206.0,72,63.2,1,1,1,order_id,True
7502,ORD-2026-06883,CLI-049,PROD-023,2026-08-21 16:56:00,Oruro,CAM-05,CHO-110,337,337.0,48,35.6,1,1,1,order_id,True
7503,ORD-2026-04429,CLI-010,PROD-019,2026-08-06 00:20:00,La Paz,CAM-09,CHO-052,94,94.0,72,42.0,1,1,1,order_id,True
7504,ORD-2026-03573,CLI-045,PROD-003,2026-08-12 20:58:00,Tarija,CAM-26,CHO-008,435,435.0,48,47.2,1,1,1,order_id,True
7505,ORD-2026-01161,CLI-037,PROD-007,2026-08-09 08:13:00,Cochabamba,CAM-22,CHO-112,451,451.0,48,31.1,1,1,1,order_id,True
7506,ORD-2026-00505,CLI-006,PROD-034,2026-08-04 11:01:00,Cochabamba,CAM-08,CHO-068,331,331.0,24,19.3,1,1,1,order_id,True
7507,ORD-2026-03394,CLI-094,PROD-012,2026-08-17 18:19:00,Tarija,CAM-12,CHO-010,218,218.0,24,19.1,1,1,1,order_id,True
7508,ORD-2026-02354,CLI-004,PROD-060,2026-08-21 22:28:00,Tarija,CAM-12,CHO-031,243,243.0,48,34.3,1,1,1,order_id,True
7509,ORD-2026-06785,CLI-010,PROD-019,2026-08-12 18:39:00,Tarija,CAM-03,CHO-105,245,245.0,24,19.4,1,1,1,order_id,True
7510,ORD-2026-04855,CLI-029,PROD-016,2026-08-09 12:28:00,La Paz,CAM-28,CHO-126,435,419.0,48,39.4,1,0,0,order_id,True
7511,ORD-2026-00959,CLI-012,PROD-045,2026-08-10 13:56:00,Oruro,CAM-07,CHO-150,121,121.0,48,38.6,1,1,1,order_id,True
7512,ORD-2026-00634,CLI-090,PROD-038,2026-08-07 20:34:00,Cochabamba,CAM-19,CHO-140,347,347.0,48,52.5,0,1,0,order_id,True
7513,ORD-2026-02996,CLI-006,PROD-058,2026-08-06 12:59:00,Tarija,CAM-12,CHO-009,389,389.0,72,63.5,1,1,1,order_id,True
7514,ORD-2026-01428,CLI-093,PROD-046,2026-08-29 04:08:00,Santa Cruz,CAM-06,CHO-129,296,296.0,72,70.8,1,1,1,order_id,True
7515,ORD-2026-05440,CLI-015,PROD-034,2026-08-10 13:16:00,Oruro,CAM-02,CHO-136,197,197.0,72,58.7,1,1,1,order_id,True
7516,ORD-2026-01466,CLI-035,PROD-033,2026-08-19 13:09:00,La Paz,CAM-09,CHO-137,486,486.0,72,87.2,0,1,0,order_id,True
7517,ORD-2026-05397,CLI-009,PROD-037,24/08/2026 03:55,Oruro,CAM-16,CHO-038,377,364.0,24,14.9,1,0,0,fecha_despacho|order_id,True
7518,ORD-2026-00963,CLI-025,PROD-053,2026-08-16 07:58:00,Oruro,CAM-02,CHO-032,364,364.0,72,70.3,1,1,1,order_id,True
7519,ORD-2026-02362,CLI-074,PROD-032,2026-08-23 04:12:00,Oruro,CAM-05,CHO-117,437,437.0,24,20.4,1,1,1,order_id,True
7520,ORD-2026-01743,CLI-069,PROD-021,2026-08-24 13:22:00,Tarija,CAM-12,CHO-132,346,346.0,72,62.0,1,1,1,order_id,True
7521,ORD-2026-06102,CLI-075,PROD-021,2026-08-14 11:38:00,Santa Cruz,CAM-06,CHO-113,212,212.0,48,31.9,1,1,1,order_id,True
7522,ORD-2026-02799,CLI-041,PROD-033,2026-08-01 03:58:00,Santa Cruz,CAM-10,CHO-024,39,39.0,48,41.5,1,1,1,order_id,True
7523,ORD-2026-05945,CLI-026,PROD-030,2026-08-28 08:01:00,Cochabamba,CAM-08,CHO-094,464,464.0,72,60.7,1,1,1,order_id,True
7524,ORD-2026-03487,CLI-053,PROD-033,2026-08-25 20:08:00,Tarija,CAM-12,CHO-045,466,459.0,24,19.5,1,0,0,order_id,True
7525,ORD-2026-06587,CLI-018,PROD-017,2026-08-22 16:47:00,Tarija,CAM-03,CHO-050,265,265.0,72,52.8,1,1,1,order_id,True
7526,ORD-2026-01910,CLI-096,PROD-012,2026-08-29 10:28:00,Santa Cruz,CAM-20,CHO-024,251,251.0,48,47.3,1,1,1,order_id,True
7527,ORD-2026-04468,CLI-061,PROD-010,2026-08-27 14:21:00,Tarija,CAM-26,CHO-008,176,176.0,24,17.3,1,1,1,order_id,True
7528,ORD-2026-03584,CLI-044,PROD-048,2026-08-04 17:01:00,Oruro,CAM-24,CHO-117,26,26.0,24,17.0,1,1,1,order_id,True
7529,ORD-2026-06978,CLI-035,PROD-011,2026-08-26 22:17:00,Oruro,CAM-05,CHO-150,96,96.0,48,41.8,1,1,1,order_id,True
7530,ORD-2026-04440,CLI-023,PROD-022,2026-08-25 13:35:00,La Paz,CAM-28,CHO-072,206,206.0,48,41.6,1,1,1,order_id,True
7531,ORD-2026-00316,CLI-048,PROD-030,2026-08-05 16:41:00,Santa Cruz,CAM-13,CHO-106,151,151.0,72,75.7,0,1,0,order_id,True
7532,ORD-2026-03160,CLI-091,PROD-028,2026-08-19 16:11:00,Santa Cruz,CAM-04,CHO-085,141,141.0,48,35.1,1,1,1,order_id,True
7533,ORD-2026-00363,CLI-042,PROD-008,2026-08-04 09:19:00,Cochabamba,CAM-23,CHO-140,487,471.0,72,48.9,1,0,0,order_id,True
7534,ORD-2026-01565,CLI-068,PROD-015,2026-08-09 07:11:00,La Paz,CAM-28,CHO-072,292,292.0,48,48.1,0,1,0,order_id,True
7535,ORD-2026-04279,CLI-090,PROD-055,2026-08-11 22:03:00,Cochabamba,CAM-22,CHO-090,171,171.0,48,35.3,1,1,1,order_id,True
7536,ORD-2026-00707,CLI-095,PROD-048,2026-08-11 15:37:00,Cochabamba,CAM-19,CHO-090,366,366.0,72,67.8,1,1,1,order_id,True
7537,ORD-2026-02597,CLI-077,PROD-043,2026-08-03 10:58:00,Santa Cruz,CAM-14,CHO-020,442,442.0,24,18.0,1,1,1,order_id,True
7538,ORD-2026-07407,CLI-025,PROD-028,2026-08-11 17:41:00,Cochabamba,CAM-01,CHO-069,173,173.0,72,62.5,1,1,1,order_id,True
7539,ORD-2026-01327,CLI-086,PROD-026,2026-08-04 06:50:00,La Paz,CAM-15,CHO-148,205,205.0,24,13.8,1,1,1,order_id,True
7540,ORD-2026-02320,CLI-021,PROD-013,2026-08-11 14:43:00,Tarija,CAM-12,CHO-009,162,162.0,48,31.1,1,1,1,order_id,True
7541,ORD-2026-00077,CLI-055,PROD-014,2026-08-29 09:30:00,Oruro,CAM-16,CHO-110,236,217.0,48,46.9,1,0,0,order_id,True
7542,ORD-2026-06953,CLI-059,PROD-020,2026-08-11 16:10:00,Santa Cruz,CAM-14,CHO-079,216,216.0,24,17.5,1,1,1,order_id,True
7543,ORD-2026-00738,CLI-042,PROD-060,2026-08-29 03:06:00,Tarija,CAM-12,CHO-122,130,130.0,24,19.5,1,1,1,order_id,True
7544,ORD-2026-04965,CLI-061,PROD-022,2026-08-01 06:29:00,Oruro,CAM-05,CHO-038,17,17.0,24,17.6,1,1,1,order_id,True
7545,ORD-2026-03955,CLI-064,PROD-030,2026-08-18 11:59:00,Oruro,CAM-05,CHO-150,431,429.0,72,69.2,1,0,0,order_id,True
7546,ORD-2026-04759,CLI-012,PROD-019,2026-08-28 07:10:00,Cochabamba,CAM-22,CHO-019,408,408.0,24,15.5,1,1,1,order_id,True
7547,ORD-2026-01598,CLI-071,PROD-039,2026-08-30 23:43:00,Tarija,CAM-26,CHO-036,444,439.0,24,16.3,1,0,0,order_id,True
7548,ORD-2026-00139,CLI-070,PROD-054,2026-08-06 13:41:00,Cochabamba,CAM-08,CHO-135,397,397.0,72,71.6,1,1,1,order_id,True
7549,ORD-2026-04209,CLI-048,PROD-046,2026-08-30 21:10:00,Santa Cruz,CAM-21,CHO-099,473,473.0,24,23.7,1,1,1,order_id,True
7550,ORD-2026-05949,CLI-046,PROD-010,2026-08-07 12:36:00,La Paz,CAM-28,CHO-039,23,23.0,72,66.8,1,1,1,order_id,True
