fila_bronze,clave_lectura,tipo_duplicado,decision_duplicado,fila_canonica,justificacion_duplicado
102,MOV-000102,IDENTICO,CANONICA,102,Las doce columnas originales son idénticas
6011,MOV-000102,IDENTICO,COPIA_EXCLUIDA,102,Las doce columnas originales son idénticas
190,MOV-000190,IDENTICO,CANONICA,190,Las doce columnas originales son idénticas
6028,MOV-000190,IDENTICO,COPIA_EXCLUIDA,190,Las doce columnas originales son idénticas
486,MOV-000486,IDENTICO,CANONICA,486,Las doce columnas originales son idénticas
6037,MOV-000486,IDENTICO,COPIA_EXCLUIDA,486,Las doce columnas originales son idénticas
734,MOV-000734,IDENTICO,CANONICA,734,Las doce columnas originales son idénticas
6021,MOV-000734,IDENTICO,COPIA_EXCLUIDA,734,Las doce columnas originales son idénticas
904,MOV-000904,IDENTICO,CANONICA,904,Las doce columnas originales son idénticas
6029,MOV-000904,IDENTICO,COPIA_EXCLUIDA,904,Las doce columnas originales son idénticas
978,MOV-000978,IDENTICO,CANONICA,978,Las doce columnas originales son idénticas
6009,MOV-000978,IDENTICO,COPIA_EXCLUIDA,978,Las doce columnas originales son idénticas
1055,MOV-001055,IDENTICO,CANONICA,1055,Las doce columnas originales son idénticas
6006,MOV-001055,IDENTICO,COPIA_EXCLUIDA,1055,Las doce columnas originales son idénticas
1094,MOV-001094,IDENTICO,CANONICA,1094,Las doce columnas originales son idénticas
6025,MOV-001094,IDENTICO,COPIA_EXCLUIDA,1094,Las doce columnas originales son idénticas
1648,MOV-001648,IDENTICO,CANONICA,1648,Las doce columnas originales son idénticas
6024,MOV-001648,IDENTICO,COPIA_EXCLUIDA,1648,Las doce columnas originales son idénticas
1735,MOV-001735,IDENTICO,CANONICA,1735,Las doce columnas originales son idénticas
6002,MOV-001735,IDENTICO,COPIA_EXCLUIDA,1735,Las doce columnas originales son idénticas
2305,MOV-002305,IDENTICO,CANONICA,2305,Las doce columnas originales son idénticas
6023,MOV-002305,IDENTICO,COPIA_EXCLUIDA,2305,Las doce columnas originales son idénticas
2648,MOV-002648,IDENTICO,CANONICA,2648,Las doce columnas originales son idénticas
6022,MOV-002648,IDENTICO,COPIA_EXCLUIDA,2648,Las doce columnas originales son idénticas
2654,MOV-002654,IDENTICO,CANONICA,2654,Las doce columnas originales son idénticas
6031,MOV-002654,IDENTICO,COPIA_EXCLUIDA,2654,Las doce columnas originales son idénticas
2656,MOV-002656,IDENTICO,CANONICA,2656,Las doce columnas originales son idénticas
6030,MOV-002656,IDENTICO,COPIA_EXCLUIDA,2656,Las doce columnas originales son idénticas
3014,MOV-003014,IDENTICO,CANONICA,3014,Las doce columnas originales son idénticas
6019,MOV-003014,IDENTICO,COPIA_EXCLUIDA,3014,Las doce columnas originales son idénticas
3016,MOV-003016,IDENTICO,CANONICA,3016,Las doce columnas originales son idénticas
6004,MOV-003016,IDENTICO,COPIA_EXCLUIDA,3016,Las doce columnas originales son idénticas
3073,MOV-003073,IDENTICO,CANONICA,3073,Las doce columnas originales son idénticas
6003,MOV-003073,IDENTICO,COPIA_EXCLUIDA,3073,Las doce columnas originales son idénticas
3224,MOV-003224,IDENTICO,CANONICA,3224,Las doce columnas originales son idénticas
6014,MOV-003224,IDENTICO,COPIA_EXCLUIDA,3224,Las doce columnas originales son idénticas
3560,MOV-003560,IDENTICO,CANONICA,3560,Las doce columnas originales son idénticas
6032,MOV-003560,IDENTICO,COPIA_EXCLUIDA,3560,Las doce columnas originales son idénticas
3592,MOV-003592,IDENTICO,CANONICA,3592,Las doce columnas originales son idénticas
6018,MOV-003592,IDENTICO,COPIA_EXCLUIDA,3592,Las doce columnas originales son idénticas
3665,MOV-003665,COMPLEMENTARIO,COPIA_EXCLUIDA,6039,Una fila presenta fecha_ingreso en formato ISO estándar
6039,MOV-003665,COMPLEMENTARIO,CANONICA,6039,Una fila presenta fecha_ingreso en formato ISO estándar
3990,MOV-003990,IDENTICO,CANONICA,3990,Las doce columnas originales son idénticas
6005,MOV-003990,IDENTICO,COPIA_EXCLUIDA,3990,Las doce columnas originales son idénticas
4061,MOV-004061,IDENTICO,CANONICA,4061,Las doce columnas originales son idénticas
6020,MOV-004061,IDENTICO,COPIA_EXCLUIDA,4061,Las doce columnas originales son idénticas
4092,MOV-004092,IDENTICO,CANONICA,4092,Las doce columnas originales son idénticas
6040,MOV-004092,IDENTICO,COPIA_EXCLUIDA,4092,Las doce columnas originales son idénticas
4374,MOV-004374,IDENTICO,CANONICA,4374,Las doce columnas originales son idénticas
6034,MOV-004374,IDENTICO,COPIA_EXCLUIDA,4374,Las doce columnas originales son idénticas
4399,MOV-004399,IDENTICO,CANONICA,4399,Las doce columnas originales son idénticas
6015,MOV-004399,IDENTICO,COPIA_EXCLUIDA,4399,Las doce columnas originales son idénticas
4400,MOV-004400,IDENTICO,CANONICA,4400,Las doce columnas originales son idénticas
6036,MOV-004400,IDENTICO,COPIA_EXCLUIDA,4400,Las doce columnas originales son idénticas
4534,MOV-004534,IDENTICO,CANONICA,4534,Las doce columnas originales son idénticas
6027,MOV-004534,IDENTICO,COPIA_EXCLUIDA,4534,Las doce columnas originales son idénticas
4588,MOV-004588,IDENTICO,CANONICA,4588,Las doce columnas originales son idénticas
6035,MOV-004588,IDENTICO,COPIA_EXCLUIDA,4588,Las doce columnas originales son idénticas
4597,MOV-004597,IDENTICO,CANONICA,4597,Las doce columnas originales son idénticas
6012,MOV-004597,IDENTICO,COPIA_EXCLUIDA,4597,Las doce columnas originales son idénticas
4614,MOV-004614,IDENTICO,CANONICA,4614,Las doce columnas originales son idénticas
6008,MOV-004614,IDENTICO,COPIA_EXCLUIDA,4614,Las doce columnas originales son idénticas
4746,MOV-004746,IDENTICO,CANONICA,4746,Las doce columnas originales son idénticas
6007,MOV-004746,IDENTICO,COPIA_EXCLUIDA,4746,Las doce columnas originales son idénticas
4748,MOV-004748,IDENTICO,CANONICA,4748,Las doce columnas originales son idénticas
6001,MOV-004748,IDENTICO,COPIA_EXCLUIDA,4748,Las doce columnas originales son idénticas
4997,MOV-004997,IDENTICO,CANONICA,4997,Las doce columnas originales son idénticas
6013,MOV-004997,IDENTICO,COPIA_EXCLUIDA,4997,Las doce columnas originales son idénticas
5017,MOV-005017,IDENTICO,CANONICA,5017,Las doce columnas originales son idénticas
6010,MOV-005017,IDENTICO,COPIA_EXCLUIDA,5017,Las doce columnas originales son idénticas
5267,MOV-005267,IDENTICO,CANONICA,5267,Las doce columnas originales son idénticas
6026,MOV-005267,IDENTICO,COPIA_EXCLUIDA,5267,Las doce columnas originales son idénticas
5441,MOV-005441,IDENTICO,CANONICA,5441,Las doce columnas originales son idénticas
6016,MOV-005441,IDENTICO,COPIA_EXCLUIDA,5441,Las doce columnas originales son idénticas
5588,MOV-005588,IDENTICO,CANONICA,5588,Las doce columnas originales son idénticas
6017,MOV-005588,IDENTICO,COPIA_EXCLUIDA,5588,Las doce columnas originales son idénticas
5749,MOV-005749,IDENTICO,CANONICA,5749,Las doce columnas originales son idénticas
6033,MOV-005749,IDENTICO,COPIA_EXCLUIDA,5749,Las doce columnas originales son idénticas
5819,MOV-005819,IDENTICO,CANONICA,5819,Las doce columnas originales son idénticas
6038,MOV-005819,IDENTICO,COPIA_EXCLUIDA,5819,Las doce columnas originales son idénticas
