fila_bronze,clave_lectura,tipo_duplicado,decision_duplicado,fila_canonica,justificacion_duplicado,camion_id_preparado
34,VIA-00002|2026-08-10 21:47:00,IDENTICO,CANONICA,34,Las diez columnas originales son idénticas,CAM-23
28833,VIA-00002|2026-08-10 21:47:00,IDENTICO,COPIA_EXCLUIDA,34,Las diez columnas originales son idénticas,CAM-23
648,VIA-00027|2026-08-22 20:28:00,IDENTICO,CANONICA,648,Las diez columnas originales son idénticas,CAM-07
28827,VIA-00027|2026-08-22 20:28:00,IDENTICO,COPIA_EXCLUIDA,648,Las diez columnas originales son idénticas,CAM-07
868,VIA-00037|2026-08-25 17:52:00,IDENTICO,CANONICA,868,Las diez columnas originales son idénticas,CAM-08
28911,VIA-00037|2026-08-25 17:52:00,IDENTICO,COPIA_EXCLUIDA,868,Las diez columnas originales son idénticas,CAM-08
960,VIA-00040|2026-08-08 15:48:00,IDENTICO,CANONICA,960,Las diez columnas originales son idénticas,CAM-08
28909,VIA-00040|2026-08-08 15:48:00,IDENTICO,COPIA_EXCLUIDA,960,Las diez columnas originales son idénticas,CAM-08
1110,VIA-00047|2026-08-19 08:18:00,IDENTICO,CANONICA,1110,Las diez columnas originales son idénticas,CAM-16
28819,VIA-00047|2026-08-19 08:18:00,IDENTICO,COPIA_EXCLUIDA,1110,Las diez columnas originales son idénticas,CAM-16
1221,VIA-00051|2026-08-22 09:41:00,IDENTICO,CANONICA,1221,Las diez columnas originales son idénticas,CAM-19
28828,VIA-00051|2026-08-22 09:41:00,IDENTICO,COPIA_EXCLUIDA,1221,Las diez columnas originales son idénticas,CAM-19
1263,VIA-00053|2026-08-26 09:10:00,IDENTICO,CANONICA,1263,Las diez columnas originales son idénticas,CAM-03
28818,VIA-00053|2026-08-26 09:10:00,IDENTICO,COPIA_EXCLUIDA,1263,Las diez columnas originales son idénticas,CAM-03
1631,VIA-00068|2026-08-14 13:08:00,IDENTICO,CANONICA,1631,Las diez columnas originales son idénticas,CAM-05
28894,VIA-00068|2026-08-14 13:08:00,IDENTICO,COPIA_EXCLUIDA,1631,Las diez columnas originales son idénticas,CAM-05
1735,VIA-00073|2026-08-14 23:38:00,IDENTICO,CANONICA,1735,Las diez columnas originales son idénticas,CAM-23
28849,VIA-00073|2026-08-14 23:38:00,IDENTICO,COPIA_EXCLUIDA,1735,Las diez columnas originales son idénticas,CAM-23
1876,VIA-00079|2026-08-14 14:45:00,IDENTICO,CANONICA,1876,Las diez columnas originales son idénticas,CAM-07
28905,VIA-00079|2026-08-14 14:45:00,IDENTICO,COPIA_EXCLUIDA,1876,Las diez columnas originales son idénticas,CAM-07
2182,VIA-00091|2026-08-17 04:53:00,MAYUSCULAS,CANONICA,2182,Solo cambia la escritura de camion_id; el código normalizado existe en flota,CAM-12
28844,VIA-00091|2026-08-17 04:53:00,MAYUSCULAS,COPIA_EXCLUIDA,2182,Solo cambia la escritura de camion_id; el código normalizado existe en flota,CAM-12
2420,VIA-00101|2026-08-07 16:40:00,IDENTICO,CANONICA,2420,Las diez columnas originales son idénticas,CAM-12
28910,VIA-00101|2026-08-07 16:40:00,IDENTICO,COPIA_EXCLUIDA,2420,Las diez columnas originales son idénticas,CAM-12
2898,VIA-00121|2026-08-06 04:54:00,IDENTICO,CANONICA,2898,Las diez columnas originales son idénticas,CAM-12
28895,VIA-00121|2026-08-06 04:54:00,IDENTICO,COPIA_EXCLUIDA,2898,Las diez columnas originales son idénticas,CAM-12
2913,VIA-00122|2026-08-15 04:11:00,IDENTICO,CANONICA,2913,Las diez columnas originales son idénticas,CAM-16
28821,VIA-00122|2026-08-15 04:11:00,IDENTICO,COPIA_EXCLUIDA,2913,Las diez columnas originales son idénticas,CAM-16
2948,VIA-00123|2026-08-18 16:09:00,IDENTICO,CANONICA,2948,Las diez columnas originales son idénticas,CAM-05
28899,VIA-00123|2026-08-18 16:09:00,IDENTICO,COPIA_EXCLUIDA,2948,Las diez columnas originales son idénticas,CAM-05
2959,VIA-00124|2026-08-26 22:50:00,COMPLEMENTARIO,CANONICA,2959,Una lectura tiene más campos completos y todos los valores no vacíos coinciden,CAM-12
28912,VIA-00124|2026-08-26 22:50:00,COMPLEMENTARIO,COPIA_EXCLUIDA,2959,Una lectura tiene más campos completos y todos los valores no vacíos coinciden,CAM-12
3235,VIA-00135|2026-08-15 12:17:00,IDENTICO,CANONICA,3235,Las diez columnas originales son idénticas,CAM-08
28838,VIA-00135|2026-08-15 12:17:00,IDENTICO,COPIA_EXCLUIDA,3235,Las diez columnas originales son idénticas,CAM-08
3914,VIA-00164|2026-08-09 04:13:00,IDENTICO,CANONICA,3914,Las diez columnas originales son idénticas,CAM-19
28888,VIA-00164|2026-08-09 04:13:00,IDENTICO,COPIA_EXCLUIDA,3914,Las diez columnas originales son idénticas,CAM-19
4403,VIA-00184|2026-08-11 16:43:00,IDENTICO,CANONICA,4403,Las diez columnas originales son idénticas,CAM-05
28802,VIA-00184|2026-08-11 16:43:00,IDENTICO,COPIA_EXCLUIDA,4403,Las diez columnas originales son idénticas,CAM-05
4439,VIA-00185|2026-08-02 08:54:00,IDENTICO,CANONICA,4439,Las diez columnas originales son idénticas,CAM-07
28871,VIA-00185|2026-08-02 08:54:00,IDENTICO,COPIA_EXCLUIDA,4439,Las diez columnas originales son idénticas,CAM-07
4492,VIA-00188|2026-08-17 10:21:00,IDENTICO,CANONICA,4492,Las diez columnas originales son idénticas,CAM-05
28873,VIA-00188|2026-08-17 10:21:00,IDENTICO,COPIA_EXCLUIDA,4492,Las diez columnas originales son idénticas,CAM-05
4543,VIA-00190|2026-08-07 02:40:00,IDENTICO,CANONICA,4543,Las diez columnas originales son idénticas,CAM-05
28892,VIA-00190|2026-08-07 02:40:00,IDENTICO,COPIA_EXCLUIDA,4543,Las diez columnas originales son idénticas,CAM-05
4634,VIA-00194|2026-08-30 01:29:00,IDENTICO,CANONICA,4634,Las diez columnas originales son idénticas,CAM-08
28804,VIA-00194|2026-08-30 01:29:00,IDENTICO,COPIA_EXCLUIDA,4634,Las diez columnas originales son idénticas,CAM-08
4720,VIA-00197|2026-08-13 21:56:00,IDENTICO,CANONICA,4720,Las diez columnas originales son idénticas,CAM-30
28815,VIA-00197|2026-08-13 21:56:00,IDENTICO,COPIA_EXCLUIDA,4720,Las diez columnas originales son idénticas,CAM-30
5009,VIA-00209|2026-08-17 07:32:00,IDENTICO,CANONICA,5009,Las diez columnas originales son idénticas,CAM-09
28913,VIA-00209|2026-08-17 07:32:00,IDENTICO,COPIA_EXCLUIDA,5009,Las diez columnas originales son idénticas,CAM-09
5185,VIA-00217|2026-08-02 06:45:00,IDENTICO,CANONICA,5185,Las diez columnas originales son idénticas,CAM-08
28826,VIA-00217|2026-08-02 06:45:00,IDENTICO,COPIA_EXCLUIDA,5185,Las diez columnas originales son idénticas,CAM-08
5659,VIA-00236|2026-08-25 12:44:00,IDENTICO,CANONICA,5659,Las diez columnas originales son idénticas,CAM-03
28801,VIA-00236|2026-08-25 12:44:00,IDENTICO,COPIA_EXCLUIDA,5659,Las diez columnas originales son idénticas,CAM-03
5786,VIA-00242|2026-08-15 07:46:00,IDENTICO,CANONICA,5786,Las diez columnas originales son idénticas,CAM-16
28807,VIA-00242|2026-08-15 07:46:00,IDENTICO,COPIA_EXCLUIDA,5786,Las diez columnas originales son idénticas,CAM-16
6187,VIA-00258|2026-08-20 16:38:00,IDENTICO,CANONICA,6187,Las diez columnas originales son idénticas,CAM-08
28853,VIA-00258|2026-08-20 16:38:00,IDENTICO,COPIA_EXCLUIDA,6187,Las diez columnas originales son idénticas,CAM-08
6194,VIA-00259|2026-08-22 15:20:00,IDENTICO,CANONICA,6194,Las diez columnas originales son idénticas,CAM-03
28806,VIA-00259|2026-08-22 15:20:00,IDENTICO,COPIA_EXCLUIDA,6194,Las diez columnas originales son idénticas,CAM-03
6218,VIA-00260|2026-08-22 01:23:00,IDENTICO,CANONICA,6218,Las diez columnas originales son idénticas,CAM-06
28919,VIA-00260|2026-08-22 01:23:00,IDENTICO,COPIA_EXCLUIDA,6218,Las diez columnas originales son idénticas,CAM-06
6220,VIA-00260|2026-08-22 02:23:00,IDENTICO,CANONICA,6220,Las diez columnas originales son idénticas,CAM-06
28857,VIA-00260|2026-08-22 02:23:00,IDENTICO,COPIA_EXCLUIDA,6220,Las diez columnas originales son idénticas,CAM-06
6360,VIA-00265|2026-08-21 22:16:00,IDENTICO,CANONICA,6360,Las diez columnas originales son idénticas,CAM-03
28902,VIA-00265|2026-08-21 22:16:00,IDENTICO,COPIA_EXCLUIDA,6360,Las diez columnas originales son idénticas,CAM-03
6409,VIA-00268|2026-08-15 12:20:00,IDENTICO,CANONICA,6409,Las diez columnas originales son idénticas,CAM-26
28896,VIA-00268|2026-08-15 12:20:00,IDENTICO,COPIA_EXCLUIDA,6409,Las diez columnas originales son idénticas,CAM-26
7121,VIA-00297|2026-08-21 02:28:00,IDENTICO,CANONICA,7121,Las diez columnas originales son idénticas,CAM-24
28908,VIA-00297|2026-08-21 02:28:00,IDENTICO,COPIA_EXCLUIDA,7121,Las diez columnas originales son idénticas,CAM-24
7189,VIA-00300|2026-08-12 03:01:00,IDENTICO,CANONICA,7189,Las diez columnas originales son idénticas,CAM-23
28883,VIA-00300|2026-08-12 03:01:00,IDENTICO,COPIA_EXCLUIDA,7189,Las diez columnas originales son idénticas,CAM-23
7311,VIA-00305|2026-08-12 15:54:00,IDENTICO,CANONICA,7311,Las diez columnas originales son idénticas,CAM-23
28820,VIA-00305|2026-08-12 15:54:00,IDENTICO,COPIA_EXCLUIDA,7311,Las diez columnas originales son idénticas,CAM-23
7339,VIA-00306|2026-08-26 18:19:00,IDENTICO,CANONICA,7339,Las diez columnas originales son idénticas,CAM-07
28836,VIA-00306|2026-08-26 18:19:00,IDENTICO,COPIA_EXCLUIDA,7339,Las diez columnas originales son idénticas,CAM-07
7362,VIA-00307|2026-08-10 12:55:00,IDENTICO,CANONICA,7362,Las diez columnas originales son idénticas,CAM-06
28877,VIA-00307|2026-08-10 12:55:00,IDENTICO,COPIA_EXCLUIDA,7362,Las diez columnas originales son idénticas,CAM-06
7854,VIA-00328|2026-08-10 06:18:00,IDENTICO,CANONICA,7854,Las diez columnas originales son idénticas,CAM-20
28890,VIA-00328|2026-08-10 06:18:00,IDENTICO,COPIA_EXCLUIDA,7854,Las diez columnas originales son idénticas,CAM-20
8617,VIA-00360|2026-08-09 09:12:00,IDENTICO,CANONICA,8617,Las diez columnas originales son idénticas,CAM-09
28898,VIA-00360|2026-08-09 09:12:00,IDENTICO,COPIA_EXCLUIDA,8617,Las diez columnas originales son idénticas,CAM-09
8700,VIA-00363|2026-08-13 10:55:00,IDENTICO,CANONICA,8700,Las diez columnas originales son idénticas,CAM-09
28811,VIA-00363|2026-08-13 10:55:00,IDENTICO,COPIA_EXCLUIDA,8700,Las diez columnas originales son idénticas,CAM-09
8900,VIA-00371|2026-08-31 03:35:00,IDENTICO,CANONICA,8900,Las diez columnas originales son idénticas,CAM-05
28875,VIA-00371|2026-08-31 03:35:00,IDENTICO,COPIA_EXCLUIDA,8900,Las diez columnas originales son idénticas,CAM-05
8975,VIA-00374|2026-08-12 01:55:00,IDENTICO,CANONICA,8975,Las diez columnas originales son idénticas,CAM-28
28863,VIA-00374|2026-08-12 01:55:00,IDENTICO,COPIA_EXCLUIDA,8975,Las diez columnas originales son idénticas,CAM-28
9078,VIA-00379|2026-08-30 02:11:00,IDENTICO,CANONICA,9078,Las diez columnas originales son idénticas,CAM-09
28852,VIA-00379|2026-08-30 02:11:00,IDENTICO,COPIA_EXCLUIDA,9078,Las diez columnas originales son idénticas,CAM-09
9087,VIA-00379|2026-08-30 06:41:00,IDENTICO,CANONICA,9087,Las diez columnas originales son idénticas,CAM-09
28832,VIA-00379|2026-08-30 06:41:00,IDENTICO,COPIA_EXCLUIDA,9087,Las diez columnas originales son idénticas,CAM-09
9110,VIA-00380|2026-08-29 16:39:00,IDENTICO,CANONICA,9110,Las diez columnas originales son idénticas,CAM-28
28824,VIA-00380|2026-08-29 16:39:00,IDENTICO,COPIA_EXCLUIDA,9110,Las diez columnas originales son idénticas,CAM-28
9813,VIA-00409|2026-08-31 08:07:00,IDENTICO,CANONICA,9813,Las diez columnas originales son idénticas,CAM-24
28897,VIA-00409|2026-08-31 08:07:00,IDENTICO,COPIA_EXCLUIDA,9813,Las diez columnas originales son idénticas,CAM-24
10387,VIA-00433|2026-08-10 22:56:00,IDENTICO,CANONICA,10387,Las diez columnas originales son idénticas,CAM-07
28856,VIA-00433|2026-08-10 22:56:00,IDENTICO,COPIA_EXCLUIDA,10387,Las diez columnas originales son idénticas,CAM-07
10600,VIA-00442|2026-08-21 19:44:00,IDENTICO,CANONICA,10600,Las diez columnas originales son idénticas,CAM-13
28867,VIA-00442|2026-08-21 19:44:00,IDENTICO,COPIA_EXCLUIDA,10600,Las diez columnas originales son idénticas,CAM-13
10663,VIA-00445|2026-08-13 08:22:00,IDENTICO,CANONICA,10663,Las diez columnas originales son idénticas,CAM-07
28872,VIA-00445|2026-08-13 08:22:00,IDENTICO,COPIA_EXCLUIDA,10663,Las diez columnas originales son idénticas,CAM-07
10850,VIA-00453|2026-08-08 17:41:00,IDENTICO,CANONICA,10850,Las diez columnas originales son idénticas,CAM-25
28882,VIA-00453|2026-08-08 17:41:00,IDENTICO,COPIA_EXCLUIDA,10850,Las diez columnas originales son idénticas,CAM-25
11191,VIA-00467|2026-08-03 05:46:00,IDENTICO,CANONICA,11191,Las diez columnas originales son idénticas,CAM-26
28880,VIA-00467|2026-08-03 05:46:00,IDENTICO,COPIA_EXCLUIDA,11191,Las diez columnas originales son idénticas,CAM-26
11385,VIA-00475|2026-08-22 22:28:00,COMPLEMENTARIO,CANONICA,11385,Una lectura tiene más campos completos y todos los valores no vacíos coinciden,CAM-05
28848,VIA-00475|2026-08-22 22:28:00,COMPLEMENTARIO,COPIA_EXCLUIDA,11385,Una lectura tiene más campos completos y todos los valores no vacíos coinciden,CAM-05
11648,VIA-00486|2026-08-24 16:34:00,IDENTICO,CANONICA,11648,Las diez columnas originales son idénticas,CAM-06
28814,VIA-00486|2026-08-24 16:34:00,IDENTICO,COPIA_EXCLUIDA,11648,Las diez columnas originales son idénticas,CAM-06
12410,VIA-00518|2026-08-02 23:04:00,IDENTICO,CANONICA,12410,Las diez columnas originales son idénticas,CAM-23
28881,VIA-00518|2026-08-02 23:04:00,IDENTICO,COPIA_EXCLUIDA,12410,Las diez columnas originales son idénticas,CAM-23
12721,VIA-00531|2026-08-17 15:18:00,IDENTICO,CANONICA,12721,Las diez columnas originales son idénticas,CAM-20
28841,VIA-00531|2026-08-17 15:18:00,IDENTICO,COPIA_EXCLUIDA,12721,Las diez columnas originales son idénticas,CAM-20
13016,VIA-00543|2026-08-05 19:46:00,COMPLEMENTARIO,CANONICA,13016,Una lectura tiene más campos completos y todos los valores no vacíos coinciden,CAM-07
28847,VIA-00543|2026-08-05 19:46:00,COMPLEMENTARIO,COPIA_EXCLUIDA,13016,Una lectura tiene más campos completos y todos los valores no vacíos coinciden,CAM-07
13749,VIA-00573|2026-08-13 19:25:00,IDENTICO,CANONICA,13749,Las diez columnas originales son idénticas,CAM-05
28887,VIA-00573|2026-08-13 19:25:00,IDENTICO,COPIA_EXCLUIDA,13749,Las diez columnas originales son idénticas,CAM-05
14905,VIA-00622|2026-08-07 01:24:00,IDENTICO,CANONICA,14905,Las diez columnas originales son idénticas,CAM-28
28879,VIA-00622|2026-08-07 01:24:00,IDENTICO,COPIA_EXCLUIDA,14905,Las diez columnas originales son idénticas,CAM-28
15355,VIA-00640|2026-08-09 03:02:00,IDENTICO,CANONICA,15355,Las diez columnas originales son idénticas,CAM-20
28846,VIA-00640|2026-08-09 03:02:00,IDENTICO,COPIA_EXCLUIDA,15355,Las diez columnas originales son idénticas,CAM-20
15865,VIA-00662|2026-08-02 03:39:00,IDENTICO,CANONICA,15865,Las diez columnas originales son idénticas,CAM-05
28808,VIA-00662|2026-08-02 03:39:00,IDENTICO,COPIA_EXCLUIDA,15865,Las diez columnas originales son idénticas,CAM-05
16061,VIA-00670|2026-08-18 02:57:00,IDENTICO,CANONICA,16061,Las diez columnas originales son idénticas,CAM-14
28868,VIA-00670|2026-08-18 02:57:00,IDENTICO,COPIA_EXCLUIDA,16061,Las diez columnas originales son idénticas,CAM-14
16073,VIA-00670|2026-08-18 08:57:00,IDENTICO,CANONICA,16073,Las diez columnas originales son idénticas,CAM-14
28816,VIA-00670|2026-08-18 08:57:00,IDENTICO,COPIA_EXCLUIDA,16073,Las diez columnas originales son idénticas,CAM-14
16139,VIA-00673|2026-08-14 00:13:00,IDENTICO,CANONICA,16139,Las diez columnas originales son idénticas,CAM-03
28837,VIA-00673|2026-08-14 00:13:00,IDENTICO,COPIA_EXCLUIDA,16139,Las diez columnas originales son idénticas,CAM-03
16167,VIA-00674|2026-08-10 23:14:00,IDENTICO,CANONICA,16167,Las diez columnas originales son idénticas,CAM-02
28858,VIA-00674|2026-08-10 23:14:00,IDENTICO,COPIA_EXCLUIDA,16167,Las diez columnas originales son idénticas,CAM-02
16282,VIA-00679|2026-08-18 17:48:00,IDENTICO,CANONICA,16282,Las diez columnas originales son idénticas,CAM-26
28825,VIA-00679|2026-08-18 17:48:00,IDENTICO,COPIA_EXCLUIDA,16282,Las diez columnas originales son idénticas,CAM-26
16445,VIA-00686|2026-08-03 01:18:00,IDENTICO,CANONICA,16445,Las diez columnas originales son idénticas,CAM-17
28917,VIA-00686|2026-08-03 01:18:00,IDENTICO,COPIA_EXCLUIDA,16445,Las diez columnas originales son idénticas,CAM-17
16609,VIA-00693|2026-08-30 11:59:00,IDENTICO,CANONICA,16609,Las diez columnas originales son idénticas,CAM-20
28885,VIA-00693|2026-08-30 11:59:00,IDENTICO,COPIA_EXCLUIDA,16609,Las diez columnas originales son idénticas,CAM-20
16628,VIA-00693|2026-08-30 21:29:00,IDENTICO,CANONICA,16628,Las diez columnas originales son idénticas,CAM-20
28916,VIA-00693|2026-08-30 21:29:00,IDENTICO,COPIA_EXCLUIDA,16628,Las diez columnas originales son idénticas,CAM-20
16638,VIA-00694|2026-08-19 01:16:00,IDENTICO,CANONICA,16638,Las diez columnas originales son idénticas,CAM-05
28870,VIA-00694|2026-08-19 01:16:00,IDENTICO,COPIA_EXCLUIDA,16638,Las diez columnas originales son idénticas,CAM-05
16916,VIA-00705|2026-08-30 03:28:00,IDENTICO,CANONICA,16916,Las diez columnas originales son idénticas,CAM-22
28884,VIA-00705|2026-08-30 03:28:00,IDENTICO,COPIA_EXCLUIDA,16916,Las diez columnas originales son idénticas,CAM-22
17211,VIA-00718|2026-08-21 08:16:00,IDENTICO,CANONICA,17211,Las diez columnas originales son idénticas,CAM-03
28861,VIA-00718|2026-08-21 08:16:00,IDENTICO,COPIA_EXCLUIDA,17211,Las diez columnas originales son idénticas,CAM-03
17213,VIA-00718|2026-08-21 09:16:00,IDENTICO,CANONICA,17213,Las diez columnas originales son idénticas,CAM-03
28893,VIA-00718|2026-08-21 09:16:00,IDENTICO,COPIA_EXCLUIDA,17213,Las diez columnas originales son idénticas,CAM-03
18019,VIA-00751|2026-08-03 17:01:00,IDENTICO,CANONICA,18019,Las diez columnas originales son idénticas,CAM-04
28860,VIA-00751|2026-08-03 17:01:00,IDENTICO,COPIA_EXCLUIDA,18019,Las diez columnas originales son idénticas,CAM-04
18064,VIA-00753|2026-08-08 10:41:00,IDENTICO,CANONICA,18064,Las diez columnas originales son idénticas,CAM-05
28907,VIA-00753|2026-08-08 10:41:00,IDENTICO,COPIA_EXCLUIDA,18064,Las diez columnas originales son idénticas,CAM-05
18111,VIA-00755|2026-08-17 14:08:00,IDENTICO,CANONICA,18111,Las diez columnas originales son idénticas,CAM-01
28840,VIA-00755|2026-08-17 14:08:00,IDENTICO,COPIA_EXCLUIDA,18111,Las diez columnas originales son idénticas,CAM-01
18152,VIA-00757|2026-08-09 16:42:00,IDENTICO,CANONICA,18152,Las diez columnas originales son idénticas,CAM-22
28842,VIA-00757|2026-08-09 16:42:00,IDENTICO,COPIA_EXCLUIDA,18152,Las diez columnas originales son idénticas,CAM-22
18256,VIA-00761|2026-08-27 22:20:00,COMPLEMENTARIO,CANONICA,18256,Una lectura tiene más campos completos y todos los valores no vacíos coinciden,CAM-12
28862,VIA-00761|2026-08-27 22:20:00,COMPLEMENTARIO,COPIA_EXCLUIDA,18256,Una lectura tiene más campos completos y todos los valores no vacíos coinciden,CAM-12
18741,VIA-00781|2026-08-05 23:30:00,IDENTICO,CANONICA,18741,Las diez columnas originales son idénticas,CAM-20
28817,VIA-00781|2026-08-05 23:30:00,IDENTICO,COPIA_EXCLUIDA,18741,Las diez columnas originales son idénticas,CAM-20
18843,VIA-00786|2026-08-12 10:56:00,IDENTICO,CANONICA,18843,Las diez columnas originales son idénticas,CAM-28
28866,VIA-00786|2026-08-12 10:56:00,IDENTICO,COPIA_EXCLUIDA,18843,Las diez columnas originales son idénticas,CAM-28
19202,VIA-00801|2026-08-16 17:58:00,IDENTICO,CANONICA,19202,Las diez columnas originales son idénticas,CAM-13
28920,VIA-00801|2026-08-16 17:58:00,IDENTICO,COPIA_EXCLUIDA,19202,Las diez columnas originales son idénticas,CAM-13
19348,VIA-00807|2026-08-07 10:51:00,IDENTICO,CANONICA,19348,Las diez columnas originales son idénticas,CAM-14
28813,VIA-00807|2026-08-07 10:51:00,IDENTICO,COPIA_EXCLUIDA,19348,Las diez columnas originales son idénticas,CAM-14
19690,VIA-00821|2026-08-29 09:01:00,IDENTICO,CANONICA,19690,Las diez columnas originales son idénticas,CAM-28
28839,VIA-00821|2026-08-29 09:01:00,IDENTICO,COPIA_EXCLUIDA,19690,Las diez columnas originales son idénticas,CAM-28
19739,VIA-00823|2026-08-24 17:40:00,IDENTICO,CANONICA,19739,Las diez columnas originales son idénticas,CAM-03
28822,VIA-00823|2026-08-24 17:40:00,IDENTICO,COPIA_EXCLUIDA,19739,Las diez columnas originales son idénticas,CAM-03
19857,VIA-00828|2026-08-29 17:05:00,IDENTICO,CANONICA,19857,Las diez columnas originales son idénticas,CAM-02
28859,VIA-00828|2026-08-29 17:05:00,IDENTICO,COPIA_EXCLUIDA,19857,Las diez columnas originales son idénticas,CAM-02
20163,VIA-00841|2026-08-01 16:22:00,IDENTICO,CANONICA,20163,Las diez columnas originales son idénticas,CAM-16
28878,VIA-00841|2026-08-01 16:22:00,IDENTICO,COPIA_EXCLUIDA,20163,Las diez columnas originales son idénticas,CAM-16
20528,VIA-00856|2026-08-27 12:37:00,IDENTICO,CANONICA,20528,Las diez columnas originales son idénticas,CAM-30
28831,VIA-00856|2026-08-27 12:37:00,IDENTICO,COPIA_EXCLUIDA,20528,Las diez columnas originales son idénticas,CAM-30
20716,VIA-00864|2026-08-24 08:23:00,IDENTICO,CANONICA,20716,Las diez columnas originales son idénticas,CAM-12
28829,VIA-00864|2026-08-24 08:23:00,IDENTICO,COPIA_EXCLUIDA,20716,Las diez columnas originales son idénticas,CAM-12
20899,VIA-00871|2026-08-20 00:19:00,IDENTICO,CANONICA,20899,Las diez columnas originales son idénticas,CAM-28
28904,VIA-00871|2026-08-20 00:19:00,IDENTICO,COPIA_EXCLUIDA,20899,Las diez columnas originales son idénticas,CAM-28
21240,VIA-00885|2026-08-03 15:27:00,COMPLEMENTARIO,COPIA_EXCLUIDA,28901,Una lectura tiene más campos completos y todos los valores no vacíos coinciden,CAM-12
28901,VIA-00885|2026-08-03 15:27:00,COMPLEMENTARIO,CANONICA,28901,Una lectura tiene más campos completos y todos los valores no vacíos coinciden,CAM-12
21492,VIA-00896|2026-08-21 01:37:00,IDENTICO,CANONICA,21492,Las diez columnas originales son idénticas,CAM-20
28823,VIA-00896|2026-08-21 01:37:00,IDENTICO,COPIA_EXCLUIDA,21492,Las diez columnas originales son idénticas,CAM-20
21506,VIA-00897|2026-08-01 13:03:00,IDENTICO,CANONICA,21506,Las diez columnas originales son idénticas,CAM-12
28843,VIA-00897|2026-08-01 13:03:00,IDENTICO,COPIA_EXCLUIDA,21506,Las diez columnas originales son idénticas,CAM-12
21664,VIA-00903|2026-08-18 05:28:00,IDENTICO,CANONICA,21664,Las diez columnas originales son idénticas,CAM-01
28886,VIA-00903|2026-08-18 05:28:00,IDENTICO,COPIA_EXCLUIDA,21664,Las diez columnas originales son idénticas,CAM-01
21927,VIA-00914|2026-08-06 09:56:00,IDENTICO,CANONICA,21927,Las diez columnas originales son idénticas,CAM-27
28805,VIA-00914|2026-08-06 09:56:00,IDENTICO,COPIA_EXCLUIDA,21927,Las diez columnas originales son idénticas,CAM-27
22234,VIA-00927|2026-08-14 12:04:00,IDENTICO,CANONICA,22234,Las diez columnas originales son idénticas,CAM-14
28812,VIA-00927|2026-08-14 12:04:00,IDENTICO,COPIA_EXCLUIDA,22234,Las diez columnas originales son idénticas,CAM-14
22530,VIA-00939|2026-08-22 02:39:00,IDENTICO,CANONICA,22530,Las diez columnas originales son idénticas,CAM-14
28854,VIA-00939|2026-08-22 02:39:00,IDENTICO,COPIA_EXCLUIDA,22530,Las diez columnas originales son idénticas,CAM-14
22698,VIA-00946|2026-08-19 11:15:00,IDENTICO,CANONICA,22698,Las diez columnas originales son idénticas,CAM-01
28918,VIA-00946|2026-08-19 11:15:00,IDENTICO,COPIA_EXCLUIDA,22698,Las diez columnas originales son idénticas,CAM-01
23070,VIA-00962|2026-08-16 09:07:00,IDENTICO,CANONICA,23070,Las diez columnas originales son idénticas,CAM-05
28869,VIA-00962|2026-08-16 09:07:00,IDENTICO,COPIA_EXCLUIDA,23070,Las diez columnas originales son idénticas,CAM-05
23207,VIA-00967|2026-08-03 16:02:00,IDENTICO,CANONICA,23207,Las diez columnas originales son idénticas,CAM-03
28906,VIA-00967|2026-08-03 16:02:00,IDENTICO,COPIA_EXCLUIDA,23207,Las diez columnas originales son idénticas,CAM-03
23262,VIA-00970|2026-08-10 17:20:00,IDENTICO,CANONICA,23262,Las diez columnas originales son idénticas,CAM-27
28803,VIA-00970|2026-08-10 17:20:00,IDENTICO,COPIA_EXCLUIDA,23262,Las diez columnas originales son idénticas,CAM-27
23503,VIA-00980|2026-08-09 01:10:00,IDENTICO,CANONICA,23503,Las diez columnas originales son idénticas,CAM-22
28845,VIA-00980|2026-08-09 01:10:00,IDENTICO,COPIA_EXCLUIDA,23503,Las diez columnas originales son idénticas,CAM-22
23617,VIA-00985|2026-08-21 02:46:00,IDENTICO,CANONICA,23617,Las diez columnas originales son idénticas,CAM-05
28850,VIA-00985|2026-08-21 02:46:00,IDENTICO,COPIA_EXCLUIDA,23617,Las diez columnas originales son idénticas,CAM-05
23714,VIA-00989|2026-08-09 02:16:00,IDENTICO,CANONICA,23714,Las diez columnas originales son idénticas,CAM-07
28874,VIA-00989|2026-08-09 02:16:00,IDENTICO,COPIA_EXCLUIDA,23714,Las diez columnas originales son idénticas,CAM-07
24052,VIA-01003|2026-08-04 22:30:00,IDENTICO,CANONICA,24052,Las diez columnas originales son idénticas,CAM-17
28915,VIA-01003|2026-08-04 22:30:00,IDENTICO,COPIA_EXCLUIDA,24052,Las diez columnas originales son idénticas,CAM-17
24541,VIA-01023|2026-08-14 01:45:00,IDENTICO,CANONICA,24541,Las diez columnas originales son idénticas,CAM-05
28834,VIA-01023|2026-08-14 01:45:00,IDENTICO,COPIA_EXCLUIDA,24541,Las diez columnas originales son idénticas,CAM-05
24558,VIA-01024|2026-08-16 15:14:00,IDENTICO,CANONICA,24558,Las diez columnas originales son idénticas,CAM-18
28900,VIA-01024|2026-08-16 15:14:00,IDENTICO,COPIA_EXCLUIDA,24558,Las diez columnas originales son idénticas,CAM-18
24620,VIA-01026|2026-08-29 21:55:00,IDENTICO,CANONICA,24620,Las diez columnas originales son idénticas,CAM-05
28891,VIA-01026|2026-08-29 21:55:00,IDENTICO,COPIA_EXCLUIDA,24620,Las diez columnas originales son idénticas,CAM-05
24665,VIA-01028|2026-08-14 07:08:00,IDENTICO,CANONICA,24665,Las diez columnas originales son idénticas,CAM-05
28864,VIA-01028|2026-08-14 07:08:00,IDENTICO,COPIA_EXCLUIDA,24665,Las diez columnas originales son idénticas,CAM-05
24845,VIA-01036|2026-08-19 03:14:00,IDENTICO,CANONICA,24845,Las diez columnas originales son idénticas,CAM-27
28903,VIA-01036|2026-08-19 03:14:00,IDENTICO,COPIA_EXCLUIDA,24845,Las diez columnas originales son idénticas,CAM-27
24848,VIA-01036|2026-08-19 04:44:00,IDENTICO,CANONICA,24848,Las diez columnas originales son idénticas,CAM-27
28809,VIA-01036|2026-08-19 04:44:00,IDENTICO,COPIA_EXCLUIDA,24848,Las diez columnas originales son idénticas,CAM-27
25336,VIA-01056|2026-08-04 08:35:00,IDENTICO,CANONICA,25336,Las diez columnas originales son idénticas,CAM-10
28865,VIA-01056|2026-08-04 08:35:00,IDENTICO,COPIA_EXCLUIDA,25336,Las diez columnas originales son idénticas,CAM-10
25521,VIA-01064|2026-08-22 01:50:00,IDENTICO,CANONICA,25521,Las diez columnas originales son idénticas,CAM-05
28914,VIA-01064|2026-08-22 01:50:00,IDENTICO,COPIA_EXCLUIDA,25521,Las diez columnas originales son idénticas,CAM-05
25661,VIA-01070|2026-08-19 13:59:00,IDENTICO,CANONICA,25661,Las diez columnas originales son idénticas,CAM-20
28830,VIA-01070|2026-08-19 13:59:00,IDENTICO,COPIA_EXCLUIDA,25661,Las diez columnas originales son idénticas,CAM-20
26092,VIA-01088|2026-08-24 02:10:00,IDENTICO,CANONICA,26092,Las diez columnas originales son idénticas,CAM-26
28876,VIA-01088|2026-08-24 02:10:00,IDENTICO,COPIA_EXCLUIDA,26092,Las diez columnas originales son idénticas,CAM-26
27494,VIA-01146|2026-08-10 18:49:00,IDENTICO,CANONICA,27494,Las diez columnas originales son idénticas,CAM-28
28835,VIA-01146|2026-08-10 18:49:00,IDENTICO,COPIA_EXCLUIDA,27494,Las diez columnas originales son idénticas,CAM-28
27977,VIA-01166|2026-08-29 17:48:00,IDENTICO,CANONICA,27977,Las diez columnas originales son idénticas,CAM-12
28855,VIA-01166|2026-08-29 17:48:00,IDENTICO,COPIA_EXCLUIDA,27977,Las diez columnas originales son idénticas,CAM-12
28128,VIA-01172|2026-08-05 03:00:00,IDENTICO,CANONICA,28128,Las diez columnas originales son idénticas,CAM-09
28810,VIA-01172|2026-08-05 03:00:00,IDENTICO,COPIA_EXCLUIDA,28128,Las diez columnas originales son idénticas,CAM-09
28351,VIA-01182|2026-08-29 04:46:00,IDENTICO,CANONICA,28351,Las diez columnas originales son idénticas,CAM-01
28851,VIA-01182|2026-08-29 04:46:00,IDENTICO,COPIA_EXCLUIDA,28351,Las diez columnas originales son idénticas,CAM-01
28415,VIA-01184|2026-08-12 23:47:00,IDENTICO,CANONICA,28415,Las diez columnas originales son idénticas,CAM-05
28889,VIA-01184|2026-08-12 23:47:00,IDENTICO,COPIA_EXCLUIDA,28415,Las diez columnas originales son idénticas,CAM-05
