fila_bronze,timestamp,viaje_id,order_id,camion_id,producto_id,temperatura_cabina_c,temp_unit,humedad_cabina_pct,desviacion_termica_flag,desviacion_proximos_60min_flag,columnas_con_problemas,en_cuarentena,temperatura_c_preparada,tratamiento_temperatura,en_cuarentena_inicial,columnas_problema_iniciales,motivos_finales,en_cuarentena_final,tratamientos_aplicados,version_tratamiento
8,2026-08-04 23:45:00,VIA-00001,ORD-2026-05710,CAM-12,PROD-052,-17.83,C,,0,0,humedad_cabina_pct,True,-17.83,C_ORIGINAL,True,humedad_cabina_pct,humedad_cabina_pct:FALTANTE,True,,GIAD-M3-S4-IOT-tratamiento-v1
121,2026-08-23 01:53:00,VIA-00006,ORD-2026-01337,CAM-13,PROD-031,-17.52,C,,0,0,humedad_cabina_pct,True,-17.52,C_ORIGINAL,True,humedad_cabina_pct,humedad_cabina_pct:FALTANTE,True,,GIAD-M3-S4-IOT-tratamiento-v1
213,2026-08-09 05:30:00,VIA-00009,ORD-2026-03793,CAM-30,PROD-017,3.49,C,,0,0,humedad_cabina_pct,True,3.49,C_ORIGINAL,True,humedad_cabina_pct,humedad_cabina_pct:FALTANTE,True,,GIAD-M3-S4-IOT-tratamiento-v1
238,2026-08-30 09:30:00,VIA-00010,ORD-2026-02783,CAM-03,PROD-028,,C,35.8,0,0,temperatura_cabina_c,True,,SIN_TRATAMIENTO,True,temperatura_cabina_c,temperatura_cabina_c:FALTANTE,True,,GIAD-M3-S4-IOT-tratamiento-v1
477,2026-08-29 08:43:00,VIA-00020,ORD-2026-01231,CAM-22,PROD-054,,C,39.1,0,0,temperatura_cabina_c,True,,SIN_TRATAMIENTO,True,temperatura_cabina_c,temperatura_cabina_c:FALTANTE,True,,GIAD-M3-S4-IOT-tratamiento-v1
530,2026-08-30 03:18:00,VIA-00023,ORD-2026-01360,CAM-22,PROD-028,20.87,C,-59.9,0,0,humedad_cabina_pct,True,20.87,C_ORIGINAL,True,humedad_cabina_pct,humedad_cabina_pct:FUERA_RANGO,True,,GIAD-M3-S4-IOT-tratamiento-v1
533,2026-08-30 04:48:00,VIA-00023,ORD-2026-01360,CAM-22,PROD-028,17.83,C,,0,0,humedad_cabina_pct,True,17.83,C_ORIGINAL,True,humedad_cabina_pct,humedad_cabina_pct:FALTANTE,True,,GIAD-M3-S4-IOT-tratamiento-v1
598,2026-08-25 07:23:00,VIA-00025,ORD-2026-06241,CAM-12,PROD-003,2.42,C,,0,0,humedad_cabina_pct,True,2.42,C_ORIGINAL,True,humedad_cabina_pct,humedad_cabina_pct:FALTANTE,True,,GIAD-M3-S4-IOT-tratamiento-v1
757,2026-08-03 06:03:00,VIA-00032,ORD-2026-01878,CAM-06,PROD-009,,C,49.2,0,0,temperatura_cabina_c,True,,SIN_TRATAMIENTO,True,temperatura_cabina_c,temperatura_cabina_c:FALTANTE,True,,GIAD-M3-S4-IOT-tratamiento-v1
1079,2026-08-22 08:31:00,VIA-00045,ORD-2026-01164,CAM-08,PROD-045,,C,40.0,0,0,temperatura_cabina_c,True,,SIN_TRATAMIENTO,True,temperatura_cabina_c,temperatura_cabina_c:FALTANTE,True,,GIAD-M3-S4-IOT-tratamiento-v1
1169,2026-08-11 23:24:00,VIA-00049,ORD-2026-02871,CAM-03,PROD-010,,C,51.4,0,0,temperatura_cabina_c,True,,SIN_TRATAMIENTO,True,temperatura_cabina_c,temperatura_cabina_c:FALTANTE,True,,GIAD-M3-S4-IOT-tratamiento-v1
1276,2026-08-14 06:38:00,VIA-00054,ORD-2026-05811,CAM-03,PROD-031,-18.25,C,-75.7,0,0,humedad_cabina_pct,True,-18.25,C_ORIGINAL,True,humedad_cabina_pct,humedad_cabina_pct:FUERA_RANGO,True,,GIAD-M3-S4-IOT-tratamiento-v1
1286,2026-08-14 11:38:00,VIA-00054,ORD-2026-05811,CAM-03,PROD-031,,C,76.8,1,1,temperatura_cabina_c,True,,SIN_TRATAMIENTO,True,temperatura_cabina_c,temperatura_cabina_c:FALTANTE,True,,GIAD-M3-S4-IOT-tratamiento-v1
1336,2026-08-02 07:13:00,VIA-00056,ORD-2026-06250,CAM-08,PROD-042,,C,53.4,0,0,temperatura_cabina_c,True,,SIN_TRATAMIENTO,True,temperatura_cabina_c,temperatura_cabina_c:FALTANTE,True,,GIAD-M3-S4-IOT-tratamiento-v1
1469,2026-08-15 11:39:00,VIA-00062,ORD-2026-02581,CAM-04,PROD-009,,C,49.7,0,0,temperatura_cabina_c,True,,SIN_TRATAMIENTO,True,temperatura_cabina_c,temperatura_cabina_c:FALTANTE,True,,GIAD-M3-S4-IOT-tratamiento-v1
1730,2026-08-14 21:08:00,VIA-00073,ORD-2026-01330,CAM-23,PROD-012,,C,64.6,0,0,temperatura_cabina_c,True,,SIN_TRATAMIENTO,True,temperatura_cabina_c,temperatura_cabina_c:FALTANTE,True,,GIAD-M3-S4-IOT-tratamiento-v1
1798,2026-08-16 07:27:00,VIA-00075,ORD-2026-03282,CAM-09,PROD-036,-18.44,C,,0,0,humedad_cabina_pct,True,-18.44,C_ORIGINAL,True,humedad_cabina_pct,humedad_cabina_pct:FALTANTE,True,,GIAD-M3-S4-IOT-tratamiento-v1
1967,2026-08-13 02:26:00,VIA-00082,ORD-2026-06630,CAM-05,PROD-022,,C,65.7,0,0,temperatura_cabina_c,True,,SIN_TRATAMIENTO,True,temperatura_cabina_c,temperatura_cabina_c:FALTANTE,True,,GIAD-M3-S4-IOT-tratamiento-v1
2346,2026-08-27 23:04:00,VIA-00098,ORD-2026-01622,CAM-09,PROD-030,,C,45.8,0,0,temperatura_cabina_c,True,,SIN_TRATAMIENTO,True,temperatura_cabina_c,temperatura_cabina_c:FALTANTE,True,,GIAD-M3-S4-IOT-tratamiento-v1
2356,2026-08-20 09:15:00,VIA-00099,ORD-2026-03689,CAM-01,PROD-057,,C,46.1,0,0,temperatura_cabina_c,True,,SIN_TRATAMIENTO,True,temperatura_cabina_c,temperatura_cabina_c:FALTANTE,True,,GIAD-M3-S4-IOT-tratamiento-v1
2583,2026-08-15 11:12:00,VIA-00108,ORD-2026-04673,CAM-28,PROD-039,,C,45.8,0,0,temperatura_cabina_c,True,,SIN_TRATAMIENTO,True,temperatura_cabina_c,temperatura_cabina_c:FALTANTE,True,,GIAD-M3-S4-IOT-tratamiento-v1
2601,2026-08-19 19:32:00,VIA-00109,ORD-2026-06621,CAM-05,PROD-019,4.39,C,,0,0,humedad_cabina_pct,True,4.39,C_ORIGINAL,True,humedad_cabina_pct,humedad_cabina_pct:FALTANTE,True,,GIAD-M3-S4-IOT-tratamiento-v1
2788,2026-08-05 15:34:00,VIA-00117,ORD-2026-00035,CAM-05,PROD-053,16.73,C,,0,0,humedad_cabina_pct,True,16.73,C_ORIGINAL,True,humedad_cabina_pct,humedad_cabina_pct:FALTANTE,True,,GIAD-M3-S4-IOT-tratamiento-v1
2990,2026-08-16 12:39:00,VIA-00125,ORD-2026-07330,CAM-24,PROD-004,,C,40.9,0,0,temperatura_cabina_c,True,,SIN_TRATAMIENTO,True,temperatura_cabina_c,temperatura_cabina_c:FALTANTE,True,,GIAD-M3-S4-IOT-tratamiento-v1
3019,2026-08-11 23:55:00,VIA-00126,ORD-2026-00648,CAM-03,PROD-014,20.01,C,,0,0,humedad_cabina_pct,True,20.01,C_ORIGINAL,True,humedad_cabina_pct,humedad_cabina_pct:FALTANTE,True,,GIAD-M3-S4-IOT-tratamiento-v1
3060,2026-08-02 11:38:00,VIA-00128,ORD-2026-02317,CAM-13,PROD-057,,C,52.1,0,0,temperatura_cabina_c,True,,SIN_TRATAMIENTO,True,temperatura_cabina_c,temperatura_cabina_c:FALTANTE,True,,GIAD-M3-S4-IOT-tratamiento-v1
3106,2026-08-28 08:03:00,VIA-00130,ORD-2026-06615,CAM-09,PROD-056,4.23,C,,0,0,humedad_cabina_pct,True,4.23,C_ORIGINAL,True,humedad_cabina_pct,humedad_cabina_pct:FALTANTE,True,,GIAD-M3-S4-IOT-tratamiento-v1
3201,2026-08-10 00:02:00,VIA-00134,ORD-2026-00288,CAM-04,PROD-033,18.73,C,,0,0,humedad_cabina_pct,True,18.73,C_ORIGINAL,True,humedad_cabina_pct,humedad_cabina_pct:FALTANTE,True,,GIAD-M3-S4-IOT-tratamiento-v1
3272,2026-08-17 11:37:00,VIA-00137,ORD-2026-06375,CAM-15,PROD-054,19.14,C,,0,0,humedad_cabina_pct,True,19.14,C_ORIGINAL,True,humedad_cabina_pct,humedad_cabina_pct:FALTANTE,True,,GIAD-M3-S4-IOT-tratamiento-v1
3300,2026-08-16 01:02:00,VIA-00138,ORD-2026-05332,CAM-23,PROD-040,4.78,C,,0,0,humedad_cabina_pct,True,4.78,C_ORIGINAL,True,humedad_cabina_pct,humedad_cabina_pct:FALTANTE,True,,GIAD-M3-S4-IOT-tratamiento-v1
3343,2026-08-23 07:05:00,VIA-00140,ORD-2026-03911,CAM-21,PROD-044,19.91,C,,0,0,humedad_cabina_pct,True,19.91,C_ORIGINAL,True,humedad_cabina_pct,humedad_cabina_pct:FALTANTE,True,,GIAD-M3-S4-IOT-tratamiento-v1
3349,2026-08-23 10:05:00,VIA-00140,ORD-2026-03911,CAM-21,PROD-044,20.15,C,,0,0,humedad_cabina_pct,True,20.15,C_ORIGINAL,True,humedad_cabina_pct,humedad_cabina_pct:FALTANTE,True,,GIAD-M3-S4-IOT-tratamiento-v1
3617,2026-08-07 23:19:00,VIA-00151,ORD-2026-05731,CAM-13,PROD-040,,C,88.5,0,0,temperatura_cabina_c,True,,SIN_TRATAMIENTO,True,temperatura_cabina_c,temperatura_cabina_c:FALTANTE,True,,GIAD-M3-S4-IOT-tratamiento-v1
4059,2026-08-23 06:41:00,VIA-00170,ORD-2026-04828,CAM-02,PROD-038,17.92,C,,0,0,humedad_cabina_pct,True,17.92,C_ORIGINAL,True,humedad_cabina_pct,humedad_cabina_pct:FALTANTE,True,,GIAD-M3-S4-IOT-tratamiento-v1
4065,2026-08-23 09:41:00,VIA-00170,ORD-2026-04828,CAM-02,PROD-038,18.24,C,,0,0,humedad_cabina_pct,True,18.24,C_ORIGINAL,True,humedad_cabina_pct,humedad_cabina_pct:FALTANTE,True,,GIAD-M3-S4-IOT-tratamiento-v1
4067,2026-08-23 10:41:00,VIA-00170,ORD-2026-04828,CAM-02,PROD-038,19.84,C,,0,0,humedad_cabina_pct,True,19.84,C_ORIGINAL,True,humedad_cabina_pct,humedad_cabina_pct:FALTANTE,True,,GIAD-M3-S4-IOT-tratamiento-v1
4102,2026-08-02 02:36:00,VIA-00171,ORD-2026-04015,CAM-28,PROD-018,,C,38.5,0,0,temperatura_cabina_c,True,,SIN_TRATAMIENTO,True,temperatura_cabina_c,temperatura_cabina_c:FALTANTE,True,,GIAD-M3-S4-IOT-tratamiento-v1
4423,2026-08-02 00:54:00,VIA-00185,ORD-2026-00226,CAM-07,PROD-046,18.37,C,,0,0,humedad_cabina_pct,True,18.37,C_ORIGINAL,True,humedad_cabina_pct,humedad_cabina_pct:FALTANTE,True,,GIAD-M3-S4-IOT-tratamiento-v1
4537,2026-02-31 09:15:00,VIA-00190,ORD-2026-07185,CAM-05,PROD-035,3.82,C,68.9,0,0,timestamp,True,3.82,C_ORIGINAL,True,timestamp,timestamp:FECHA_INVALIDA,True,,GIAD-M3-S4-IOT-tratamiento-v1
4576,2026-08-14 00:56:00,VIA-00191,ORD-2026-06851,CAM-14,PROD-038,19.43,C,,0,0,humedad_cabina_pct,True,19.43,C_ORIGINAL,True,humedad_cabina_pct,humedad_cabina_pct:FALTANTE,True,,GIAD-M3-S4-IOT-tratamiento-v1
4593,2026-08-15 21:06:00,VIA-00192,ORD-2026-05621,CAM-05,PROD-003,,C,84.3,0,0,temperatura_cabina_c,True,,SIN_TRATAMIENTO,True,temperatura_cabina_c,temperatura_cabina_c:FALTANTE,True,,GIAD-M3-S4-IOT-tratamiento-v1
4599,2026-08-16 00:06:00,VIA-00192,ORD-2026-05621,CAM-05,PROD-003,,C,80.0,0,0,temperatura_cabina_c,True,,SIN_TRATAMIENTO,True,temperatura_cabina_c,temperatura_cabina_c:FALTANTE,True,,GIAD-M3-S4-IOT-tratamiento-v1
4674,2026-08-12 03:59:00,VIA-00195,ORD-2026-01977,CAM-02,PROD-029,,C,43.1,1,0,temperatura_cabina_c,True,,SIN_TRATAMIENTO,True,temperatura_cabina_c,temperatura_cabina_c:FALTANTE,True,,GIAD-M3-S4-IOT-tratamiento-v1
4768,2026-02-31 09:15:00,VIA-00199,ORD-2026-04716,CAM-09,PROD-052,-17.1,C,74.5,0,0,timestamp,True,-17.1,C_ORIGINAL,True,timestamp,timestamp:FECHA_INVALIDA,True,,GIAD-M3-S4-IOT-tratamiento-v1
4907,2026-08-24 16:47:00,VIA-00205,ORD-2026-02007,CAM-19,PROD-039,22.58,C,,0,0,humedad_cabina_pct,True,22.58,C_ORIGINAL,True,humedad_cabina_pct,humedad_cabina_pct:FALTANTE,True,,GIAD-M3-S4-IOT-tratamiento-v1
5113,2026-08-11 05:38:00,VIA-00214,ORD-2026-00997,CAM-27,PROD-060,4.78,C,,0,0,humedad_cabina_pct,True,4.78,C_ORIGINAL,True,humedad_cabina_pct,humedad_cabina_pct:FALTANTE,True,,GIAD-M3-S4-IOT-tratamiento-v1
5307,2026-08-21 02:43:00,VIA-00222,ORD-2026-02741,CAM-07,PROD-004,18.6,C,,0,0,humedad_cabina_pct,True,18.6,C_ORIGINAL,True,humedad_cabina_pct,humedad_cabina_pct:FALTANTE,True,,GIAD-M3-S4-IOT-tratamiento-v1
5316,2026-08-21 07:13:00,VIA-00222,ORD-2026-02741,CAM-07,PROD-004,,C,55.4,0,0,temperatura_cabina_c,True,,SIN_TRATAMIENTO,True,temperatura_cabina_c,temperatura_cabina_c:FALTANTE,True,,GIAD-M3-S4-IOT-tratamiento-v1
5371,2026-08-28 23:39:00,VIA-00224,ORD-2026-04902,CAM-16,PROD-029,24.52,C,,0,0,humedad_cabina_pct,True,24.52,C_ORIGINAL,True,humedad_cabina_pct,humedad_cabina_pct:FALTANTE,True,,GIAD-M3-S4-IOT-tratamiento-v1
5468,2026-08-18 08:57:00,VIA-00228,ORD-2026-02255,CAM-02,PROD-032,21.44,C,,0,0,humedad_cabina_pct,True,21.44,C_ORIGINAL,True,humedad_cabina_pct,humedad_cabina_pct:FALTANTE,True,,GIAD-M3-S4-IOT-tratamiento-v1
5609,2026-08-03 18:52:00,VIA-00234,ORD-2026-01178,CAM-22,PROD-007,,C,56.9,0,0,temperatura_cabina_c,True,,SIN_TRATAMIENTO,True,temperatura_cabina_c,temperatura_cabina_c:FALTANTE,True,,GIAD-M3-S4-IOT-tratamiento-v1
5823,2026-02-31 09:15:00,VIA-00243,ORD-2026-02147,CAM-10,PROD-006,20.67,C,48.8,0,0,timestamp,True,20.67,C_ORIGINAL,True,timestamp,timestamp:FECHA_INVALIDA,True,,GIAD-M3-S4-IOT-tratamiento-v1
5856,2026-08-14 22:00:00,VIA-00244,ORD-2026-06776,CAM-09,PROD-024,,C,50.7,0,0,temperatura_cabina_c,True,,SIN_TRATAMIENTO,True,temperatura_cabina_c,temperatura_cabina_c:FALTANTE,True,,GIAD-M3-S4-IOT-tratamiento-v1
6397,2026-08-07 21:07:00,VIA-00267,ORD-2026-07158,CAM-23,PROD-027,,C,49.6,0,0,temperatura_cabina_c,True,,SIN_TRATAMIENTO,True,temperatura_cabina_c,temperatura_cabina_c:FALTANTE,True,,GIAD-M3-S4-IOT-tratamiento-v1
6473,2026-08-11 12:58:00,VIA-00270,ORD-2026-02523,CAM-19,PROD-044,21.87,C,,0,0,humedad_cabina_pct,True,21.87,C_ORIGINAL,True,humedad_cabina_pct,humedad_cabina_pct:FALTANTE,True,,GIAD-M3-S4-IOT-tratamiento-v1
6767,2026-08-16 11:57:00,VIA-00282,ORD-2026-02946,CAM-03,PROD-038,25.53,C,,1,0,humedad_cabina_pct,True,25.53,C_ORIGINAL,True,humedad_cabina_pct,humedad_cabina_pct:FALTANTE,True,,GIAD-M3-S4-IOT-tratamiento-v1
6832,2026-08-02 04:18:00,VIA-00285,ORD-2026-05247,CAM-25,PROD-024,18.07,C,,0,0,humedad_cabina_pct,True,18.07,C_ORIGINAL,True,humedad_cabina_pct,humedad_cabina_pct:FALTANTE,True,,GIAD-M3-S4-IOT-tratamiento-v1
7173,2026-08-20 23:44:00,VIA-00299,ORD-2026-05162,CAM-13,PROD-018,22.52,C,-58.6,0,0,humedad_cabina_pct,True,22.52,C_ORIGINAL,True,humedad_cabina_pct,humedad_cabina_pct:FUERA_RANGO,True,,GIAD-M3-S4-IOT-tratamiento-v1
7245,2026-08-29 20:11:00,VIA-00302,ORD-2026-00057,CAM-14,PROD-034,17.76,C,,0,0,humedad_cabina_pct,True,17.76,C_ORIGINAL,True,humedad_cabina_pct,humedad_cabina_pct:FALTANTE,True,,GIAD-M3-S4-IOT-tratamiento-v1
7256,2026-08-06 14:06:00,VIA-00303,ORD-2026-03846,CAM-28,PROD-013,-18.44,C,,0,0,humedad_cabina_pct,True,-18.44,C_ORIGINAL,True,humedad_cabina_pct,humedad_cabina_pct:FALTANTE,True,,GIAD-M3-S4-IOT-tratamiento-v1
7391,2026-08-16 07:42:00,VIA-00308,ORD-2026-02207,CAM-01,PROD-050,,C,72.0,0,0,temperatura_cabina_c,True,,SIN_TRATAMIENTO,True,temperatura_cabina_c,temperatura_cabina_c:FALTANTE,True,,GIAD-M3-S4-IOT-tratamiento-v1
7455,2026-08-13 04:51:00,VIA-00311,ORD-2026-02949,CAM-08,PROD-030,19.43,C,,0,0,humedad_cabina_pct,True,19.43,C_ORIGINAL,True,humedad_cabina_pct,humedad_cabina_pct:FALTANTE,True,,GIAD-M3-S4-IOT-tratamiento-v1
7583,2026-08-03 06:59:00,VIA-00316,ORD-2026-04476,CAM-05,PROD-026,,C,46.9,0,0,temperatura_cabina_c,True,,SIN_TRATAMIENTO,True,temperatura_cabina_c,temperatura_cabina_c:FALTANTE,True,,GIAD-M3-S4-IOT-tratamiento-v1
7681,2026-08-25 17:59:00,VIA-00321,ORD-2026-04625,CAM-13,PROD-049,2.91,C,-80.5,0,0,humedad_cabina_pct,True,2.91,C_ORIGINAL,True,humedad_cabina_pct,humedad_cabina_pct:FUERA_RANGO,True,,GIAD-M3-S4-IOT-tratamiento-v1
7776,2026-08-26 18:27:00,VIA-00324,ORD-2026-05843,CAM-03,PROD-013,,C,69.9,0,0,temperatura_cabina_c,True,,SIN_TRATAMIENTO,True,temperatura_cabina_c,temperatura_cabina_c:FALTANTE,True,,GIAD-M3-S4-IOT-tratamiento-v1
7782,2026-08-07 21:01:00,VIA-00325,ORD-2026-00169,CAM-07,PROD-027,,C,54.6,0,0,temperatura_cabina_c,True,,SIN_TRATAMIENTO,True,temperatura_cabina_c,temperatura_cabina_c:FALTANTE,True,,GIAD-M3-S4-IOT-tratamiento-v1
7941,2026-08-25 19:55:00,VIA-00331,ORD-2026-03610,CAM-03,PROD-028,19.02,C,,0,0,humedad_cabina_pct,True,19.02,C_ORIGINAL,True,humedad_cabina_pct,humedad_cabina_pct:FALTANTE,True,,GIAD-M3-S4-IOT-tratamiento-v1
8028,2026-08-29 16:06:00,VIA-00335,ORD-2026-07179,CAM-05,PROD-036,,C,76.4,0,0,temperatura_cabina_c,True,,SIN_TRATAMIENTO,True,temperatura_cabina_c,temperatura_cabina_c:FALTANTE,True,,GIAD-M3-S4-IOT-tratamiento-v1
8232,2026-08-12 06:03:00,VIA-00343,ORD-2026-06413,CAM-18,PROD-017,5.51,C,,0,0,humedad_cabina_pct,True,5.51,C_ORIGINAL,True,humedad_cabina_pct,humedad_cabina_pct:FALTANTE,True,,GIAD-M3-S4-IOT-tratamiento-v1
8696,2026-02-31 09:15:00,VIA-00363,ORD-2026-07429,CAM-09,PROD-033,18.99,C,53.9,0,0,timestamp,True,18.99,C_ORIGINAL,True,timestamp,timestamp:FECHA_INVALIDA,True,,GIAD-M3-S4-IOT-tratamiento-v1
9333,2026-08-18 05:48:00,VIA-00389,ORD-2026-02236,CAM-17,PROD-045,,C,46.3,0,0,temperatura_cabina_c,True,,SIN_TRATAMIENTO,True,temperatura_cabina_c,temperatura_cabina_c:FALTANTE,True,,GIAD-M3-S4-IOT-tratamiento-v1
9412,2026-08-11 22:46:00,VIA-00393,ORD-2026-02901,CAM-05,PROD-031,-19.46,C,,0,0,humedad_cabina_pct,True,-19.46,C_ORIGINAL,True,humedad_cabina_pct,humedad_cabina_pct:FALTANTE,True,,GIAD-M3-S4-IOT-tratamiento-v1
9456,2026-02-31 09:15:00,VIA-00394,ORD-2026-07231,CAM-03,PROD-049,4.01,C,88.1,0,0,timestamp,True,4.01,C_ORIGINAL,True,timestamp,timestamp:FECHA_INVALIDA,True,,GIAD-M3-S4-IOT-tratamiento-v1
9968,2026-08-01 06:34:00,VIA-00416,ORD-2026-01855,CAM-28,PROD-059,2.49,C,,0,0,humedad_cabina_pct,True,2.49,C_ORIGINAL,True,humedad_cabina_pct,humedad_cabina_pct:FALTANTE,True,,GIAD-M3-S4-IOT-tratamiento-v1
10021,2026-08-04 21:45:00,VIA-00418,ORD-2026-05862,CAM-10,PROD-033,,C,42.4,0,0,temperatura_cabina_c,True,,SIN_TRATAMIENTO,True,temperatura_cabina_c,temperatura_cabina_c:FALTANTE,True,,GIAD-M3-S4-IOT-tratamiento-v1
10080,2026-08-09 01:32:00,VIA-00420,ORD-2026-02885,CAM-08,PROD-011,,C,78.9,0,0,temperatura_cabina_c,True,,SIN_TRATAMIENTO,True,temperatura_cabina_c,temperatura_cabina_c:FALTANTE,True,,GIAD-M3-S4-IOT-tratamiento-v1
10123,2026-02-31 09:15:00,VIA-00422,ORD-2026-00525,CAM-09,PROD-050,4.56,C,83.8,0,0,timestamp,True,4.56,C_ORIGINAL,True,timestamp,timestamp:FECHA_INVALIDA,True,,GIAD-M3-S4-IOT-tratamiento-v1
10240,2026-08-10 03:20:00,VIA-00427,ORD-2026-04049,CAM-22,PROD-033,19.43,C,,0,0,humedad_cabina_pct,True,19.43,C_ORIGINAL,True,humedad_cabina_pct,humedad_cabina_pct:FALTANTE,True,,GIAD-M3-S4-IOT-tratamiento-v1
10309,2026-08-05 13:32:00,VIA-00430,ORD-2026-02197,CAM-28,PROD-002,4.48,C,,0,0,humedad_cabina_pct,True,4.48,C_ORIGINAL,True,humedad_cabina_pct,humedad_cabina_pct:FALTANTE,True,,GIAD-M3-S4-IOT-tratamiento-v1
10372,2026-08-10 15:26:00,VIA-00433,ORD-2026-00959,CAM-07,PROD-045,,C,43.9,0,0,temperatura_cabina_c,True,,SIN_TRATAMIENTO,True,temperatura_cabina_c,temperatura_cabina_c:FALTANTE,True,,GIAD-M3-S4-IOT-tratamiento-v1
10385,2026-08-10 21:56:00,VIA-00433,ORD-2026-00959,CAM-07,PROD-045,18.26,C,,0,0,humedad_cabina_pct,True,18.26,C_ORIGINAL,True,humedad_cabina_pct,humedad_cabina_pct:FALTANTE,True,,GIAD-M3-S4-IOT-tratamiento-v1
10599,2026-08-21 19:14:00,VIA-00442,ORD-2026-02381,CAM-13,PROD-035,4.07,C,,0,0,humedad_cabina_pct,True,4.07,C_ORIGINAL,True,humedad_cabina_pct,humedad_cabina_pct:FALTANTE,True,,GIAD-M3-S4-IOT-tratamiento-v1
10714,2026-08-29 20:15:00,VIA-00447,ORD-2026-05229,CAM-22,PROD-060,5.07,C,,0,0,humedad_cabina_pct,True,5.07,C_ORIGINAL,True,humedad_cabina_pct,humedad_cabina_pct:FALTANTE,True,,GIAD-M3-S4-IOT-tratamiento-v1
11002,2026-08-25 22:34:00,VIA-00459,ORD-2026-07455,CAM-27,PROD-028,18.8,C,,0,0,humedad_cabina_pct,True,18.8,C_ORIGINAL,True,humedad_cabina_pct,humedad_cabina_pct:FALTANTE,True,,GIAD-M3-S4-IOT-tratamiento-v1
11185,2026-08-03 02:46:00,VIA-00467,ORD-2026-07428,CAM-26,PROD-029,22.1,C,,0,0,humedad_cabina_pct,True,22.1,C_ORIGINAL,True,humedad_cabina_pct,humedad_cabina_pct:FALTANTE,True,,GIAD-M3-S4-IOT-tratamiento-v1
11242,2026-08-13 20:47:00,VIA-00469,ORD-2026-01442,CAM-26,PROD-018,22.42,C,,0,0,humedad_cabina_pct,True,22.42,C_ORIGINAL,True,humedad_cabina_pct,humedad_cabina_pct:FALTANTE,True,,GIAD-M3-S4-IOT-tratamiento-v1
11375,2026-08-29 04:07:00,VIA-00474,ORD-2026-05908,CAM-24,PROD-047,19.11,C,,0,0,humedad_cabina_pct,True,19.11,C_ORIGINAL,True,humedad_cabina_pct,humedad_cabina_pct:FALTANTE,True,,GIAD-M3-S4-IOT-tratamiento-v1
11387,2026-08-22 23:28:00,VIA-00475,ORD-2026-01792,CAM-05,PROD-052,,C,57.9,0,0,temperatura_cabina_c,True,,SIN_TRATAMIENTO,True,temperatura_cabina_c,temperatura_cabina_c:FALTANTE,True,,GIAD-M3-S4-IOT-tratamiento-v1
11464,2026-08-22 16:32:00,VIA-00478,ORD-2026-00466,CAM-08,PROD-013,-19.76,C,,0,0,humedad_cabina_pct,True,-19.76,C_ORIGINAL,True,humedad_cabina_pct,humedad_cabina_pct:FALTANTE,True,,GIAD-M3-S4-IOT-tratamiento-v1
11804,2026-08-27 06:35:00,VIA-00492,ORD-2026-01737,CAM-05,PROD-002,3.3,C,,0,0,humedad_cabina_pct,True,3.3,C_ORIGINAL,True,humedad_cabina_pct,humedad_cabina_pct:FALTANTE,True,,GIAD-M3-S4-IOT-tratamiento-v1
11822,2026-08-16 13:02:00,VIA-00493,ORD-2026-00167,CAM-05,PROD-001,,C,74.8,0,0,temperatura_cabina_c,True,,SIN_TRATAMIENTO,True,temperatura_cabina_c,temperatura_cabina_c:FALTANTE,True,,GIAD-M3-S4-IOT-tratamiento-v1
11926,2026-08-15 03:00:00,VIA-00497,ORD-2026-02619,CAM-23,PROD-001,,C,55.2,0,0,temperatura_cabina_c,True,,SIN_TRATAMIENTO,True,temperatura_cabina_c,temperatura_cabina_c:FALTANTE,True,,GIAD-M3-S4-IOT-tratamiento-v1
12450,2026-08-24 20:04:00,VIA-00519,ORD-2026-03330,CAM-18,PROD-053,20.23,C,,0,0,humedad_cabina_pct,True,20.23,C_ORIGINAL,True,humedad_cabina_pct,humedad_cabina_pct:FALTANTE,True,,GIAD-M3-S4-IOT-tratamiento-v1
12678,2026-08-16 14:55:00,VIA-00529,ORD-2026-05310,CAM-17,PROD-006,,C,53.3,0,0,temperatura_cabina_c,True,,SIN_TRATAMIENTO,True,temperatura_cabina_c,temperatura_cabina_c:FALTANTE,True,,GIAD-M3-S4-IOT-tratamiento-v1
12757,2026-08-02 20:37:00,VIA-00532,ORD-2026-04733,CAM-20,PROD-021,,C,46.3,0,0,temperatura_cabina_c,True,,SIN_TRATAMIENTO,True,temperatura_cabina_c,temperatura_cabina_c:FALTANTE,True,,GIAD-M3-S4-IOT-tratamiento-v1
12771,2026-08-16 13:09:00,VIA-00533,ORD-2026-06751,CAM-06,PROD-034,,C,55.3,0,0,temperatura_cabina_c,True,,SIN_TRATAMIENTO,True,temperatura_cabina_c,temperatura_cabina_c:FALTANTE,True,,GIAD-M3-S4-IOT-tratamiento-v1
12964,2026-08-03 17:02:00,VIA-00541,ORD-2026-07125,CAM-26,PROD-014,21.61,C,,0,0,humedad_cabina_pct,True,21.61,C_ORIGINAL,True,humedad_cabina_pct,humedad_cabina_pct:FALTANTE,True,,GIAD-M3-S4-IOT-tratamiento-v1
13029,2026-02-31 09:15:00,VIA-00543,ORD-2026-03706,CAM-07,PROD-037,21.24,C,42.8,0,0,timestamp,True,21.24,C_ORIGINAL,True,timestamp,timestamp:FECHA_INVALIDA,True,,GIAD-M3-S4-IOT-tratamiento-v1
13055,2026-08-08 22:43:00,VIA-00544,ORD-2026-02077,CAM-01,PROD-023,-18.2,C,-52.1,0,0,humedad_cabina_pct,True,-18.2,C_ORIGINAL,True,humedad_cabina_pct,humedad_cabina_pct:FUERA_RANGO,True,,GIAD-M3-S4-IOT-tratamiento-v1
13130,2026-08-13 23:02:00,VIA-00548,ORD-2026-02360,CAM-10,PROD-016,19.44,C,,0,0,humedad_cabina_pct,True,19.44,C_ORIGINAL,True,humedad_cabina_pct,humedad_cabina_pct:FALTANTE,True,,GIAD-M3-S4-IOT-tratamiento-v1
13298,2026-08-19 11:30:00,VIA-00555,ORD-2026-05267,CAM-03,PROD-015,,C,62.0,0,0,temperatura_cabina_c,True,,SIN_TRATAMIENTO,True,temperatura_cabina_c,temperatura_cabina_c:FALTANTE,True,,GIAD-M3-S4-IOT-tratamiento-v1
13586,2026-08-08 16:01:00,VIA-00567,ORD-2026-04493,CAM-03,PROD-036,,C,66.2,0,0,temperatura_cabina_c,True,,SIN_TRATAMIENTO,True,temperatura_cabina_c,temperatura_cabina_c:FALTANTE,True,,GIAD-M3-S4-IOT-tratamiento-v1
13803,2026-08-06 03:08:00,VIA-00576,ORD-2026-05478,CAM-12,PROD-057,20.94,C,,0,0,humedad_cabina_pct,True,20.94,C_ORIGINAL,True,humedad_cabina_pct,humedad_cabina_pct:FALTANTE,True,,GIAD-M3-S4-IOT-tratamiento-v1
13903,2026-08-03 17:16:00,VIA-00580,ORD-2026-05580,CAM-06,PROD-032,291.62,K,,0,0,humedad_cabina_pct|temp_unit,True,18.47,K_A_C,True,humedad_cabina_pct|temp_unit,humedad_cabina_pct:FALTANTE,True,K_A_C,GIAD-M3-S4-IOT-tratamiento-v1
14008,2026-08-20 05:20:00,VIA-00584,ORD-2026-04073,CAM-22,PROD-046,,C,50.0,0,0,temperatura_cabina_c,True,,SIN_TRATAMIENTO,True,temperatura_cabina_c,temperatura_cabina_c:FALTANTE,True,,GIAD-M3-S4-IOT-tratamiento-v1
14165,2026-02-31 09:15:00,VIA-00591,ORD-2026-05366,CAM-07,PROD-055,18.53,C,39.0,0,0,timestamp,True,18.53,C_ORIGINAL,True,timestamp,timestamp:FECHA_INVALIDA,True,,GIAD-M3-S4-IOT-tratamiento-v1
14308,2026-08-23 09:33:00,VIA-00597,ORD-2026-03700,CAM-02,PROD-007,20.88,C,-53.9,0,0,humedad_cabina_pct,True,20.88,C_ORIGINAL,True,humedad_cabina_pct,humedad_cabina_pct:FUERA_RANGO,True,,GIAD-M3-S4-IOT-tratamiento-v1
14376,2026-08-20 04:42:00,VIA-00599,ORD-2026-04996,CAM-23,PROD-054,,C,47.4,0,0,temperatura_cabina_c,True,,SIN_TRATAMIENTO,True,temperatura_cabina_c,temperatura_cabina_c:FALTANTE,True,,GIAD-M3-S4-IOT-tratamiento-v1
14414,2026-02-31 09:15:00,VIA-00601,ORD-2026-00100,CAM-15,PROD-027,21.97,C,37.4,0,0,timestamp,True,21.97,C_ORIGINAL,True,timestamp,timestamp:FECHA_INVALIDA,True,,GIAD-M3-S4-IOT-tratamiento-v1
14488,2026-08-12 10:52:00,VIA-00604,ORD-2026-03327,CAM-26,PROD-054,23.45,C,,0,0,humedad_cabina_pct,True,23.45,C_ORIGINAL,True,humedad_cabina_pct,humedad_cabina_pct:FALTANTE,True,,GIAD-M3-S4-IOT-tratamiento-v1
14718,2026-08-08 21:28:00,VIA-00614,ORD-2026-03723,CAM-08,PROD-025,,C,76.0,0,0,temperatura_cabina_c,True,,SIN_TRATAMIENTO,True,temperatura_cabina_c,temperatura_cabina_c:FALTANTE,True,,GIAD-M3-S4-IOT-tratamiento-v1
14740,2026-08-24 19:26:00,VIA-00615,ORD-2026-05692,CAM-20,PROD-049,4.13,C,,0,0,humedad_cabina_pct,True,4.13,C_ORIGINAL,True,humedad_cabina_pct,humedad_cabina_pct:FALTANTE,True,,GIAD-M3-S4-IOT-tratamiento-v1
14863,2026-08-09 17:35:00,VIA-00620,ORD-2026-05089,CAM-10,PROD-014,,C,47.3,0,0,temperatura_cabina_c,True,,SIN_TRATAMIENTO,True,temperatura_cabina_c,temperatura_cabina_c:FALTANTE,True,,GIAD-M3-S4-IOT-tratamiento-v1
15013,2026-08-29 10:17:00,VIA-00626,ORD-2026-01601,CAM-07,PROD-006,,C,62.5,0,0,temperatura_cabina_c,True,,SIN_TRATAMIENTO,True,temperatura_cabina_c,temperatura_cabina_c:FALTANTE,True,,GIAD-M3-S4-IOT-tratamiento-v1
15244,2026-02-31 09:15:00,VIA-00636,ORD-2026-07494,CAM-01,PROD-043,4.67,C,76.7,0,0,timestamp,True,4.67,C_ORIGINAL,True,timestamp,timestamp:FECHA_INVALIDA,True,,GIAD-M3-S4-IOT-tratamiento-v1
15501,2026-08-09 04:24:00,VIA-00646,ORD-2026-05705,CAM-13,PROD-039,17.94,C,-38.2,0,0,humedad_cabina_pct,True,17.94,C_ORIGINAL,True,humedad_cabina_pct,humedad_cabina_pct:FUERA_RANGO,True,,GIAD-M3-S4-IOT-tratamiento-v1
15825,2026-08-19 11:34:00,VIA-00660,ORD-2026-00770,CAM-05,PROD-036,-17.61,C,,0,0,humedad_cabina_pct,True,-17.61,C_ORIGINAL,True,humedad_cabina_pct,humedad_cabina_pct:FALTANTE,True,,GIAD-M3-S4-IOT-tratamiento-v1
15940,2026-08-14 06:53:00,VIA-00665,ORD-2026-06174,CAM-24,PROD-011,3.93,C,,0,0,humedad_cabina_pct,True,3.93,C_ORIGINAL,True,humedad_cabina_pct,humedad_cabina_pct:FALTANTE,True,,GIAD-M3-S4-IOT-tratamiento-v1
16079,2026-08-18 11:57:00,VIA-00670,ORD-2026-03021,CAM-14,PROD-010,19.72,C,,0,0,humedad_cabina_pct,True,19.72,C_ORIGINAL,True,humedad_cabina_pct,humedad_cabina_pct:FALTANTE,True,,GIAD-M3-S4-IOT-tratamiento-v1
16092,2026-08-12 03:28:00,VIA-00671,ORD-2026-02196,CAM-19,PROD-007,23.14,C,,0,0,humedad_cabina_pct,True,23.14,C_ORIGINAL,True,humedad_cabina_pct,humedad_cabina_pct:FALTANTE,True,,GIAD-M3-S4-IOT-tratamiento-v1
16209,2026-08-19 11:36:00,VIA-00676,ORD-2026-07291,CAM-09,PROD-004,20.47,C,,0,0,humedad_cabina_pct,True,20.47,C_ORIGINAL,True,humedad_cabina_pct,humedad_cabina_pct:FALTANTE,True,,GIAD-M3-S4-IOT-tratamiento-v1
16284,2026-08-18 18:48:00,VIA-00679,ORD-2026-05063,CAM-26,PROD-045,,C,42.3,0,0,temperatura_cabina_c,True,,SIN_TRATAMIENTO,True,temperatura_cabina_c,temperatura_cabina_c:FALTANTE,True,,GIAD-M3-S4-IOT-tratamiento-v1
16388,2026-08-18 16:54:00,VIA-00683,ORD-2026-07129,CAM-01,PROD-007,22.09,C,,0,0,humedad_cabina_pct,True,22.09,C_ORIGINAL,True,humedad_cabina_pct,humedad_cabina_pct:FALTANTE,True,,GIAD-M3-S4-IOT-tratamiento-v1
16469,2026-08-12 22:12:00,VIA-00687,ORD-2026-03211,CAM-08,PROD-025,4.32,C,,0,0,humedad_cabina_pct,True,4.32,C_ORIGINAL,True,humedad_cabina_pct,humedad_cabina_pct:FALTANTE,True,,GIAD-M3-S4-IOT-tratamiento-v1
16543,2026-08-13 08:33:00,VIA-00690,ORD-2026-06406,CAM-09,PROD-036,-17.27,C,,0,1,humedad_cabina_pct,True,-17.27,C_ORIGINAL,True,humedad_cabina_pct,humedad_cabina_pct:FALTANTE,True,,GIAD-M3-S4-IOT-tratamiento-v1
16576,2026-08-18 11:02:00,VIA-00691,ORD-2026-05152,CAM-12,PROD-025,,C,79.6,1,1,temperatura_cabina_c,True,,SIN_TRATAMIENTO,True,temperatura_cabina_c,temperatura_cabina_c:FALTANTE,True,,GIAD-M3-S4-IOT-tratamiento-v1
16707,2026-08-23 13:37:00,VIA-00697,ORD-2026-00912,CAM-12,PROD-045,19.95,C,,0,0,humedad_cabina_pct,True,19.95,C_ORIGINAL,True,humedad_cabina_pct,humedad_cabina_pct:FALTANTE,True,,GIAD-M3-S4-IOT-tratamiento-v1
16752,2026-08-12 11:18:00,VIA-00698,ORD-2026-04343,CAM-06,PROD-041,20.67,C,,0,0,humedad_cabina_pct,True,20.67,C_ORIGINAL,True,humedad_cabina_pct,humedad_cabina_pct:FALTANTE,True,,GIAD-M3-S4-IOT-tratamiento-v1
16767,2026-08-21 14:15:00,VIA-00699,ORD-2026-02559,CAM-05,PROD-036,-17.96,C,,0,0,humedad_cabina_pct,True,-17.96,C_ORIGINAL,True,humedad_cabina_pct,humedad_cabina_pct:FALTANTE,True,,GIAD-M3-S4-IOT-tratamiento-v1
17109,2026-08-12 08:49:00,VIA-00713,ORD-2026-06906,CAM-22,PROD-031,,C,78.8,0,0,temperatura_cabina_c,True,,SIN_TRATAMIENTO,True,temperatura_cabina_c,temperatura_cabina_c:FALTANTE,True,,GIAD-M3-S4-IOT-tratamiento-v1
17151,2026-08-18 07:46:00,VIA-00715,ORD-2026-05222,CAM-28,PROD-060,3.78,C,,0,0,humedad_cabina_pct,True,3.78,C_ORIGINAL,True,humedad_cabina_pct,humedad_cabina_pct:FALTANTE,True,,GIAD-M3-S4-IOT-tratamiento-v1
17374,2026-08-05 06:01:00,VIA-00724,ORD-2026-03198,CAM-14,PROD-058,,C,44.6,0,0,temperatura_cabina_c,True,,SIN_TRATAMIENTO,True,temperatura_cabina_c,temperatura_cabina_c:FALTANTE,True,,GIAD-M3-S4-IOT-tratamiento-v1
17534,2026-08-22 15:34:00,VIA-00731,ORD-2026-01582,CAM-12,PROD-024,16.73,C,,0,0,humedad_cabina_pct,True,16.73,C_ORIGINAL,True,humedad_cabina_pct,humedad_cabina_pct:FALTANTE,True,,GIAD-M3-S4-IOT-tratamiento-v1
17705,2026-08-01 16:28:00,VIA-00738,ORD-2026-06546,CAM-12,PROD-051,-18.09,C,-58.5,0,0,humedad_cabina_pct,True,-18.09,C_ORIGINAL,True,humedad_cabina_pct,humedad_cabina_pct:FUERA_RANGO,True,,GIAD-M3-S4-IOT-tratamiento-v1
17759,2026-08-08 05:48:00,VIA-00740,ORD-2026-01576,CAM-26,PROD-047,17.92,C,,0,0,humedad_cabina_pct,True,17.92,C_ORIGINAL,True,humedad_cabina_pct,humedad_cabina_pct:FALTANTE,True,,GIAD-M3-S4-IOT-tratamiento-v1
17823,2026-08-09 10:12:00,VIA-00743,ORD-2026-06555,CAM-12,PROD-013,,C,54.9,0,0,temperatura_cabina_c,True,,SIN_TRATAMIENTO,True,temperatura_cabina_c,temperatura_cabina_c:FALTANTE,True,,GIAD-M3-S4-IOT-tratamiento-v1
18237,2026-08-19 10:51:00,VIA-00760,ORD-2026-06010,CAM-03,PROD-003,,C,74.3,0,1,temperatura_cabina_c,True,,SIN_TRATAMIENTO,True,temperatura_cabina_c,temperatura_cabina_c:FALTANTE,True,,GIAD-M3-S4-IOT-tratamiento-v1
18632,2026-08-26 14:42:00,VIA-00777,ORD-2026-06731,CAM-22,PROD-033,,C,55.4,0,0,temperatura_cabina_c,True,,SIN_TRATAMIENTO,True,temperatura_cabina_c,temperatura_cabina_c:FALTANTE,True,,GIAD-M3-S4-IOT-tratamiento-v1
18636,2026-08-26 16:42:00,VIA-00777,ORD-2026-06731,CAM-22,PROD-033,17.46,C,-53.2,0,0,humedad_cabina_pct,True,17.46,C_ORIGINAL,True,humedad_cabina_pct,humedad_cabina_pct:FUERA_RANGO,True,,GIAD-M3-S4-IOT-tratamiento-v1
18782,2026-08-07 02:00:00,VIA-00783,ORD-2026-05701,CAM-11,PROD-021,,C,40.0,0,0,temperatura_cabina_c,True,,SIN_TRATAMIENTO,True,temperatura_cabina_c,temperatura_cabina_c:FALTANTE,True,,GIAD-M3-S4-IOT-tratamiento-v1
18810,2026-08-10 04:33:00,VIA-00784,ORD-2026-02448,CAM-22,PROD-018,,C,56.1,0,0,temperatura_cabina_c,True,,SIN_TRATAMIENTO,True,temperatura_cabina_c,temperatura_cabina_c:FALTANTE,True,,GIAD-M3-S4-IOT-tratamiento-v1
19197,2026-08-03 05:32:00,VIA-00800,ORD-2026-02180,CAM-28,PROD-059,5.01,C,,0,1,humedad_cabina_pct,True,5.01,C_ORIGINAL,True,humedad_cabina_pct,humedad_cabina_pct:FALTANTE,True,,GIAD-M3-S4-IOT-tratamiento-v1
19393,2026-08-02 00:56:00,VIA-00809,ORD-2026-02325,CAM-30,PROD-057,20.1,C,-48.1,0,0,humedad_cabina_pct,True,20.1,C_ORIGINAL,True,humedad_cabina_pct,humedad_cabina_pct:FUERA_RANGO,True,,GIAD-M3-S4-IOT-tratamiento-v1
19491,2026-08-19 20:32:00,VIA-00813,ORD-2026-00406,CAM-23,PROD-016,18.46,C,,0,0,humedad_cabina_pct,True,18.46,C_ORIGINAL,True,humedad_cabina_pct,humedad_cabina_pct:FALTANTE,True,,GIAD-M3-S4-IOT-tratamiento-v1
19544,2026-08-19 07:55:00,VIA-00815,ORD-2026-00036,CAM-23,PROD-003,4.08,C,,0,0,humedad_cabina_pct,True,4.08,C_ORIGINAL,True,humedad_cabina_pct,humedad_cabina_pct:FALTANTE,True,,GIAD-M3-S4-IOT-tratamiento-v1
19655,2026-08-24 23:37:00,VIA-00819,ORD-2026-01821,CAM-05,PROD-049,4.24,C,,0,0,humedad_cabina_pct,True,4.24,C_ORIGINAL,True,humedad_cabina_pct,humedad_cabina_pct:FALTANTE,True,,GIAD-M3-S4-IOT-tratamiento-v1
20071,2026-08-09 12:40:00,VIA-00837,ORD-2026-05889,CAM-14,PROD-003,,C,87.1,0,1,temperatura_cabina_c,True,,SIN_TRATAMIENTO,True,temperatura_cabina_c,temperatura_cabina_c:FALTANTE,True,,GIAD-M3-S4-IOT-tratamiento-v1
20228,2026-08-10 23:07:00,VIA-00843,ORD-2026-07262,CAM-13,PROD-060,3.71,C,-66.8,0,0,humedad_cabina_pct,True,3.71,C_ORIGINAL,True,humedad_cabina_pct,humedad_cabina_pct:FUERA_RANGO,True,,GIAD-M3-S4-IOT-tratamiento-v1
20884,2026-08-19 16:49:00,VIA-00871,ORD-2026-05637,CAM-28,PROD-030,21.2,C,,0,0,humedad_cabina_pct,True,21.2,C_ORIGINAL,True,humedad_cabina_pct,humedad_cabina_pct:FALTANTE,True,,GIAD-M3-S4-IOT-tratamiento-v1
21058,2026-02-31 09:15:00,VIA-00878,ORD-2026-02175,CAM-12,PROD-007,18.73,C,43.9,0,0,timestamp,True,18.73,C_ORIGINAL,True,timestamp,timestamp:FECHA_INVALIDA,True,,GIAD-M3-S4-IOT-tratamiento-v1
21118,2026-08-24 18:15:00,VIA-00880,ORD-2026-04852,CAM-14,PROD-023,-17.91,C,,0,0,humedad_cabina_pct,True,-17.91,C_ORIGINAL,True,humedad_cabina_pct,humedad_cabina_pct:FALTANTE,True,,GIAD-M3-S4-IOT-tratamiento-v1
21212,2026-08-11 11:48:00,VIA-00884,ORD-2026-02791,CAM-05,PROD-014,21.62,C,,0,0,humedad_cabina_pct,True,21.62,C_ORIGINAL,True,humedad_cabina_pct,humedad_cabina_pct:FALTANTE,True,,GIAD-M3-S4-IOT-tratamiento-v1
21240,2026-08-03 15:27:00,VIA-00885,ORD-2026-07094,CAM-12,PROD-047,,C,59.2,0,0,temperatura_cabina_c,True,,SIN_TRATAMIENTO,True,temperatura_cabina_c,temperatura_cabina_c:FALTANTE,True,,GIAD-M3-S4-IOT-tratamiento-v1
21325,2026-08-27 03:39:00,VIA-00889,ORD-2026-03183,CAM-08,PROD-046,,C,40.0,0,0,temperatura_cabina_c,True,,SIN_TRATAMIENTO,True,temperatura_cabina_c,temperatura_cabina_c:FALTANTE,True,,GIAD-M3-S4-IOT-tratamiento-v1
21409,2026-08-12 00:05:00,VIA-00893,ORD-2026-01236,CAM-09,PROD-037,,C,48.7,0,0,temperatura_cabina_c,True,,SIN_TRATAMIENTO,True,temperatura_cabina_c,temperatura_cabina_c:FALTANTE,True,,GIAD-M3-S4-IOT-tratamiento-v1
21413,2026-08-12 02:05:00,VIA-00893,ORD-2026-01236,CAM-09,PROD-037,,C,48.7,0,0,temperatura_cabina_c,True,,SIN_TRATAMIENTO,True,temperatura_cabina_c,temperatura_cabina_c:FALTANTE,True,,GIAD-M3-S4-IOT-tratamiento-v1
21421,2026-02-31 09:15:00,VIA-00893,ORD-2026-01236,CAM-09,PROD-037,17.6,C,58.7,0,0,timestamp,True,17.6,C_ORIGINAL,True,timestamp,timestamp:FECHA_INVALIDA,True,,GIAD-M3-S4-IOT-tratamiento-v1
21435,2026-08-07 04:25:00,VIA-00894,ORD-2026-03236,CAM-28,PROD-004,19.42,C,,0,0,humedad_cabina_pct,True,19.42,C_ORIGINAL,True,humedad_cabina_pct,humedad_cabina_pct:FALTANTE,True,,GIAD-M3-S4-IOT-tratamiento-v1
21887,2026-08-12 20:46:00,VIA-00912,ORD-2026-01925,CAM-14,PROD-059,4.25,C,,0,0,humedad_cabina_pct,True,4.25,C_ORIGINAL,True,humedad_cabina_pct,humedad_cabina_pct:FALTANTE,True,,GIAD-M3-S4-IOT-tratamiento-v1
22248,2026-08-14 19:04:00,VIA-00927,ORD-2026-07022,CAM-14,PROD-049,4.34,C,,0,0,humedad_cabina_pct,True,4.34,C_ORIGINAL,True,humedad_cabina_pct,humedad_cabina_pct:FALTANTE,True,,GIAD-M3-S4-IOT-tratamiento-v1
22298,2026-08-16 16:18:00,VIA-00930,ORD-2026-02185,CAM-20,PROD-056,4.53,C,,0,0,humedad_cabina_pct,True,4.53,C_ORIGINAL,True,humedad_cabina_pct,humedad_cabina_pct:FALTANTE,True,,GIAD-M3-S4-IOT-tratamiento-v1
22365,2026-08-25 17:02:00,VIA-00932,ORD-2026-02192,CAM-01,PROD-005,,C,42.7,0,0,temperatura_cabina_c,True,,SIN_TRATAMIENTO,True,temperatura_cabina_c,temperatura_cabina_c:FALTANTE,True,,GIAD-M3-S4-IOT-tratamiento-v1
22592,2026-08-13 19:08:00,VIA-00942,ORD-2026-01543,CAM-03,PROD-032,,C,48.6,0,0,temperatura_cabina_c,True,,SIN_TRATAMIENTO,True,temperatura_cabina_c,temperatura_cabina_c:FALTANTE,True,,GIAD-M3-S4-IOT-tratamiento-v1
22613,2026-02-31 09:15:00,VIA-00943,ORD-2026-05464,CAM-26,PROD-030,20.63,C,46.5,0,0,timestamp,True,20.63,C_ORIGINAL,True,timestamp,timestamp:FECHA_INVALIDA,True,,GIAD-M3-S4-IOT-tratamiento-v1
22841,2026-08-06 22:35:00,VIA-00952,ORD-2026-06575,CAM-24,PROD-028,18.97,C,,0,0,humedad_cabina_pct,True,18.97,C_ORIGINAL,True,humedad_cabina_pct,humedad_cabina_pct:FALTANTE,True,,GIAD-M3-S4-IOT-tratamiento-v1
22960,2026-08-09 20:52:00,VIA-00957,ORD-2026-07439,CAM-12,PROD-003,3.46,C,,0,0,humedad_cabina_pct,True,3.46,C_ORIGINAL,True,humedad_cabina_pct,humedad_cabina_pct:FALTANTE,True,,GIAD-M3-S4-IOT-tratamiento-v1
23093,2026-08-07 06:36:00,VIA-00963,ORD-2026-07082,CAM-12,PROD-036,,C,72.9,0,0,temperatura_cabina_c,True,,SIN_TRATAMIENTO,True,temperatura_cabina_c,temperatura_cabina_c:FALTANTE,True,,GIAD-M3-S4-IOT-tratamiento-v1
23135,2026-08-02 20:18:00,VIA-00964,ORD-2026-00420,CAM-01,PROD-030,18.24,C,,0,0,humedad_cabina_pct,True,18.24,C_ORIGINAL,True,humedad_cabina_pct,humedad_cabina_pct:FALTANTE,True,,GIAD-M3-S4-IOT-tratamiento-v1
23179,2026-08-18 10:09:00,VIA-00966,ORD-2026-00270,CAM-10,PROD-014,17.46,C,,0,0,humedad_cabina_pct,True,17.46,C_ORIGINAL,True,humedad_cabina_pct,humedad_cabina_pct:FALTANTE,True,,GIAD-M3-S4-IOT-tratamiento-v1
23456,2026-08-17 04:42:00,VIA-00978,ORD-2026-03708,CAM-26,PROD-053,25.46,C,,1,0,humedad_cabina_pct,True,25.46,C_ORIGINAL,True,humedad_cabina_pct,humedad_cabina_pct:FALTANTE,True,,GIAD-M3-S4-IOT-tratamiento-v1
23601,2026-08-25 04:51:00,VIA-00984,ORD-2026-02983,CAM-09,PROD-050,,C,78.9,0,0,temperatura_cabina_c,True,,SIN_TRATAMIENTO,True,temperatura_cabina_c,temperatura_cabina_c:FALTANTE,True,,GIAD-M3-S4-IOT-tratamiento-v1
23991,2026-08-09 10:50:00,VIA-01000,ORD-2026-06120,CAM-08,PROD-052,,C,61.5,0,0,temperatura_cabina_c,True,,SIN_TRATAMIENTO,True,temperatura_cabina_c,temperatura_cabina_c:FALTANTE,True,,GIAD-M3-S4-IOT-tratamiento-v1
24040,2026-08-07 20:38:00,VIA-01002,ORD-2026-05173,CAM-12,PROD-014,19.74,C,,0,0,humedad_cabina_pct,True,19.74,C_ORIGINAL,True,humedad_cabina_pct,humedad_cabina_pct:FALTANTE,True,,GIAD-M3-S4-IOT-tratamiento-v1
24416,2026-08-14 06:24:00,VIA-01018,ORD-2026-07391,CAM-09,PROD-055,25.29,C,,1,0,humedad_cabina_pct,True,25.29,C_ORIGINAL,True,humedad_cabina_pct,humedad_cabina_pct:FALTANTE,True,,GIAD-M3-S4-IOT-tratamiento-v1
24579,2026-08-28 07:42:00,VIA-01025,ORD-2026-01983,CAM-05,PROD-008,3.56,C,-78.5,0,0,humedad_cabina_pct,True,3.56,C_ORIGINAL,True,humedad_cabina_pct,humedad_cabina_pct:FUERA_RANGO,True,,GIAD-M3-S4-IOT-tratamiento-v1
24674,2026-08-01 17:05:00,VIA-01029,ORD-2026-05517,CAM-11,PROD-004,,C,46.4,0,0,temperatura_cabina_c,True,,SIN_TRATAMIENTO,True,temperatura_cabina_c,temperatura_cabina_c:FALTANTE,True,,GIAD-M3-S4-IOT-tratamiento-v1
24824,2026-08-27 11:52:00,VIA-01035,ORD-2026-03286,CAM-24,PROD-006,19.67,C,,0,0,humedad_cabina_pct,True,19.67,C_ORIGINAL,True,humedad_cabina_pct,humedad_cabina_pct:FALTANTE,True,,GIAD-M3-S4-IOT-tratamiento-v1
25016,2026-08-26 16:08:00,VIA-01043,ORD-2026-02537,CAM-28,PROD-051,-19.02,C,,0,0,humedad_cabina_pct,True,-19.02,C_ORIGINAL,True,humedad_cabina_pct,humedad_cabina_pct:FALTANTE,True,,GIAD-M3-S4-IOT-tratamiento-v1
25029,2026-08-26 22:38:00,VIA-01043,ORD-2026-02537,CAM-28,PROD-051,-18.71,C,,0,1,humedad_cabina_pct,True,-18.71,C_ORIGINAL,True,humedad_cabina_pct,humedad_cabina_pct:FALTANTE,True,,GIAD-M3-S4-IOT-tratamiento-v1
25071,2026-08-02 14:19:00,VIA-01045,ORD-2026-05898,CAM-29,PROD-027,25.27,C,,1,0,humedad_cabina_pct,True,25.27,C_ORIGINAL,True,humedad_cabina_pct,humedad_cabina_pct:FALTANTE,True,,GIAD-M3-S4-IOT-tratamiento-v1
25535,2026-08-22 08:50:00,VIA-01064,ORD-2026-01024,CAM-05,PROD-007,,C,43.3,0,0,temperatura_cabina_c,True,,SIN_TRATAMIENTO,True,temperatura_cabina_c,temperatura_cabina_c:FALTANTE,True,,GIAD-M3-S4-IOT-tratamiento-v1
25630,2026-08-22 10:24:00,VIA-01068,ORD-2026-01414,CAM-22,PROD-056,,C,81.3,0,0,temperatura_cabina_c,True,,SIN_TRATAMIENTO,True,temperatura_cabina_c,temperatura_cabina_c:FALTANTE,True,,GIAD-M3-S4-IOT-tratamiento-v1
25688,2026-08-16 09:09:00,VIA-01071,ORD-2026-06244,CAM-27,PROD-004,20.01,C,,0,0,humedad_cabina_pct,True,20.01,C_ORIGINAL,True,humedad_cabina_pct,humedad_cabina_pct:FALTANTE,True,,GIAD-M3-S4-IOT-tratamiento-v1
26047,2026-08-18 14:47:00,VIA-01086,ORD-2026-06737,CAM-25,PROD-018,,C,48.0,0,0,temperatura_cabina_c,True,,SIN_TRATAMIENTO,True,temperatura_cabina_c,temperatura_cabina_c:FALTANTE,True,,GIAD-M3-S4-IOT-tratamiento-v1
26061,2026-08-18 21:47:00,VIA-01086,ORD-2026-06737,CAM-25,PROD-018,19.19,C,,0,0,humedad_cabina_pct,True,19.19,C_ORIGINAL,True,humedad_cabina_pct,humedad_cabina_pct:FALTANTE,True,,GIAD-M3-S4-IOT-tratamiento-v1
26101,2026-08-24 06:40:00,VIA-01088,ORD-2026-05447,CAM-26,PROD-009,19.61,C,-56.3,0,0,humedad_cabina_pct,True,19.61,C_ORIGINAL,True,humedad_cabina_pct,humedad_cabina_pct:FUERA_RANGO,True,,GIAD-M3-S4-IOT-tratamiento-v1
26156,2026-08-13 15:33:00,VIA-01090,ORD-2026-06698,CAM-21,PROD-034,,C,49.4,0,0,temperatura_cabina_c,True,,SIN_TRATAMIENTO,True,temperatura_cabina_c,temperatura_cabina_c:FALTANTE,True,,GIAD-M3-S4-IOT-tratamiento-v1
26238,2026-08-30 21:05:00,VIA-01094,ORD-2026-01593,CAM-05,PROD-036,-17.84,C,,0,1,humedad_cabina_pct,True,-17.84,C_ORIGINAL,True,humedad_cabina_pct,humedad_cabina_pct:FALTANTE,True,,GIAD-M3-S4-IOT-tratamiento-v1
26242,2026-02-31 09:15:00,VIA-01094,ORD-2026-01593,CAM-05,PROD-036,-16.75,C,70.4,0,0,timestamp,True,-16.75,C_ORIGINAL,True,timestamp,timestamp:FECHA_INVALIDA,True,,GIAD-M3-S4-IOT-tratamiento-v1
26321,2026-08-04 17:12:00,VIA-01097,ORD-2026-00823,CAM-05,PROD-020,2.79,C,,0,0,humedad_cabina_pct,True,2.79,C_ORIGINAL,True,humedad_cabina_pct,humedad_cabina_pct:FALTANTE,True,,GIAD-M3-S4-IOT-tratamiento-v1
26353,2026-08-02 17:54:00,VIA-01099,ORD-2026-03719,CAM-03,PROD-015,,C,75.9,0,1,temperatura_cabina_c,True,,SIN_TRATAMIENTO,True,temperatura_cabina_c,temperatura_cabina_c:FALTANTE,True,,GIAD-M3-S4-IOT-tratamiento-v1
26425,2026-08-13 10:44:00,VIA-01102,ORD-2026-04077,CAM-26,PROD-035,,C,86.2,0,0,temperatura_cabina_c,True,,SIN_TRATAMIENTO,True,temperatura_cabina_c,temperatura_cabina_c:FALTANTE,True,,GIAD-M3-S4-IOT-tratamiento-v1
26584,2026-08-31 04:31:00,VIA-01108,ORD-2026-04770,CAM-12,PROD-015,-18.01,C,-76.3,0,0,humedad_cabina_pct,True,-18.01,C_ORIGINAL,True,humedad_cabina_pct,humedad_cabina_pct:FUERA_RANGO,True,,GIAD-M3-S4-IOT-tratamiento-v1
26990,2026-08-05 03:36:00,VIA-01125,ORD-2026-07496,CAM-17,PROD-010,21.51,C,,0,0,humedad_cabina_pct,True,21.51,C_ORIGINAL,True,humedad_cabina_pct,humedad_cabina_pct:FALTANTE,True,,GIAD-M3-S4-IOT-tratamiento-v1
27228,2026-08-19 11:33:00,VIA-01135,ORD-2026-05571,CAM-22,PROD-015,-16.98,C,,0,0,humedad_cabina_pct,True,-16.98,C_ORIGINAL,True,humedad_cabina_pct,humedad_cabina_pct:FALTANTE,True,,GIAD-M3-S4-IOT-tratamiento-v1
27298,2026-08-07 14:53:00,VIA-01138,ORD-2026-04129,CAM-15,PROD-016,,C,46.5,0,0,temperatura_cabina_c,True,,SIN_TRATAMIENTO,True,temperatura_cabina_c,temperatura_cabina_c:FALTANTE,True,,GIAD-M3-S4-IOT-tratamiento-v1
27301,2026-08-07 16:23:00,VIA-01138,ORD-2026-04129,CAM-15,PROD-016,16.94,C,,0,0,humedad_cabina_pct,True,16.94,C_ORIGINAL,True,humedad_cabina_pct,humedad_cabina_pct:FALTANTE,True,,GIAD-M3-S4-IOT-tratamiento-v1
27421,2026-08-16 14:10:00,VIA-01143,ORD-2026-03531,CAM-18,PROD-033,19.89,C,-50.4,0,0,humedad_cabina_pct,True,19.89,C_ORIGINAL,True,humedad_cabina_pct,humedad_cabina_pct:FUERA_RANGO,True,,GIAD-M3-S4-IOT-tratamiento-v1
27443,2026-08-14 03:31:00,VIA-01144,ORD-2026-04306,CAM-03,PROD-057,,C,55.1,0,0,temperatura_cabina_c,True,,SIN_TRATAMIENTO,True,temperatura_cabina_c,temperatura_cabina_c:FALTANTE,True,,GIAD-M3-S4-IOT-tratamiento-v1
27489,2026-08-10 16:19:00,VIA-01146,ORD-2026-06006,CAM-28,PROD-042,19.35,C,,0,0,humedad_cabina_pct,True,19.35,C_ORIGINAL,True,humedad_cabina_pct,humedad_cabina_pct:FALTANTE,True,,GIAD-M3-S4-IOT-tratamiento-v1
27936,2026-08-05 17:29:00,VIA-01164,ORD-2026-05578,CAM-22,PROD-025,,C,87.4,0,0,temperatura_cabina_c,True,,SIN_TRATAMIENTO,True,temperatura_cabina_c,temperatura_cabina_c:FALTANTE,True,,GIAD-M3-S4-IOT-tratamiento-v1
28111,2026-08-04 18:30:00,VIA-01172,ORD-2026-02661,CAM-09,PROD-012,,C,76.7,0,0,temperatura_cabina_c,True,,SIN_TRATAMIENTO,True,temperatura_cabina_c,temperatura_cabina_c:FALTANTE,True,,GIAD-M3-S4-IOT-tratamiento-v1
28132,2026-02-31 09:15:00,VIA-01173,ORD-2026-01654,CAM-28,PROD-025,5.2,C,87.0,0,0,timestamp,True,5.2,C_ORIGINAL,True,timestamp,timestamp:FECHA_INVALIDA,True,,GIAD-M3-S4-IOT-tratamiento-v1
28181,2026-08-11 06:46:00,VIA-01175,ORD-2026-00491,CAM-09,PROD-037,,C,45.2,0,0,temperatura_cabina_c,True,,SIN_TRATAMIENTO,True,temperatura_cabina_c,temperatura_cabina_c:FALTANTE,True,,GIAD-M3-S4-IOT-tratamiento-v1
28226,2026-08-08 11:39:00,VIA-01177,ORD-2026-00230,CAM-09,PROD-058,19.79,C,,0,1,humedad_cabina_pct,True,19.79,C_ORIGINAL,True,humedad_cabina_pct,humedad_cabina_pct:FALTANTE,True,,GIAD-M3-S4-IOT-tratamiento-v1
28336,2026-08-15 16:00:00,VIA-01181,ORD-2026-01540,CAM-05,PROD-051,,C,79.9,0,0,temperatura_cabina_c,True,,SIN_TRATAMIENTO,True,temperatura_cabina_c,temperatura_cabina_c:FALTANTE,True,,GIAD-M3-S4-IOT-tratamiento-v1
28801,2026-08-25 12:44:00,VIA-00236,ORD-2026-03207,CAM-03,PROD-012,-17.7,C,65.4,0,0,viaje_id+timestamp,True,-17.7,C_ORIGINAL,True,viaje_id+timestamp,viaje_id+timestamp:DUPLICADO,True,,GIAD-M3-S4-IOT-tratamiento-v1
28802,2026-08-11 16:43:00,VIA-00184,ORD-2026-02963,CAM-05,PROD-035,3.96,C,75.1,0,0,viaje_id+timestamp,True,3.96,C_ORIGINAL,True,viaje_id+timestamp,viaje_id+timestamp:DUPLICADO,True,,GIAD-M3-S4-IOT-tratamiento-v1
28803,2026-08-10 17:20:00,VIA-00970,ORD-2026-00258,CAM-27,PROD-018,20.87,C,50.3,0,0,viaje_id+timestamp,True,20.87,C_ORIGINAL,True,viaje_id+timestamp,viaje_id+timestamp:DUPLICADO,True,,GIAD-M3-S4-IOT-tratamiento-v1
28804,2026-08-30 01:29:00,VIA-00194,ORD-2026-06568,CAM-08,PROD-028,20.88,C,41.9,0,0,viaje_id+timestamp,True,20.88,C_ORIGINAL,True,viaje_id+timestamp,viaje_id+timestamp:DUPLICADO,True,,GIAD-M3-S4-IOT-tratamiento-v1
28805,2026-08-06 09:56:00,VIA-00914,ORD-2026-01504,CAM-27,PROD-038,19.78,C,47.1,0,1,viaje_id+timestamp,True,19.78,C_ORIGINAL,True,viaje_id+timestamp,viaje_id+timestamp:DUPLICADO,True,,GIAD-M3-S4-IOT-tratamiento-v1
28806,2026-08-22 15:20:00,VIA-00259,ORD-2026-04308,CAM-03,PROD-044,21.33,C,41.9,0,0,viaje_id+timestamp,True,21.33,C_ORIGINAL,True,viaje_id+timestamp,viaje_id+timestamp:DUPLICADO,True,,GIAD-M3-S4-IOT-tratamiento-v1
28807,2026-08-15 07:46:00,VIA-00242,ORD-2026-04829,CAM-16,PROD-053,18.49,C,45.9,0,0,viaje_id+timestamp,True,18.49,C_ORIGINAL,True,viaje_id+timestamp,viaje_id+timestamp:DUPLICADO,True,,GIAD-M3-S4-IOT-tratamiento-v1
28808,2026-08-02 03:39:00,VIA-00662,ORD-2026-05320,CAM-05,PROD-016,17.51,C,48.3,0,0,viaje_id+timestamp,True,17.51,C_ORIGINAL,True,viaje_id+timestamp,viaje_id+timestamp:DUPLICADO,True,,GIAD-M3-S4-IOT-tratamiento-v1
28809,2026-08-19 04:44:00,VIA-01036,ORD-2026-03048,CAM-27,PROD-057,18.25,C,52.7,0,0,viaje_id+timestamp,True,18.25,C_ORIGINAL,True,viaje_id+timestamp,viaje_id+timestamp:DUPLICADO,True,,GIAD-M3-S4-IOT-tratamiento-v1
28810,2026-08-05 03:00:00,VIA-01172,ORD-2026-02661,CAM-09,PROD-012,-16.83,C,86.9,0,0,viaje_id+timestamp,True,-16.83,C_ORIGINAL,True,viaje_id+timestamp,viaje_id+timestamp:DUPLICADO,True,,GIAD-M3-S4-IOT-tratamiento-v1
28811,2026-08-13 10:55:00,VIA-00363,ORD-2026-07429,CAM-09,PROD-033,17.02,C,54.5,0,0,viaje_id+timestamp,True,17.02,C_ORIGINAL,True,viaje_id+timestamp,viaje_id+timestamp:DUPLICADO,True,,GIAD-M3-S4-IOT-tratamiento-v1
28812,2026-08-14 12:04:00,VIA-00927,ORD-2026-07022,CAM-14,PROD-049,3.2,C,72.3,0,1,viaje_id+timestamp,True,3.2,C_ORIGINAL,True,viaje_id+timestamp,viaje_id+timestamp:DUPLICADO,True,,GIAD-M3-S4-IOT-tratamiento-v1
28813,2026-08-07 10:51:00,VIA-00807,ORD-2026-01194,CAM-14,PROD-022,-17.68,C,65.9,0,0,viaje_id+timestamp,True,-17.68,C_ORIGINAL,True,viaje_id+timestamp,viaje_id+timestamp:DUPLICADO,True,,GIAD-M3-S4-IOT-tratamiento-v1
28814,2026-08-24 16:34:00,VIA-00486,ORD-2026-04675,CAM-06,PROD-004,20.57,C,25.3,0,0,viaje_id+timestamp,True,20.57,C_ORIGINAL,True,viaje_id+timestamp,viaje_id+timestamp:DUPLICADO,True,,GIAD-M3-S4-IOT-tratamiento-v1
28815,2026-08-13 21:56:00,VIA-00197,ORD-2026-01303,CAM-30,PROD-016,20.28,C,46.4,0,0,viaje_id+timestamp,True,20.28,C_ORIGINAL,True,viaje_id+timestamp,viaje_id+timestamp:DUPLICADO,True,,GIAD-M3-S4-IOT-tratamiento-v1
28816,2026-08-18 08:57:00,VIA-00670,ORD-2026-03021,CAM-14,PROD-010,20.14,C,44.2,0,0,viaje_id+timestamp,True,20.14,C_ORIGINAL,True,viaje_id+timestamp,viaje_id+timestamp:DUPLICADO,True,,GIAD-M3-S4-IOT-tratamiento-v1
28817,2026-08-05 23:30:00,VIA-00781,ORD-2026-05431,CAM-20,PROD-055,21.08,C,47.0,0,0,viaje_id+timestamp,True,21.08,C_ORIGINAL,True,viaje_id+timestamp,viaje_id+timestamp:DUPLICADO,True,,GIAD-M3-S4-IOT-tratamiento-v1
28818,2026-08-26 09:10:00,VIA-00053,ORD-2026-03071,CAM-03,PROD-014,23.25,C,39.6,0,0,viaje_id+timestamp,True,23.25,C_ORIGINAL,True,viaje_id+timestamp,viaje_id+timestamp:DUPLICADO,True,,GIAD-M3-S4-IOT-tratamiento-v1
28819,2026-08-19 08:18:00,VIA-00047,ORD-2026-03263,CAM-16,PROD-006,23.54,C,47.2,0,0,viaje_id+timestamp,True,23.54,C_ORIGINAL,True,viaje_id+timestamp,viaje_id+timestamp:DUPLICADO,True,,GIAD-M3-S4-IOT-tratamiento-v1
28820,2026-08-12 15:54:00,VIA-00305,ORD-2026-02961,CAM-23,PROD-031,-17.19,C,71.6,0,0,viaje_id+timestamp,True,-17.19,C_ORIGINAL,True,viaje_id+timestamp,viaje_id+timestamp:DUPLICADO,True,,GIAD-M3-S4-IOT-tratamiento-v1
28821,2026-08-15 04:11:00,VIA-00122,ORD-2026-04337,CAM-16,PROD-021,16.87,C,48.9,0,0,viaje_id+timestamp,True,16.87,C_ORIGINAL,True,viaje_id+timestamp,viaje_id+timestamp:DUPLICADO,True,,GIAD-M3-S4-IOT-tratamiento-v1
28822,2026-08-24 17:40:00,VIA-00823,ORD-2026-03527,CAM-03,PROD-004,21.83,C,60.8,0,0,viaje_id+timestamp,True,21.83,C_ORIGINAL,True,viaje_id+timestamp,viaje_id+timestamp:DUPLICADO,True,,GIAD-M3-S4-IOT-tratamiento-v1
28823,2026-08-21 01:37:00,VIA-00896,ORD-2026-06348,CAM-20,PROD-002,3.9,C,86.4,0,0,viaje_id+timestamp,True,3.9,C_ORIGINAL,True,viaje_id+timestamp,viaje_id+timestamp:DUPLICADO,True,,GIAD-M3-S4-IOT-tratamiento-v1
28824,2026-08-29 16:39:00,VIA-00380,ORD-2026-02526,CAM-28,PROD-023,-17.31,C,56.8,0,0,viaje_id+timestamp,True,-17.31,C_ORIGINAL,True,viaje_id+timestamp,viaje_id+timestamp:DUPLICADO,True,,GIAD-M3-S4-IOT-tratamiento-v1
28825,2026-08-18 17:48:00,VIA-00679,ORD-2026-05063,CAM-26,PROD-045,19.73,C,53.0,0,0,viaje_id+timestamp,True,19.73,C_ORIGINAL,True,viaje_id+timestamp,viaje_id+timestamp:DUPLICADO,True,,GIAD-M3-S4-IOT-tratamiento-v1
28826,2026-08-02 06:45:00,VIA-00217,ORD-2026-05269,CAM-08,PROD-005,18.5,C,46.6,0,0,viaje_id+timestamp,True,18.5,C_ORIGINAL,True,viaje_id+timestamp,viaje_id+timestamp:DUPLICADO,True,,GIAD-M3-S4-IOT-tratamiento-v1
28827,2026-08-22 20:28:00,VIA-00027,ORD-2026-05466,CAM-07,PROD-047,22.95,C,43.5,0,0,viaje_id+timestamp,True,22.95,C_ORIGINAL,True,viaje_id+timestamp,viaje_id+timestamp:DUPLICADO,True,,GIAD-M3-S4-IOT-tratamiento-v1
28828,2026-08-22 09:41:00,VIA-00051,ORD-2026-04075,CAM-19,PROD-029,24.09,C,44.5,0,0,viaje_id+timestamp,True,24.09,C_ORIGINAL,True,viaje_id+timestamp,viaje_id+timestamp:DUPLICADO,True,,GIAD-M3-S4-IOT-tratamiento-v1
28829,2026-08-24 08:23:00,VIA-00864,ORD-2026-00645,CAM-12,PROD-060,3.35,C,79.7,0,0,viaje_id+timestamp,True,3.35,C_ORIGINAL,True,viaje_id+timestamp,viaje_id+timestamp:DUPLICADO,True,,GIAD-M3-S4-IOT-tratamiento-v1
28830,2026-08-19 13:59:00,VIA-01070,ORD-2026-03508,CAM-20,PROD-013,-19.04,C,78.1,0,0,viaje_id+timestamp,True,-19.04,C_ORIGINAL,True,viaje_id+timestamp,viaje_id+timestamp:DUPLICADO,True,,GIAD-M3-S4-IOT-tratamiento-v1
28831,2026-08-27 12:37:00,VIA-00856,ORD-2026-05146,CAM-30,PROD-048,20.37,C,50.6,0,0,viaje_id+timestamp,True,20.37,C_ORIGINAL,True,viaje_id+timestamp,viaje_id+timestamp:DUPLICADO,True,,GIAD-M3-S4-IOT-tratamiento-v1
28832,2026-08-30 06:41:00,VIA-00379,ORD-2026-04281,CAM-09,PROD-004,20.06,C,38.0,0,0,viaje_id+timestamp,True,20.06,C_ORIGINAL,True,viaje_id+timestamp,viaje_id+timestamp:DUPLICADO,True,,GIAD-M3-S4-IOT-tratamiento-v1
28833,2026-08-10 21:47:00,VIA-00002,ORD-2026-04815,CAM-23,PROD-031,-19.37,C,70.9,0,0,viaje_id+timestamp,True,-19.37,C_ORIGINAL,True,viaje_id+timestamp,viaje_id+timestamp:DUPLICADO,True,,GIAD-M3-S4-IOT-tratamiento-v1
28834,2026-08-14 01:45:00,VIA-01023,ORD-2026-03826,CAM-05,PROD-017,4.45,C,72.8,0,0,viaje_id+timestamp,True,4.45,C_ORIGINAL,True,viaje_id+timestamp,viaje_id+timestamp:DUPLICADO,True,,GIAD-M3-S4-IOT-tratamiento-v1
28835,2026-08-10 18:49:00,VIA-01146,ORD-2026-06006,CAM-28,PROD-042,21.94,C,40.3,0,0,viaje_id+timestamp,True,21.94,C_ORIGINAL,True,viaje_id+timestamp,viaje_id+timestamp:DUPLICADO,True,,GIAD-M3-S4-IOT-tratamiento-v1
28836,2026-08-26 18:19:00,VIA-00306,ORD-2026-06512,CAM-07,PROD-024,19.71,C,50.1,0,0,viaje_id+timestamp,True,19.71,C_ORIGINAL,True,viaje_id+timestamp,viaje_id+timestamp:DUPLICADO,True,,GIAD-M3-S4-IOT-tratamiento-v1
28837,2026-08-14 00:13:00,VIA-00673,ORD-2026-04325,CAM-03,PROD-048,19.23,C,41.0,0,0,viaje_id+timestamp,True,19.23,C_ORIGINAL,True,viaje_id+timestamp,viaje_id+timestamp:DUPLICADO,True,,GIAD-M3-S4-IOT-tratamiento-v1
28838,2026-08-15 12:17:00,VIA-00135,ORD-2026-02724,CAM-08,PROD-018,18.33,C,50.8,0,0,viaje_id+timestamp,True,18.33,C_ORIGINAL,True,viaje_id+timestamp,viaje_id+timestamp:DUPLICADO,True,,GIAD-M3-S4-IOT-tratamiento-v1
28839,2026-08-29 09:01:00,VIA-00821,ORD-2026-06765,CAM-28,PROD-046,19.57,C,52.9,0,0,viaje_id+timestamp,True,19.57,C_ORIGINAL,True,viaje_id+timestamp,viaje_id+timestamp:DUPLICADO,True,,GIAD-M3-S4-IOT-tratamiento-v1
28840,2026-08-17 14:08:00,VIA-00755,ORD-2026-06845,CAM-01,PROD-058,20.79,C,49.4,0,0,viaje_id+timestamp,True,20.79,C_ORIGINAL,True,viaje_id+timestamp,viaje_id+timestamp:DUPLICADO,True,,GIAD-M3-S4-IOT-tratamiento-v1
28841,2026-08-17 15:18:00,VIA-00531,ORD-2026-07401,CAM-20,PROD-002,5.15,C,83.8,0,0,viaje_id+timestamp,True,5.15,C_ORIGINAL,True,viaje_id+timestamp,viaje_id+timestamp:DUPLICADO,True,,GIAD-M3-S4-IOT-tratamiento-v1
28842,2026-08-09 16:42:00,VIA-00757,ORD-2026-01175,CAM-22,PROD-056,3.34,C,87.6,0,0,viaje_id+timestamp,True,3.34,C_ORIGINAL,True,viaje_id+timestamp,viaje_id+timestamp:DUPLICADO,True,,GIAD-M3-S4-IOT-tratamiento-v1
28843,2026-08-01 13:03:00,VIA-00897,ORD-2026-04328,CAM-12,PROD-040,4.58,C,69.1,0,0,viaje_id+timestamp,True,4.58,C_ORIGINAL,True,viaje_id+timestamp,viaje_id+timestamp:DUPLICADO,True,,GIAD-M3-S4-IOT-tratamiento-v1
28844,2026-08-17 04:53:00,VIA-00091,ORD-2026-05940,CAM-12,PROD-009,19.46,C,45.6,0,0,viaje_id+timestamp,True,19.46,C_ORIGINAL,True,viaje_id+timestamp,viaje_id+timestamp:DUPLICADO,True,,GIAD-M3-S4-IOT-tratamiento-v1
28845,2026-08-09 01:10:00,VIA-00980,ORD-2026-05944,CAM-22,PROD-002,3.12,C,78.6,0,0,viaje_id+timestamp,True,3.12,C_ORIGINAL,True,viaje_id+timestamp,viaje_id+timestamp:DUPLICADO,True,,GIAD-M3-S4-IOT-tratamiento-v1
28846,2026-08-09 03:02:00,VIA-00640,ORD-2026-02492,CAM-20,PROD-051,-19.05,C,74.0,0,0,viaje_id+timestamp,True,-19.05,C_ORIGINAL,True,viaje_id+timestamp,viaje_id+timestamp:DUPLICADO,True,,GIAD-M3-S4-IOT-tratamiento-v1
28847,2026-08-05 19:46:00,VIA-00543,ORD-2026-03706,CAM-07,PROD-037,,C,54.4,0,0,temperatura_cabina_c|viaje_id+timestamp,True,,SIN_TRATAMIENTO,True,temperatura_cabina_c|viaje_id+timestamp,temperatura_cabina_c:FALTANTE|viaje_id+timestamp:DUPLICADO,True,,GIAD-M3-S4-IOT-tratamiento-v1
28848,2026-08-22 22:28:00,VIA-00475,ORD-2026-01792,CAM-05,PROD-052,-17.16,C,,0,0,humedad_cabina_pct|viaje_id+timestamp,True,-17.16,C_ORIGINAL,True,humedad_cabina_pct|viaje_id+timestamp,humedad_cabina_pct:FALTANTE|viaje_id+timestamp:DUPLICADO,True,,GIAD-M3-S4-IOT-tratamiento-v1
28849,2026-08-14 23:38:00,VIA-00073,ORD-2026-01330,CAM-23,PROD-012,-17.99,C,76.1,0,0,viaje_id+timestamp,True,-17.99,C_ORIGINAL,True,viaje_id+timestamp,viaje_id+timestamp:DUPLICADO,True,,GIAD-M3-S4-IOT-tratamiento-v1
28850,2026-08-21 02:46:00,VIA-00985,ORD-2026-01091,CAM-05,PROD-017,4.54,C,80.3,0,0,viaje_id+timestamp,True,4.54,C_ORIGINAL,True,viaje_id+timestamp,viaje_id+timestamp:DUPLICADO,True,,GIAD-M3-S4-IOT-tratamiento-v1
28851,2026-08-29 04:46:00,VIA-01182,ORD-2026-01656,CAM-01,PROD-035,5.0,C,81.0,0,0,viaje_id+timestamp,True,5.0,C_ORIGINAL,True,viaje_id+timestamp,viaje_id+timestamp:DUPLICADO,True,,GIAD-M3-S4-IOT-tratamiento-v1
28852,2026-08-30 02:11:00,VIA-00379,ORD-2026-04281,CAM-09,PROD-004,19.5,C,52.5,0,0,viaje_id+timestamp,True,19.5,C_ORIGINAL,True,viaje_id+timestamp,viaje_id+timestamp:DUPLICADO,True,,GIAD-M3-S4-IOT-tratamiento-v1
28853,2026-08-20 16:38:00,VIA-00258,ORD-2026-04678,CAM-08,PROD-042,21.71,C,32.4,0,0,viaje_id+timestamp,True,21.71,C_ORIGINAL,True,viaje_id+timestamp,viaje_id+timestamp:DUPLICADO,True,,GIAD-M3-S4-IOT-tratamiento-v1
28854,2026-08-22 02:39:00,VIA-00939,ORD-2026-05340,CAM-14,PROD-010,19.28,C,46.8,0,0,viaje_id+timestamp,True,19.28,C_ORIGINAL,True,viaje_id+timestamp,viaje_id+timestamp:DUPLICADO,True,,GIAD-M3-S4-IOT-tratamiento-v1
28855,2026-08-29 17:48:00,VIA-01166,ORD-2026-01739,CAM-12,PROD-052,-17.39,C,63.3,0,0,viaje_id+timestamp,True,-17.39,C_ORIGINAL,True,viaje_id+timestamp,viaje_id+timestamp:DUPLICADO,True,,GIAD-M3-S4-IOT-tratamiento-v1
28856,2026-08-10 22:56:00,VIA-00433,ORD-2026-00959,CAM-07,PROD-045,16.72,C,51.8,0,0,viaje_id+timestamp,True,16.72,C_ORIGINAL,True,viaje_id+timestamp,viaje_id+timestamp:DUPLICADO,True,,GIAD-M3-S4-IOT-tratamiento-v1
28857,2026-08-22 02:23:00,VIA-00260,ORD-2026-02932,CAM-06,PROD-024,18.28,C,50.3,0,0,viaje_id+timestamp,True,18.28,C_ORIGINAL,True,viaje_id+timestamp,viaje_id+timestamp:DUPLICADO,True,,GIAD-M3-S4-IOT-tratamiento-v1
28858,2026-08-10 23:14:00,VIA-00674,ORD-2026-05091,CAM-02,PROD-046,18.66,C,45.4,0,0,viaje_id+timestamp,True,18.66,C_ORIGINAL,True,viaje_id+timestamp,viaje_id+timestamp:DUPLICADO,True,,GIAD-M3-S4-IOT-tratamiento-v1
28859,2026-08-29 17:05:00,VIA-00828,ORD-2026-04623,CAM-02,PROD-006,22.76,C,41.5,0,0,viaje_id+timestamp,True,22.76,C_ORIGINAL,True,viaje_id+timestamp,viaje_id+timestamp:DUPLICADO,True,,GIAD-M3-S4-IOT-tratamiento-v1
28860,2026-08-03 17:01:00,VIA-00751,ORD-2026-06416,CAM-04,PROD-010,17.85,C,51.7,0,0,viaje_id+timestamp,True,17.85,C_ORIGINAL,True,viaje_id+timestamp,viaje_id+timestamp:DUPLICADO,True,,GIAD-M3-S4-IOT-tratamiento-v1
28861,2026-08-21 08:16:00,VIA-00718,ORD-2026-00659,CAM-03,PROD-001,-17.85,C,76.4,0,0,viaje_id+timestamp,True,-17.85,C_ORIGINAL,True,viaje_id+timestamp,viaje_id+timestamp:DUPLICADO,True,,GIAD-M3-S4-IOT-tratamiento-v1
28862,2026-08-27 22:20:00,VIA-00761,ORD-2026-00954,CAM-12,PROD-055,19.53,C,,0,0,humedad_cabina_pct|viaje_id+timestamp,True,19.53,C_ORIGINAL,True,humedad_cabina_pct|viaje_id+timestamp,humedad_cabina_pct:FALTANTE|viaje_id+timestamp:DUPLICADO,True,,GIAD-M3-S4-IOT-tratamiento-v1
28863,2026-08-12 01:55:00,VIA-00374,ORD-2026-06903,CAM-28,PROD-022,-19.01,C,64.4,0,0,viaje_id+timestamp,True,-19.01,C_ORIGINAL,True,viaje_id+timestamp,viaje_id+timestamp:DUPLICADO,True,,GIAD-M3-S4-IOT-tratamiento-v1
28864,2026-08-14 07:08:00,VIA-01028,ORD-2026-07477,CAM-05,PROD-002,10.97,C,77.9,1,1,viaje_id+timestamp,True,10.97,C_ORIGINAL,True,viaje_id+timestamp,viaje_id+timestamp:DUPLICADO,True,,GIAD-M3-S4-IOT-tratamiento-v1
28865,2026-08-04 08:35:00,VIA-01056,ORD-2026-02364,CAM-10,PROD-029,18.09,C,41.9,0,1,viaje_id+timestamp,True,18.09,C_ORIGINAL,True,viaje_id+timestamp,viaje_id+timestamp:DUPLICADO,True,,GIAD-M3-S4-IOT-tratamiento-v1
28866,2026-08-12 10:56:00,VIA-00786,ORD-2026-05280,CAM-28,PROD-003,5.02,C,82.7,0,0,viaje_id+timestamp,True,5.02,C_ORIGINAL,True,viaje_id+timestamp,viaje_id+timestamp:DUPLICADO,True,,GIAD-M3-S4-IOT-tratamiento-v1
28867,2026-08-21 19:44:00,VIA-00442,ORD-2026-02381,CAM-13,PROD-035,3.83,C,82.3,0,0,viaje_id+timestamp,True,3.83,C_ORIGINAL,True,viaje_id+timestamp,viaje_id+timestamp:DUPLICADO,True,,GIAD-M3-S4-IOT-tratamiento-v1
28868,2026-08-18 02:57:00,VIA-00670,ORD-2026-03021,CAM-14,PROD-010,20.28,C,55.2,0,0,viaje_id+timestamp,True,20.28,C_ORIGINAL,True,viaje_id+timestamp,viaje_id+timestamp:DUPLICADO,True,,GIAD-M3-S4-IOT-tratamiento-v1
28869,2026-08-16 09:07:00,VIA-00962,ORD-2026-07499,CAM-05,PROD-059,4.24,C,79.4,0,0,viaje_id+timestamp,True,4.24,C_ORIGINAL,True,viaje_id+timestamp,viaje_id+timestamp:DUPLICADO,True,,GIAD-M3-S4-IOT-tratamiento-v1
28870,2026-08-19 01:16:00,VIA-00694,ORD-2026-00099,CAM-05,PROD-035,3.64,C,63.0,0,0,viaje_id+timestamp,True,3.64,C_ORIGINAL,True,viaje_id+timestamp,viaje_id+timestamp:DUPLICADO,True,,GIAD-M3-S4-IOT-tratamiento-v1
28871,2026-08-02 08:54:00,VIA-00185,ORD-2026-00226,CAM-07,PROD-046,15.58,C,43.2,0,0,viaje_id+timestamp,True,15.58,C_ORIGINAL,True,viaje_id+timestamp,viaje_id+timestamp:DUPLICADO,True,,GIAD-M3-S4-IOT-tratamiento-v1
28872,2026-08-13 08:22:00,VIA-00445,ORD-2026-03433,CAM-07,PROD-047,19.59,C,43.2,0,0,viaje_id+timestamp,True,19.59,C_ORIGINAL,True,viaje_id+timestamp,viaje_id+timestamp:DUPLICADO,True,,GIAD-M3-S4-IOT-tratamiento-v1
28873,2026-08-17 10:21:00,VIA-00188,ORD-2026-00183,CAM-05,PROD-049,4.55,C,65.8,0,0,viaje_id+timestamp,True,4.55,C_ORIGINAL,True,viaje_id+timestamp,viaje_id+timestamp:DUPLICADO,True,,GIAD-M3-S4-IOT-tratamiento-v1
28874,2026-08-09 02:16:00,VIA-00989,ORD-2026-01031,CAM-07,PROD-060,3.92,C,72.9,0,0,viaje_id+timestamp,True,3.92,C_ORIGINAL,True,viaje_id+timestamp,viaje_id+timestamp:DUPLICADO,True,,GIAD-M3-S4-IOT-tratamiento-v1
28875,2026-08-31 03:35:00,VIA-00371,ORD-2026-05057,CAM-05,PROD-013,-18.65,C,67.0,0,0,viaje_id+timestamp,True,-18.65,C_ORIGINAL,True,viaje_id+timestamp,viaje_id+timestamp:DUPLICADO,True,,GIAD-M3-S4-IOT-tratamiento-v1
28876,2026-08-24 02:10:00,VIA-01088,ORD-2026-05447,CAM-26,PROD-009,18.92,C,45.0,0,0,viaje_id+timestamp,True,18.92,C_ORIGINAL,True,viaje_id+timestamp,viaje_id+timestamp:DUPLICADO,True,,GIAD-M3-S4-IOT-tratamiento-v1
28877,2026-08-10 12:55:00,VIA-00307,ORD-2026-04702,CAM-06,PROD-058,19.66,C,58.3,0,0,viaje_id+timestamp,True,19.66,C_ORIGINAL,True,viaje_id+timestamp,viaje_id+timestamp:DUPLICADO,True,,GIAD-M3-S4-IOT-tratamiento-v1
28878,2026-08-01 16:22:00,VIA-00841,ORD-2026-03786,CAM-16,PROD-028,21.94,C,32.4,0,0,viaje_id+timestamp,True,21.94,C_ORIGINAL,True,viaje_id+timestamp,viaje_id+timestamp:DUPLICADO,True,,GIAD-M3-S4-IOT-tratamiento-v1
28879,2026-08-07 01:24:00,VIA-00622,ORD-2026-02931,CAM-28,PROD-040,4.64,C,85.9,0,0,viaje_id+timestamp,True,4.64,C_ORIGINAL,True,viaje_id+timestamp,viaje_id+timestamp:DUPLICADO,True,,GIAD-M3-S4-IOT-tratamiento-v1
28880,2026-08-03 05:46:00,VIA-00467,ORD-2026-07428,CAM-26,PROD-029,19.46,C,52.0,0,0,viaje_id+timestamp,True,19.46,C_ORIGINAL,True,viaje_id+timestamp,viaje_id+timestamp:DUPLICADO,True,,GIAD-M3-S4-IOT-tratamiento-v1
28881,2026-08-02 23:04:00,VIA-00518,ORD-2026-06065,CAM-23,PROD-040,3.77,C,76.1,0,0,viaje_id+timestamp,True,3.77,C_ORIGINAL,True,viaje_id+timestamp,viaje_id+timestamp:DUPLICADO,True,,GIAD-M3-S4-IOT-tratamiento-v1
28882,2026-08-08 17:41:00,VIA-00453,ORD-2026-06672,CAM-25,PROD-034,20.67,C,57.0,0,0,viaje_id+timestamp,True,20.67,C_ORIGINAL,True,viaje_id+timestamp,viaje_id+timestamp:DUPLICADO,True,,GIAD-M3-S4-IOT-tratamiento-v1
28883,2026-08-12 03:01:00,VIA-00300,ORD-2026-07036,CAM-23,PROD-019,3.41,C,83.3,0,0,viaje_id+timestamp,True,3.41,C_ORIGINAL,True,viaje_id+timestamp,viaje_id+timestamp:DUPLICADO,True,,GIAD-M3-S4-IOT-tratamiento-v1
28884,2026-08-30 03:28:00,VIA-00705,ORD-2026-00944,CAM-22,PROD-013,-18.91,C,79.8,0,0,viaje_id+timestamp,True,-18.91,C_ORIGINAL,True,viaje_id+timestamp,viaje_id+timestamp:DUPLICADO,True,,GIAD-M3-S4-IOT-tratamiento-v1
28885,2026-08-30 11:59:00,VIA-00693,ORD-2026-02485,CAM-20,PROD-034,19.83,C,44.7,0,0,viaje_id+timestamp,True,19.83,C_ORIGINAL,True,viaje_id+timestamp,viaje_id+timestamp:DUPLICADO,True,,GIAD-M3-S4-IOT-tratamiento-v1
28886,2026-08-18 05:28:00,VIA-00903,ORD-2026-05830,CAM-01,PROD-017,11.96,C,80.0,1,1,viaje_id+timestamp,True,11.96,C_ORIGINAL,True,viaje_id+timestamp,viaje_id+timestamp:DUPLICADO,True,,GIAD-M3-S4-IOT-tratamiento-v1
28887,2026-08-13 19:25:00,VIA-00573,ORD-2026-03959,CAM-05,PROD-042,19.1,C,58.8,0,0,viaje_id+timestamp,True,19.1,C_ORIGINAL,True,viaje_id+timestamp,viaje_id+timestamp:DUPLICADO,True,,GIAD-M3-S4-IOT-tratamiento-v1
28888,2026-08-09 04:13:00,VIA-00164,ORD-2026-03533,CAM-19,PROD-021,19.89,C,47.4,0,0,viaje_id+timestamp,True,19.89,C_ORIGINAL,True,viaje_id+timestamp,viaje_id+timestamp:DUPLICADO,True,,GIAD-M3-S4-IOT-tratamiento-v1
28889,2026-08-12 23:47:00,VIA-01184,ORD-2026-01082,CAM-05,PROD-027,21.89,C,37.9,0,0,viaje_id+timestamp,True,21.89,C_ORIGINAL,True,viaje_id+timestamp,viaje_id+timestamp:DUPLICADO,True,,GIAD-M3-S4-IOT-tratamiento-v1
28890,2026-08-10 06:18:00,VIA-00328,ORD-2026-00921,CAM-20,PROD-026,19.33,C,48.9,0,0,viaje_id+timestamp,True,19.33,C_ORIGINAL,True,viaje_id+timestamp,viaje_id+timestamp:DUPLICADO,True,,GIAD-M3-S4-IOT-tratamiento-v1
28891,2026-08-29 21:55:00,VIA-01026,ORD-2026-00985,CAM-05,PROD-050,3.09,C,81.5,0,0,viaje_id+timestamp,True,3.09,C_ORIGINAL,True,viaje_id+timestamp,viaje_id+timestamp:DUPLICADO,True,,GIAD-M3-S4-IOT-tratamiento-v1
28892,2026-08-07 02:40:00,VIA-00190,ORD-2026-07185,CAM-05,PROD-035,4.58,C,78.5,0,0,viaje_id+timestamp,True,4.58,C_ORIGINAL,True,viaje_id+timestamp,viaje_id+timestamp:DUPLICADO,True,,GIAD-M3-S4-IOT-tratamiento-v1
28893,2026-08-21 09:16:00,VIA-00718,ORD-2026-00659,CAM-03,PROD-001,-18.66,C,65.0,0,0,viaje_id+timestamp,True,-18.66,C_ORIGINAL,True,viaje_id+timestamp,viaje_id+timestamp:DUPLICADO,True,,GIAD-M3-S4-IOT-tratamiento-v1
28894,2026-08-14 13:08:00,VIA-00068,ORD-2026-06340,CAM-05,PROD-056,2.79,C,88.9,0,0,viaje_id+timestamp,True,2.79,C_ORIGINAL,True,viaje_id+timestamp,viaje_id+timestamp:DUPLICADO,True,,GIAD-M3-S4-IOT-tratamiento-v1
28895,2026-08-06 04:54:00,VIA-00121,ORD-2026-06281,CAM-12,PROD-041,18.52,C,45.9,0,0,viaje_id+timestamp,True,18.52,C_ORIGINAL,True,viaje_id+timestamp,viaje_id+timestamp:DUPLICADO,True,,GIAD-M3-S4-IOT-tratamiento-v1
28896,2026-08-15 12:20:00,VIA-00268,ORD-2026-04761,CAM-26,PROD-053,20.19,C,42.1,0,0,viaje_id+timestamp,True,20.19,C_ORIGINAL,True,viaje_id+timestamp,viaje_id+timestamp:DUPLICADO,True,,GIAD-M3-S4-IOT-tratamiento-v1
28897,2026-08-31 08:07:00,VIA-00409,ORD-2026-00947,CAM-24,PROD-053,20.03,C,36.2,0,0,viaje_id+timestamp,True,20.03,C_ORIGINAL,True,viaje_id+timestamp,viaje_id+timestamp:DUPLICADO,True,,GIAD-M3-S4-IOT-tratamiento-v1
28898,2026-08-09 09:12:00,VIA-00360,ORD-2026-01444,CAM-09,PROD-026,16.61,C,56.9,0,0,viaje_id+timestamp,True,16.61,C_ORIGINAL,True,viaje_id+timestamp,viaje_id+timestamp:DUPLICADO,True,,GIAD-M3-S4-IOT-tratamiento-v1
28899,2026-08-18 16:09:00,VIA-00123,ORD-2026-03892,CAM-05,PROD-050,4.43,C,77.3,0,0,viaje_id+timestamp,True,4.43,C_ORIGINAL,True,viaje_id+timestamp,viaje_id+timestamp:DUPLICADO,True,,GIAD-M3-S4-IOT-tratamiento-v1
28900,2026-08-16 15:14:00,VIA-01024,ORD-2026-04021,CAM-18,PROD-009,18.86,C,52.2,0,0,viaje_id+timestamp,True,18.86,C_ORIGINAL,True,viaje_id+timestamp,viaje_id+timestamp:DUPLICADO,True,,GIAD-M3-S4-IOT-tratamiento-v1
28901,2026-08-03 15:27:00,VIA-00885,ORD-2026-07094,CAM-12,PROD-047,19.74,C,59.2,0,0,viaje_id+timestamp,True,19.74,C_ORIGINAL,True,viaje_id+timestamp,viaje_id+timestamp:DUPLICADO,True,,GIAD-M3-S4-IOT-tratamiento-v1
28902,2026-08-21 22:16:00,VIA-00265,ORD-2026-04491,CAM-03,PROD-053,18.73,C,43.9,0,0,viaje_id+timestamp,True,18.73,C_ORIGINAL,True,viaje_id+timestamp,viaje_id+timestamp:DUPLICADO,True,,GIAD-M3-S4-IOT-tratamiento-v1
28903,2026-08-19 03:14:00,VIA-01036,ORD-2026-03048,CAM-27,PROD-057,22.7,C,50.4,0,0,viaje_id+timestamp,True,22.7,C_ORIGINAL,True,viaje_id+timestamp,viaje_id+timestamp:DUPLICADO,True,,GIAD-M3-S4-IOT-tratamiento-v1
28904,2026-08-20 00:19:00,VIA-00871,ORD-2026-05637,CAM-28,PROD-030,20.74,C,58.5,0,0,viaje_id+timestamp,True,20.74,C_ORIGINAL,True,viaje_id+timestamp,viaje_id+timestamp:DUPLICADO,True,,GIAD-M3-S4-IOT-tratamiento-v1
28905,2026-08-14 14:45:00,VIA-00079,ORD-2026-03382,CAM-07,PROD-038,19.7,C,43.5,0,0,viaje_id+timestamp,True,19.7,C_ORIGINAL,True,viaje_id+timestamp,viaje_id+timestamp:DUPLICADO,True,,GIAD-M3-S4-IOT-tratamiento-v1
28906,2026-08-03 16:02:00,VIA-00967,ORD-2026-03341,CAM-03,PROD-016,19.35,C,49.5,0,0,viaje_id+timestamp,True,19.35,C_ORIGINAL,True,viaje_id+timestamp,viaje_id+timestamp:DUPLICADO,True,,GIAD-M3-S4-IOT-tratamiento-v1
28907,2026-08-08 10:41:00,VIA-00753,ORD-2026-01152,CAM-05,PROD-051,-17.56,C,76.9,0,0,viaje_id+timestamp,True,-17.56,C_ORIGINAL,True,viaje_id+timestamp,viaje_id+timestamp:DUPLICADO,True,,GIAD-M3-S4-IOT-tratamiento-v1
28908,2026-08-21 02:28:00,VIA-00297,ORD-2026-06424,CAM-24,PROD-042,16.41,C,47.1,0,0,viaje_id+timestamp,True,16.41,C_ORIGINAL,True,viaje_id+timestamp,viaje_id+timestamp:DUPLICADO,True,,GIAD-M3-S4-IOT-tratamiento-v1
28909,2026-08-08 15:48:00,VIA-00040,ORD-2026-02804,CAM-08,PROD-035,4.3,C,82.4,0,0,viaje_id+timestamp,True,4.3,C_ORIGINAL,True,viaje_id+timestamp,viaje_id+timestamp:DUPLICADO,True,,GIAD-M3-S4-IOT-tratamiento-v1
28910,2026-08-07 16:40:00,VIA-00101,ORD-2026-04951,CAM-12,PROD-052,-17.82,C,63.8,0,0,viaje_id+timestamp,True,-17.82,C_ORIGINAL,True,viaje_id+timestamp,viaje_id+timestamp:DUPLICADO,True,,GIAD-M3-S4-IOT-tratamiento-v1
28911,2026-08-25 17:52:00,VIA-00037,ORD-2026-01721,CAM-08,PROD-028,18.81,C,32.4,0,0,viaje_id+timestamp,True,18.81,C_ORIGINAL,True,viaje_id+timestamp,viaje_id+timestamp:DUPLICADO,True,,GIAD-M3-S4-IOT-tratamiento-v1
28912,2026-08-26 22:50:00,VIA-00124,ORD-2026-03143,CAM-12,PROD-036,,C,70.1,0,0,temperatura_cabina_c|viaje_id+timestamp,True,,SIN_TRATAMIENTO,True,temperatura_cabina_c|viaje_id+timestamp,temperatura_cabina_c:FALTANTE|viaje_id+timestamp:DUPLICADO,True,,GIAD-M3-S4-IOT-tratamiento-v1
28913,2026-08-17 07:32:00,VIA-00209,ORD-2026-05108,CAM-09,PROD-019,4.24,C,80.4,0,0,viaje_id+timestamp,True,4.24,C_ORIGINAL,True,viaje_id+timestamp,viaje_id+timestamp:DUPLICADO,True,,GIAD-M3-S4-IOT-tratamiento-v1
28914,2026-08-22 01:50:00,VIA-01064,ORD-2026-01024,CAM-05,PROD-007,19.42,C,52.0,0,0,viaje_id+timestamp,True,19.42,C_ORIGINAL,True,viaje_id+timestamp,viaje_id+timestamp:DUPLICADO,True,,GIAD-M3-S4-IOT-tratamiento-v1
28915,2026-08-04 22:30:00,VIA-01003,ORD-2026-06727,CAM-17,PROD-014,18.13,C,52.4,0,0,viaje_id+timestamp,True,18.13,C_ORIGINAL,True,viaje_id+timestamp,viaje_id+timestamp:DUPLICADO,True,,GIAD-M3-S4-IOT-tratamiento-v1
28916,2026-08-30 21:29:00,VIA-00693,ORD-2026-02485,CAM-20,PROD-034,17.66,C,50.1,0,0,viaje_id+timestamp,True,17.66,C_ORIGINAL,True,viaje_id+timestamp,viaje_id+timestamp:DUPLICADO,True,,GIAD-M3-S4-IOT-tratamiento-v1
28917,2026-08-03 01:18:00,VIA-00686,ORD-2026-03138,CAM-17,PROD-032,22.83,C,41.5,0,0,viaje_id+timestamp,True,22.83,C_ORIGINAL,True,viaje_id+timestamp,viaje_id+timestamp:DUPLICADO,True,,GIAD-M3-S4-IOT-tratamiento-v1
28918,2026-08-19 11:15:00,VIA-00946,ORD-2026-05672,CAM-01,PROD-013,-18.33,C,64.9,0,0,viaje_id+timestamp,True,-18.33,C_ORIGINAL,True,viaje_id+timestamp,viaje_id+timestamp:DUPLICADO,True,,GIAD-M3-S4-IOT-tratamiento-v1
28919,2026-08-22 01:23:00,VIA-00260,ORD-2026-02932,CAM-06,PROD-024,17.91,C,60.5,0,0,viaje_id+timestamp,True,17.91,C_ORIGINAL,True,viaje_id+timestamp,viaje_id+timestamp:DUPLICADO,True,,GIAD-M3-S4-IOT-tratamiento-v1
28920,2026-08-16 17:58:00,VIA-00801,ORD-2026-05376,CAM-13,PROD-019,4.12,C,74.4,0,0,viaje_id+timestamp,True,4.12,C_ORIGINAL,True,viaje_id+timestamp,viaje_id+timestamp:DUPLICADO,True,,GIAD-M3-S4-IOT-tratamiento-v1
