fila_bronze,columna_afectada,codigo_error,valor_original,version_diagnostico,estado_tratamiento,tratamiento_aplicado,detalle_resultado
8,humedad_cabina_pct,FALTANTE,,GIAD-M3-S4-IOT-diagnostico-v3,PENDIENTE,NINGUNO,No hay regla aprobada y validada para liberar esta fila
121,humedad_cabina_pct,FALTANTE,,GIAD-M3-S4-IOT-diagnostico-v3,PENDIENTE,NINGUNO,No hay regla aprobada y validada para liberar esta fila
213,humedad_cabina_pct,FALTANTE,,GIAD-M3-S4-IOT-diagnostico-v3,PENDIENTE,NINGUNO,No hay regla aprobada y validada para liberar esta fila
229,temperatura_cabina_c,VALOR_CENTINELA,-999.0,GIAD-M3-S4-IOT-diagnostico-v3,PENDIENTE,NINGUNO,No hay regla aprobada y validada para liberar esta fila
238,temperatura_cabina_c,FALTANTE,,GIAD-M3-S4-IOT-diagnostico-v3,PENDIENTE,NINGUNO,No hay regla aprobada y validada para liberar esta fila
425,temperatura_cabina_c,VALOR_CENTINELA,-999.0,GIAD-M3-S4-IOT-diagnostico-v3,PENDIENTE,NINGUNO,No hay regla aprobada y validada para liberar esta fila
459,temperatura_cabina_c,VALOR_CENTINELA,-999.0,GIAD-M3-S4-IOT-diagnostico-v3,PENDIENTE,NINGUNO,No hay regla aprobada y validada para liberar esta fila
469,temperatura_cabina_c,VALOR_CENTINELA,-999.0,GIAD-M3-S4-IOT-diagnostico-v3,PENDIENTE,NINGUNO,No hay regla aprobada y validada para liberar esta fila
477,temperatura_cabina_c,FALTANTE,,GIAD-M3-S4-IOT-diagnostico-v3,PENDIENTE,NINGUNO,No hay regla aprobada y validada para liberar esta fila
530,humedad_cabina_pct,FUERA_RANGO,-59.9,GIAD-M3-S4-IOT-diagnostico-v3,PENDIENTE,NINGUNO,No hay regla aprobada y validada para liberar esta fila
533,humedad_cabina_pct,FALTANTE,,GIAD-M3-S4-IOT-diagnostico-v3,PENDIENTE,NINGUNO,No hay regla aprobada y validada para liberar esta fila
598,humedad_cabina_pct,FALTANTE,,GIAD-M3-S4-IOT-diagnostico-v3,PENDIENTE,NINGUNO,No hay regla aprobada y validada para liberar esta fila
643,temperatura_cabina_c,VALOR_CENTINELA,-999.0,GIAD-M3-S4-IOT-diagnostico-v3,PENDIENTE,NINGUNO,No hay regla aprobada y validada para liberar esta fila
757,temperatura_cabina_c,FALTANTE,,GIAD-M3-S4-IOT-diagnostico-v3,PENDIENTE,NINGUNO,No hay regla aprobada y validada para liberar esta fila
901,temperatura_cabina_c,VALOR_CENTINELA,-999.0,GIAD-M3-S4-IOT-diagnostico-v3,PENDIENTE,NINGUNO,No hay regla aprobada y validada para liberar esta fila
1079,temperatura_cabina_c,FALTANTE,,GIAD-M3-S4-IOT-diagnostico-v3,PENDIENTE,NINGUNO,No hay regla aprobada y validada para liberar esta fila
1101,temperatura_cabina_c,VALOR_CENTINELA,-999.0,GIAD-M3-S4-IOT-diagnostico-v3,PENDIENTE,NINGUNO,No hay regla aprobada y validada para liberar esta fila
1169,temperatura_cabina_c,FALTANTE,,GIAD-M3-S4-IOT-diagnostico-v3,PENDIENTE,NINGUNO,No hay regla aprobada y validada para liberar esta fila
1205,temperatura_cabina_c,VALOR_CENTINELA,-999.0,GIAD-M3-S4-IOT-diagnostico-v3,PENDIENTE,NINGUNO,No hay regla aprobada y validada para liberar esta fila
1208,temperatura_cabina_c,VALOR_CENTINELA,-999.0,GIAD-M3-S4-IOT-diagnostico-v3,PENDIENTE,NINGUNO,No hay regla aprobada y validada para liberar esta fila
1233,temperatura_cabina_c,VALOR_CENTINELA,-999.0,GIAD-M3-S4-IOT-diagnostico-v3,PENDIENTE,NINGUNO,No hay regla aprobada y validada para liberar esta fila
1276,humedad_cabina_pct,FUERA_RANGO,-75.7,GIAD-M3-S4-IOT-diagnostico-v3,PENDIENTE,NINGUNO,No hay regla aprobada y validada para liberar esta fila
1286,temperatura_cabina_c,FALTANTE,,GIAD-M3-S4-IOT-diagnostico-v3,PENDIENTE,NINGUNO,No hay regla aprobada y validada para liberar esta fila
1336,temperatura_cabina_c,FALTANTE,,GIAD-M3-S4-IOT-diagnostico-v3,PENDIENTE,NINGUNO,No hay regla aprobada y validada para liberar esta fila
1402,temperatura_cabina_c,VALOR_CENTINELA,-999.0,GIAD-M3-S4-IOT-diagnostico-v3,PENDIENTE,NINGUNO,No hay regla aprobada y validada para liberar esta fila
1469,temperatura_cabina_c,FALTANTE,,GIAD-M3-S4-IOT-diagnostico-v3,PENDIENTE,NINGUNO,No hay regla aprobada y validada para liberar esta fila
1471,temperatura_cabina_c,VALOR_CENTINELA,-999.0,GIAD-M3-S4-IOT-diagnostico-v3,PENDIENTE,NINGUNO,No hay regla aprobada y validada para liberar esta fila
1660,temperatura_cabina_c,VALOR_CENTINELA,-999.0,GIAD-M3-S4-IOT-diagnostico-v3,PENDIENTE,NINGUNO,No hay regla aprobada y validada para liberar esta fila
1730,temperatura_cabina_c,FALTANTE,,GIAD-M3-S4-IOT-diagnostico-v3,PENDIENTE,NINGUNO,No hay regla aprobada y validada para liberar esta fila
1750,temperatura_cabina_c,VALOR_CENTINELA,-999.0,GIAD-M3-S4-IOT-diagnostico-v3,PENDIENTE,NINGUNO,No hay regla aprobada y validada para liberar esta fila
1798,humedad_cabina_pct,FALTANTE,,GIAD-M3-S4-IOT-diagnostico-v3,PENDIENTE,NINGUNO,No hay regla aprobada y validada para liberar esta fila
1967,temperatura_cabina_c,FALTANTE,,GIAD-M3-S4-IOT-diagnostico-v3,PENDIENTE,NINGUNO,No hay regla aprobada y validada para liberar esta fila
2184,temperatura_cabina_c,VALOR_CENTINELA,-999.0,GIAD-M3-S4-IOT-diagnostico-v3,PENDIENTE,NINGUNO,No hay regla aprobada y validada para liberar esta fila
2346,temperatura_cabina_c,FALTANTE,,GIAD-M3-S4-IOT-diagnostico-v3,PENDIENTE,NINGUNO,No hay regla aprobada y validada para liberar esta fila
2356,temperatura_cabina_c,FALTANTE,,GIAD-M3-S4-IOT-diagnostico-v3,PENDIENTE,NINGUNO,No hay regla aprobada y validada para liberar esta fila
2583,temperatura_cabina_c,FALTANTE,,GIAD-M3-S4-IOT-diagnostico-v3,PENDIENTE,NINGUNO,No hay regla aprobada y validada para liberar esta fila
2601,humedad_cabina_pct,FALTANTE,,GIAD-M3-S4-IOT-diagnostico-v3,PENDIENTE,NINGUNO,No hay regla aprobada y validada para liberar esta fila
2788,humedad_cabina_pct,FALTANTE,,GIAD-M3-S4-IOT-diagnostico-v3,PENDIENTE,NINGUNO,No hay regla aprobada y validada para liberar esta fila
2927,temperatura_cabina_c,VALOR_CENTINELA,-999.0,GIAD-M3-S4-IOT-diagnostico-v3,PENDIENTE,NINGUNO,No hay regla aprobada y validada para liberar esta fila
2990,temperatura_cabina_c,FALTANTE,,GIAD-M3-S4-IOT-diagnostico-v3,PENDIENTE,NINGUNO,No hay regla aprobada y validada para liberar esta fila
3019,humedad_cabina_pct,FALTANTE,,GIAD-M3-S4-IOT-diagnostico-v3,PENDIENTE,NINGUNO,No hay regla aprobada y validada para liberar esta fila
3060,temperatura_cabina_c,FALTANTE,,GIAD-M3-S4-IOT-diagnostico-v3,PENDIENTE,NINGUNO,No hay regla aprobada y validada para liberar esta fila
3106,humedad_cabina_pct,FALTANTE,,GIAD-M3-S4-IOT-diagnostico-v3,PENDIENTE,NINGUNO,No hay regla aprobada y validada para liberar esta fila
3201,humedad_cabina_pct,FALTANTE,,GIAD-M3-S4-IOT-diagnostico-v3,PENDIENTE,NINGUNO,No hay regla aprobada y validada para liberar esta fila
3268,temperatura_cabina_c,VALOR_CENTINELA,-999.0,GIAD-M3-S4-IOT-diagnostico-v3,PENDIENTE,NINGUNO,No hay regla aprobada y validada para liberar esta fila
3272,humedad_cabina_pct,FALTANTE,,GIAD-M3-S4-IOT-diagnostico-v3,PENDIENTE,NINGUNO,No hay regla aprobada y validada para liberar esta fila
3300,humedad_cabina_pct,FALTANTE,,GIAD-M3-S4-IOT-diagnostico-v3,PENDIENTE,NINGUNO,No hay regla aprobada y validada para liberar esta fila
3307,temperatura_cabina_c,VALOR_CENTINELA,-999.0,GIAD-M3-S4-IOT-diagnostico-v3,PENDIENTE,NINGUNO,No hay regla aprobada y validada para liberar esta fila
3343,humedad_cabina_pct,FALTANTE,,GIAD-M3-S4-IOT-diagnostico-v3,PENDIENTE,NINGUNO,No hay regla aprobada y validada para liberar esta fila
3349,humedad_cabina_pct,FALTANTE,,GIAD-M3-S4-IOT-diagnostico-v3,PENDIENTE,NINGUNO,No hay regla aprobada y validada para liberar esta fila
3417,temperatura_cabina_c,VALOR_CENTINELA,-999.0,GIAD-M3-S4-IOT-diagnostico-v3,PENDIENTE,NINGUNO,No hay regla aprobada y validada para liberar esta fila
3617,temperatura_cabina_c,FALTANTE,,GIAD-M3-S4-IOT-diagnostico-v3,PENDIENTE,NINGUNO,No hay regla aprobada y validada para liberar esta fila
4011,temperatura_cabina_c,VALOR_CENTINELA,-999.0,GIAD-M3-S4-IOT-diagnostico-v3,PENDIENTE,NINGUNO,No hay regla aprobada y validada para liberar esta fila
4059,humedad_cabina_pct,FALTANTE,,GIAD-M3-S4-IOT-diagnostico-v3,PENDIENTE,NINGUNO,No hay regla aprobada y validada para liberar esta fila
4065,humedad_cabina_pct,FALTANTE,,GIAD-M3-S4-IOT-diagnostico-v3,PENDIENTE,NINGUNO,No hay regla aprobada y validada para liberar esta fila
4067,humedad_cabina_pct,FALTANTE,,GIAD-M3-S4-IOT-diagnostico-v3,PENDIENTE,NINGUNO,No hay regla aprobada y validada para liberar esta fila
4102,temperatura_cabina_c,FALTANTE,,GIAD-M3-S4-IOT-diagnostico-v3,PENDIENTE,NINGUNO,No hay regla aprobada y validada para liberar esta fila
4423,humedad_cabina_pct,FALTANTE,,GIAD-M3-S4-IOT-diagnostico-v3,PENDIENTE,NINGUNO,No hay regla aprobada y validada para liberar esta fila
4537,timestamp,FECHA_INVALIDA,2026-02-31 09:15:00,GIAD-M3-S4-IOT-diagnostico-v3,PENDIENTE,NINGUNO,No hay regla aprobada y validada para liberar esta fila
4576,humedad_cabina_pct,FALTANTE,,GIAD-M3-S4-IOT-diagnostico-v3,PENDIENTE,NINGUNO,No hay regla aprobada y validada para liberar esta fila
4593,temperatura_cabina_c,FALTANTE,,GIAD-M3-S4-IOT-diagnostico-v3,PENDIENTE,NINGUNO,No hay regla aprobada y validada para liberar esta fila
4599,temperatura_cabina_c,FALTANTE,,GIAD-M3-S4-IOT-diagnostico-v3,PENDIENTE,NINGUNO,No hay regla aprobada y validada para liberar esta fila
4674,temperatura_cabina_c,FALTANTE,,GIAD-M3-S4-IOT-diagnostico-v3,PENDIENTE,NINGUNO,No hay regla aprobada y validada para liberar esta fila
4768,timestamp,FECHA_INVALIDA,2026-02-31 09:15:00,GIAD-M3-S4-IOT-diagnostico-v3,PENDIENTE,NINGUNO,No hay regla aprobada y validada para liberar esta fila
4836,temperatura_cabina_c,VALOR_CENTINELA,-999.0,GIAD-M3-S4-IOT-diagnostico-v3,PENDIENTE,NINGUNO,No hay regla aprobada y validada para liberar esta fila
4907,humedad_cabina_pct,FALTANTE,,GIAD-M3-S4-IOT-diagnostico-v3,PENDIENTE,NINGUNO,No hay regla aprobada y validada para liberar esta fila
5043,temperatura_cabina_c,VALOR_CENTINELA,-999.0,GIAD-M3-S4-IOT-diagnostico-v3,PENDIENTE,NINGUNO,No hay regla aprobada y validada para liberar esta fila
5113,humedad_cabina_pct,FALTANTE,,GIAD-M3-S4-IOT-diagnostico-v3,PENDIENTE,NINGUNO,No hay regla aprobada y validada para liberar esta fila
5161,temperatura_cabina_c,VALOR_CENTINELA,-999.0,GIAD-M3-S4-IOT-diagnostico-v3,PENDIENTE,NINGUNO,No hay regla aprobada y validada para liberar esta fila
5222,temperatura_cabina_c,VALOR_CENTINELA,-999.0,GIAD-M3-S4-IOT-diagnostico-v3,PENDIENTE,NINGUNO,No hay regla aprobada y validada para liberar esta fila
5252,temperatura_cabina_c,VALOR_CENTINELA,-999.0,GIAD-M3-S4-IOT-diagnostico-v3,PENDIENTE,NINGUNO,No hay regla aprobada y validada para liberar esta fila
5307,humedad_cabina_pct,FALTANTE,,GIAD-M3-S4-IOT-diagnostico-v3,PENDIENTE,NINGUNO,No hay regla aprobada y validada para liberar esta fila
5316,temperatura_cabina_c,FALTANTE,,GIAD-M3-S4-IOT-diagnostico-v3,PENDIENTE,NINGUNO,No hay regla aprobada y validada para liberar esta fila
5370,temperatura_cabina_c,VALOR_CENTINELA,-999.0,GIAD-M3-S4-IOT-diagnostico-v3,PENDIENTE,NINGUNO,No hay regla aprobada y validada para liberar esta fila
5371,humedad_cabina_pct,FALTANTE,,GIAD-M3-S4-IOT-diagnostico-v3,PENDIENTE,NINGUNO,No hay regla aprobada y validada para liberar esta fila
5468,humedad_cabina_pct,FALTANTE,,GIAD-M3-S4-IOT-diagnostico-v3,PENDIENTE,NINGUNO,No hay regla aprobada y validada para liberar esta fila
5609,temperatura_cabina_c,FALTANTE,,GIAD-M3-S4-IOT-diagnostico-v3,PENDIENTE,NINGUNO,No hay regla aprobada y validada para liberar esta fila
5628,temperatura_cabina_c,VALOR_CENTINELA,-999.0,GIAD-M3-S4-IOT-diagnostico-v3,PENDIENTE,NINGUNO,No hay regla aprobada y validada para liberar esta fila
5823,timestamp,FECHA_INVALIDA,2026-02-31 09:15:00,GIAD-M3-S4-IOT-diagnostico-v3,PENDIENTE,NINGUNO,No hay regla aprobada y validada para liberar esta fila
5856,temperatura_cabina_c,FALTANTE,,GIAD-M3-S4-IOT-diagnostico-v3,PENDIENTE,NINGUNO,No hay regla aprobada y validada para liberar esta fila
6174,temperatura_cabina_c,VALOR_CENTINELA,-999.0,GIAD-M3-S4-IOT-diagnostico-v3,PENDIENTE,NINGUNO,No hay regla aprobada y validada para liberar esta fila
6397,temperatura_cabina_c,FALTANTE,,GIAD-M3-S4-IOT-diagnostico-v3,PENDIENTE,NINGUNO,No hay regla aprobada y validada para liberar esta fila
6473,humedad_cabina_pct,FALTANTE,,GIAD-M3-S4-IOT-diagnostico-v3,PENDIENTE,NINGUNO,No hay regla aprobada y validada para liberar esta fila
6477,temperatura_cabina_c,VALOR_CENTINELA,-999.0,GIAD-M3-S4-IOT-diagnostico-v3,PENDIENTE,NINGUNO,No hay regla aprobada y validada para liberar esta fila
6767,humedad_cabina_pct,FALTANTE,,GIAD-M3-S4-IOT-diagnostico-v3,PENDIENTE,NINGUNO,No hay regla aprobada y validada para liberar esta fila
6832,humedad_cabina_pct,FALTANTE,,GIAD-M3-S4-IOT-diagnostico-v3,PENDIENTE,NINGUNO,No hay regla aprobada y validada para liberar esta fila
7173,humedad_cabina_pct,FUERA_RANGO,-58.6,GIAD-M3-S4-IOT-diagnostico-v3,PENDIENTE,NINGUNO,No hay regla aprobada y validada para liberar esta fila
7228,temperatura_cabina_c,VALOR_CENTINELA,-999.0,GIAD-M3-S4-IOT-diagnostico-v3,PENDIENTE,NINGUNO,No hay regla aprobada y validada para liberar esta fila
7245,humedad_cabina_pct,FALTANTE,,GIAD-M3-S4-IOT-diagnostico-v3,PENDIENTE,NINGUNO,No hay regla aprobada y validada para liberar esta fila
7256,humedad_cabina_pct,FALTANTE,,GIAD-M3-S4-IOT-diagnostico-v3,PENDIENTE,NINGUNO,No hay regla aprobada y validada para liberar esta fila
7331,temperatura_cabina_c,VALOR_CENTINELA,-999.0,GIAD-M3-S4-IOT-diagnostico-v3,PENDIENTE,NINGUNO,No hay regla aprobada y validada para liberar esta fila
7391,temperatura_cabina_c,FALTANTE,,GIAD-M3-S4-IOT-diagnostico-v3,PENDIENTE,NINGUNO,No hay regla aprobada y validada para liberar esta fila
7455,humedad_cabina_pct,FALTANTE,,GIAD-M3-S4-IOT-diagnostico-v3,PENDIENTE,NINGUNO,No hay regla aprobada y validada para liberar esta fila
7467,temperatura_cabina_c,VALOR_CENTINELA,-999.0,GIAD-M3-S4-IOT-diagnostico-v3,PENDIENTE,NINGUNO,No hay regla aprobada y validada para liberar esta fila
7583,temperatura_cabina_c,FALTANTE,,GIAD-M3-S4-IOT-diagnostico-v3,PENDIENTE,NINGUNO,No hay regla aprobada y validada para liberar esta fila
7681,humedad_cabina_pct,FUERA_RANGO,-80.5,GIAD-M3-S4-IOT-diagnostico-v3,PENDIENTE,NINGUNO,No hay regla aprobada y validada para liberar esta fila
7749,temperatura_cabina_c,VALOR_CENTINELA,-999.0,GIAD-M3-S4-IOT-diagnostico-v3,PENDIENTE,NINGUNO,No hay regla aprobada y validada para liberar esta fila
7776,temperatura_cabina_c,FALTANTE,,GIAD-M3-S4-IOT-diagnostico-v3,PENDIENTE,NINGUNO,No hay regla aprobada y validada para liberar esta fila
7782,temperatura_cabina_c,FALTANTE,,GIAD-M3-S4-IOT-diagnostico-v3,PENDIENTE,NINGUNO,No hay regla aprobada y validada para liberar esta fila
7832,temperatura_cabina_c,VALOR_CENTINELA,-999.0,GIAD-M3-S4-IOT-diagnostico-v3,PENDIENTE,NINGUNO,No hay regla aprobada y validada para liberar esta fila
7941,humedad_cabina_pct,FALTANTE,,GIAD-M3-S4-IOT-diagnostico-v3,PENDIENTE,NINGUNO,No hay regla aprobada y validada para liberar esta fila
8028,temperatura_cabina_c,FALTANTE,,GIAD-M3-S4-IOT-diagnostico-v3,PENDIENTE,NINGUNO,No hay regla aprobada y validada para liberar esta fila
8232,humedad_cabina_pct,FALTANTE,,GIAD-M3-S4-IOT-diagnostico-v3,PENDIENTE,NINGUNO,No hay regla aprobada y validada para liberar esta fila
8389,temperatura_cabina_c,VALOR_CENTINELA,-999.0,GIAD-M3-S4-IOT-diagnostico-v3,PENDIENTE,NINGUNO,No hay regla aprobada y validada para liberar esta fila
8559,temperatura_cabina_c,VALOR_CENTINELA,-999.0,GIAD-M3-S4-IOT-diagnostico-v3,PENDIENTE,NINGUNO,No hay regla aprobada y validada para liberar esta fila
8696,timestamp,FECHA_INVALIDA,2026-02-31 09:15:00,GIAD-M3-S4-IOT-diagnostico-v3,PENDIENTE,NINGUNO,No hay regla aprobada y validada para liberar esta fila
9088,temperatura_cabina_c,VALOR_CENTINELA,-999.0,GIAD-M3-S4-IOT-diagnostico-v3,PENDIENTE,NINGUNO,No hay regla aprobada y validada para liberar esta fila
9215,temperatura_cabina_c,VALOR_CENTINELA,-999.0,GIAD-M3-S4-IOT-diagnostico-v3,PENDIENTE,NINGUNO,No hay regla aprobada y validada para liberar esta fila
9333,temperatura_cabina_c,FALTANTE,,GIAD-M3-S4-IOT-diagnostico-v3,PENDIENTE,NINGUNO,No hay regla aprobada y validada para liberar esta fila
9382,temperatura_cabina_c,VALOR_CENTINELA,-999.0,GIAD-M3-S4-IOT-diagnostico-v3,PENDIENTE,NINGUNO,No hay regla aprobada y validada para liberar esta fila
9412,humedad_cabina_pct,FALTANTE,,GIAD-M3-S4-IOT-diagnostico-v3,PENDIENTE,NINGUNO,No hay regla aprobada y validada para liberar esta fila
9456,timestamp,FECHA_INVALIDA,2026-02-31 09:15:00,GIAD-M3-S4-IOT-diagnostico-v3,PENDIENTE,NINGUNO,No hay regla aprobada y validada para liberar esta fila
9525,temperatura_cabina_c,VALOR_CENTINELA,-999.0,GIAD-M3-S4-IOT-diagnostico-v3,PENDIENTE,NINGUNO,No hay regla aprobada y validada para liberar esta fila
9735,temperatura_cabina_c,VALOR_CENTINELA,-999.0,GIAD-M3-S4-IOT-diagnostico-v3,PENDIENTE,NINGUNO,No hay regla aprobada y validada para liberar esta fila
9968,humedad_cabina_pct,FALTANTE,,GIAD-M3-S4-IOT-diagnostico-v3,PENDIENTE,NINGUNO,No hay regla aprobada y validada para liberar esta fila
10021,temperatura_cabina_c,FALTANTE,,GIAD-M3-S4-IOT-diagnostico-v3,PENDIENTE,NINGUNO,No hay regla aprobada y validada para liberar esta fila
10080,temperatura_cabina_c,FALTANTE,,GIAD-M3-S4-IOT-diagnostico-v3,PENDIENTE,NINGUNO,No hay regla aprobada y validada para liberar esta fila
10093,temperatura_cabina_c,VALOR_CENTINELA,-999.0,GIAD-M3-S4-IOT-diagnostico-v3,PENDIENTE,NINGUNO,No hay regla aprobada y validada para liberar esta fila
10123,timestamp,FECHA_INVALIDA,2026-02-31 09:15:00,GIAD-M3-S4-IOT-diagnostico-v3,PENDIENTE,NINGUNO,No hay regla aprobada y validada para liberar esta fila
10240,humedad_cabina_pct,FALTANTE,,GIAD-M3-S4-IOT-diagnostico-v3,PENDIENTE,NINGUNO,No hay regla aprobada y validada para liberar esta fila
10284,temperatura_cabina_c,VALOR_CENTINELA,-999.0,GIAD-M3-S4-IOT-diagnostico-v3,PENDIENTE,NINGUNO,No hay regla aprobada y validada para liberar esta fila
10286,temperatura_cabina_c,VALOR_CENTINELA,-999.0,GIAD-M3-S4-IOT-diagnostico-v3,PENDIENTE,NINGUNO,No hay regla aprobada y validada para liberar esta fila
10309,humedad_cabina_pct,FALTANTE,,GIAD-M3-S4-IOT-diagnostico-v3,PENDIENTE,NINGUNO,No hay regla aprobada y validada para liberar esta fila
10372,temperatura_cabina_c,FALTANTE,,GIAD-M3-S4-IOT-diagnostico-v3,PENDIENTE,NINGUNO,No hay regla aprobada y validada para liberar esta fila
10385,humedad_cabina_pct,FALTANTE,,GIAD-M3-S4-IOT-diagnostico-v3,PENDIENTE,NINGUNO,No hay regla aprobada y validada para liberar esta fila
10404,temperatura_cabina_c,VALOR_CENTINELA,-999.0,GIAD-M3-S4-IOT-diagnostico-v3,PENDIENTE,NINGUNO,No hay regla aprobada y validada para liberar esta fila
10511,temperatura_cabina_c,VALOR_CENTINELA,-999.0,GIAD-M3-S4-IOT-diagnostico-v3,PENDIENTE,NINGUNO,No hay regla aprobada y validada para liberar esta fila
10599,humedad_cabina_pct,FALTANTE,,GIAD-M3-S4-IOT-diagnostico-v3,PENDIENTE,NINGUNO,No hay regla aprobada y validada para liberar esta fila
10687,temperatura_cabina_c,VALOR_CENTINELA,-999.0,GIAD-M3-S4-IOT-diagnostico-v3,PENDIENTE,NINGUNO,No hay regla aprobada y validada para liberar esta fila
10714,humedad_cabina_pct,FALTANTE,,GIAD-M3-S4-IOT-diagnostico-v3,PENDIENTE,NINGUNO,No hay regla aprobada y validada para liberar esta fila
10945,temperatura_cabina_c,VALOR_CENTINELA,-999.0,GIAD-M3-S4-IOT-diagnostico-v3,PENDIENTE,NINGUNO,No hay regla aprobada y validada para liberar esta fila
11002,humedad_cabina_pct,FALTANTE,,GIAD-M3-S4-IOT-diagnostico-v3,PENDIENTE,NINGUNO,No hay regla aprobada y validada para liberar esta fila
11021,temp_unit,UNIDAD_NO_RECONOCIDA,K,GIAD-M3-S4-IOT-diagnostico-v3,RESUELTO,K_A_C,Unidad confirmada y conversión validada; revisar otros problemas de la fila
11158,temperatura_cabina_c,VALOR_CENTINELA,-999.0,GIAD-M3-S4-IOT-diagnostico-v3,PENDIENTE,NINGUNO,No hay regla aprobada y validada para liberar esta fila
11185,humedad_cabina_pct,FALTANTE,,GIAD-M3-S4-IOT-diagnostico-v3,PENDIENTE,NINGUNO,No hay regla aprobada y validada para liberar esta fila
11242,humedad_cabina_pct,FALTANTE,,GIAD-M3-S4-IOT-diagnostico-v3,PENDIENTE,NINGUNO,No hay regla aprobada y validada para liberar esta fila
11257,temperatura_cabina_c,VALOR_CENTINELA,-999.0,GIAD-M3-S4-IOT-diagnostico-v3,PENDIENTE,NINGUNO,No hay regla aprobada y validada para liberar esta fila
11359,temperatura_cabina_c,VALOR_CENTINELA,-999.0,GIAD-M3-S4-IOT-diagnostico-v3,PENDIENTE,NINGUNO,No hay regla aprobada y validada para liberar esta fila
11375,humedad_cabina_pct,FALTANTE,,GIAD-M3-S4-IOT-diagnostico-v3,PENDIENTE,NINGUNO,No hay regla aprobada y validada para liberar esta fila
11387,temperatura_cabina_c,FALTANTE,,GIAD-M3-S4-IOT-diagnostico-v3,PENDIENTE,NINGUNO,No hay regla aprobada y validada para liberar esta fila
11464,humedad_cabina_pct,FALTANTE,,GIAD-M3-S4-IOT-diagnostico-v3,PENDIENTE,NINGUNO,No hay regla aprobada y validada para liberar esta fila
11594,temperatura_cabina_c,VALOR_CENTINELA,-999.0,GIAD-M3-S4-IOT-diagnostico-v3,PENDIENTE,NINGUNO,No hay regla aprobada y validada para liberar esta fila
11804,humedad_cabina_pct,FALTANTE,,GIAD-M3-S4-IOT-diagnostico-v3,PENDIENTE,NINGUNO,No hay regla aprobada y validada para liberar esta fila
11822,temperatura_cabina_c,FALTANTE,,GIAD-M3-S4-IOT-diagnostico-v3,PENDIENTE,NINGUNO,No hay regla aprobada y validada para liberar esta fila
11926,temperatura_cabina_c,FALTANTE,,GIAD-M3-S4-IOT-diagnostico-v3,PENDIENTE,NINGUNO,No hay regla aprobada y validada para liberar esta fila
12053,temperatura_cabina_c,VALOR_CENTINELA,-999.0,GIAD-M3-S4-IOT-diagnostico-v3,PENDIENTE,NINGUNO,No hay regla aprobada y validada para liberar esta fila
12097,temperatura_cabina_c,VALOR_CENTINELA,-999.0,GIAD-M3-S4-IOT-diagnostico-v3,PENDIENTE,NINGUNO,No hay regla aprobada y validada para liberar esta fila
12198,temperatura_cabina_c,VALOR_CENTINELA,-999.0,GIAD-M3-S4-IOT-diagnostico-v3,PENDIENTE,NINGUNO,No hay regla aprobada y validada para liberar esta fila
12450,humedad_cabina_pct,FALTANTE,,GIAD-M3-S4-IOT-diagnostico-v3,PENDIENTE,NINGUNO,No hay regla aprobada y validada para liberar esta fila
12678,temperatura_cabina_c,FALTANTE,,GIAD-M3-S4-IOT-diagnostico-v3,PENDIENTE,NINGUNO,No hay regla aprobada y validada para liberar esta fila
12695,temperatura_cabina_c,VALOR_CENTINELA,-999.0,GIAD-M3-S4-IOT-diagnostico-v3,PENDIENTE,NINGUNO,No hay regla aprobada y validada para liberar esta fila
12757,temperatura_cabina_c,FALTANTE,,GIAD-M3-S4-IOT-diagnostico-v3,PENDIENTE,NINGUNO,No hay regla aprobada y validada para liberar esta fila
12771,temperatura_cabina_c,FALTANTE,,GIAD-M3-S4-IOT-diagnostico-v3,PENDIENTE,NINGUNO,No hay regla aprobada y validada para liberar esta fila
12774,temperatura_cabina_c,VALOR_CENTINELA,-999.0,GIAD-M3-S4-IOT-diagnostico-v3,PENDIENTE,NINGUNO,No hay regla aprobada y validada para liberar esta fila
12917,temperatura_cabina_c,VALOR_CENTINELA,-999.0,GIAD-M3-S4-IOT-diagnostico-v3,PENDIENTE,NINGUNO,No hay regla aprobada y validada para liberar esta fila
12964,humedad_cabina_pct,FALTANTE,,GIAD-M3-S4-IOT-diagnostico-v3,PENDIENTE,NINGUNO,No hay regla aprobada y validada para liberar esta fila
13029,timestamp,FECHA_INVALIDA,2026-02-31 09:15:00,GIAD-M3-S4-IOT-diagnostico-v3,PENDIENTE,NINGUNO,No hay regla aprobada y validada para liberar esta fila
13055,humedad_cabina_pct,FUERA_RANGO,-52.1,GIAD-M3-S4-IOT-diagnostico-v3,PENDIENTE,NINGUNO,No hay regla aprobada y validada para liberar esta fila
13112,temperatura_cabina_c,VALOR_CENTINELA,-999.0,GIAD-M3-S4-IOT-diagnostico-v3,PENDIENTE,NINGUNO,No hay regla aprobada y validada para liberar esta fila
13130,humedad_cabina_pct,FALTANTE,,GIAD-M3-S4-IOT-diagnostico-v3,PENDIENTE,NINGUNO,No hay regla aprobada y validada para liberar esta fila
13192,temperatura_cabina_c,VALOR_CENTINELA,-999.0,GIAD-M3-S4-IOT-diagnostico-v3,PENDIENTE,NINGUNO,No hay regla aprobada y validada para liberar esta fila
13298,temperatura_cabina_c,FALTANTE,,GIAD-M3-S4-IOT-diagnostico-v3,PENDIENTE,NINGUNO,No hay regla aprobada y validada para liberar esta fila
13440,temperatura_cabina_c,VALOR_CENTINELA,-999.0,GIAD-M3-S4-IOT-diagnostico-v3,PENDIENTE,NINGUNO,No hay regla aprobada y validada para liberar esta fila
13586,temperatura_cabina_c,FALTANTE,,GIAD-M3-S4-IOT-diagnostico-v3,PENDIENTE,NINGUNO,No hay regla aprobada y validada para liberar esta fila
13692,temperatura_cabina_c,VALOR_CENTINELA,-999.0,GIAD-M3-S4-IOT-diagnostico-v3,PENDIENTE,NINGUNO,No hay regla aprobada y validada para liberar esta fila
13803,humedad_cabina_pct,FALTANTE,,GIAD-M3-S4-IOT-diagnostico-v3,PENDIENTE,NINGUNO,No hay regla aprobada y validada para liberar esta fila
13824,temperatura_cabina_c,VALOR_CENTINELA,-999.0,GIAD-M3-S4-IOT-diagnostico-v3,PENDIENTE,NINGUNO,No hay regla aprobada y validada para liberar esta fila
13903,humedad_cabina_pct,FALTANTE,,GIAD-M3-S4-IOT-diagnostico-v3,PENDIENTE,NINGUNO,No hay regla aprobada y validada para liberar esta fila
13903,temp_unit,UNIDAD_NO_RECONOCIDA,K,GIAD-M3-S4-IOT-diagnostico-v3,RESUELTO,K_A_C,Unidad confirmada y conversión validada; revisar otros problemas de la fila
14008,temperatura_cabina_c,FALTANTE,,GIAD-M3-S4-IOT-diagnostico-v3,PENDIENTE,NINGUNO,No hay regla aprobada y validada para liberar esta fila
14105,temperatura_cabina_c,VALOR_CENTINELA,-999.0,GIAD-M3-S4-IOT-diagnostico-v3,PENDIENTE,NINGUNO,No hay regla aprobada y validada para liberar esta fila
14165,timestamp,FECHA_INVALIDA,2026-02-31 09:15:00,GIAD-M3-S4-IOT-diagnostico-v3,PENDIENTE,NINGUNO,No hay regla aprobada y validada para liberar esta fila
14308,humedad_cabina_pct,FUERA_RANGO,-53.9,GIAD-M3-S4-IOT-diagnostico-v3,PENDIENTE,NINGUNO,No hay regla aprobada y validada para liberar esta fila
14376,temperatura_cabina_c,FALTANTE,,GIAD-M3-S4-IOT-diagnostico-v3,PENDIENTE,NINGUNO,No hay regla aprobada y validada para liberar esta fila
14414,timestamp,FECHA_INVALIDA,2026-02-31 09:15:00,GIAD-M3-S4-IOT-diagnostico-v3,PENDIENTE,NINGUNO,No hay regla aprobada y validada para liberar esta fila
14488,humedad_cabina_pct,FALTANTE,,GIAD-M3-S4-IOT-diagnostico-v3,PENDIENTE,NINGUNO,No hay regla aprobada y validada para liberar esta fila
14718,temperatura_cabina_c,FALTANTE,,GIAD-M3-S4-IOT-diagnostico-v3,PENDIENTE,NINGUNO,No hay regla aprobada y validada para liberar esta fila
14740,humedad_cabina_pct,FALTANTE,,GIAD-M3-S4-IOT-diagnostico-v3,PENDIENTE,NINGUNO,No hay regla aprobada y validada para liberar esta fila
14791,temperatura_cabina_c,VALOR_CENTINELA,-999.0,GIAD-M3-S4-IOT-diagnostico-v3,PENDIENTE,NINGUNO,No hay regla aprobada y validada para liberar esta fila
14863,temperatura_cabina_c,FALTANTE,,GIAD-M3-S4-IOT-diagnostico-v3,PENDIENTE,NINGUNO,No hay regla aprobada y validada para liberar esta fila
15013,temperatura_cabina_c,FALTANTE,,GIAD-M3-S4-IOT-diagnostico-v3,PENDIENTE,NINGUNO,No hay regla aprobada y validada para liberar esta fila
15244,timestamp,FECHA_INVALIDA,2026-02-31 09:15:00,GIAD-M3-S4-IOT-diagnostico-v3,PENDIENTE,NINGUNO,No hay regla aprobada y validada para liberar esta fila
15501,humedad_cabina_pct,FUERA_RANGO,-38.2,GIAD-M3-S4-IOT-diagnostico-v3,PENDIENTE,NINGUNO,No hay regla aprobada y validada para liberar esta fila
15780,temperatura_cabina_c,VALOR_CENTINELA,-999.0,GIAD-M3-S4-IOT-diagnostico-v3,PENDIENTE,NINGUNO,No hay regla aprobada y validada para liberar esta fila
15825,humedad_cabina_pct,FALTANTE,,GIAD-M3-S4-IOT-diagnostico-v3,PENDIENTE,NINGUNO,No hay regla aprobada y validada para liberar esta fila
15940,humedad_cabina_pct,FALTANTE,,GIAD-M3-S4-IOT-diagnostico-v3,PENDIENTE,NINGUNO,No hay regla aprobada y validada para liberar esta fila
15968,temperatura_cabina_c,VALOR_CENTINELA,-999.0,GIAD-M3-S4-IOT-diagnostico-v3,PENDIENTE,NINGUNO,No hay regla aprobada y validada para liberar esta fila
16079,humedad_cabina_pct,FALTANTE,,GIAD-M3-S4-IOT-diagnostico-v3,PENDIENTE,NINGUNO,No hay regla aprobada y validada para liberar esta fila
16092,humedad_cabina_pct,FALTANTE,,GIAD-M3-S4-IOT-diagnostico-v3,PENDIENTE,NINGUNO,No hay regla aprobada y validada para liberar esta fila
16209,humedad_cabina_pct,FALTANTE,,GIAD-M3-S4-IOT-diagnostico-v3,PENDIENTE,NINGUNO,No hay regla aprobada y validada para liberar esta fila
16284,temperatura_cabina_c,FALTANTE,,GIAD-M3-S4-IOT-diagnostico-v3,PENDIENTE,NINGUNO,No hay regla aprobada y validada para liberar esta fila
16388,humedad_cabina_pct,FALTANTE,,GIAD-M3-S4-IOT-diagnostico-v3,PENDIENTE,NINGUNO,No hay regla aprobada y validada para liberar esta fila
16427,temperatura_cabina_c,VALOR_CENTINELA,-999.0,GIAD-M3-S4-IOT-diagnostico-v3,PENDIENTE,NINGUNO,No hay regla aprobada y validada para liberar esta fila
16432,temperatura_cabina_c,VALOR_CENTINELA,-999.0,GIAD-M3-S4-IOT-diagnostico-v3,PENDIENTE,NINGUNO,No hay regla aprobada y validada para liberar esta fila
16469,humedad_cabina_pct,FALTANTE,,GIAD-M3-S4-IOT-diagnostico-v3,PENDIENTE,NINGUNO,No hay regla aprobada y validada para liberar esta fila
16488,temperatura_cabina_c,VALOR_CENTINELA,-999.0,GIAD-M3-S4-IOT-diagnostico-v3,PENDIENTE,NINGUNO,No hay regla aprobada y validada para liberar esta fila
16543,humedad_cabina_pct,FALTANTE,,GIAD-M3-S4-IOT-diagnostico-v3,PENDIENTE,NINGUNO,No hay regla aprobada y validada para liberar esta fila
16576,temperatura_cabina_c,FALTANTE,,GIAD-M3-S4-IOT-diagnostico-v3,PENDIENTE,NINGUNO,No hay regla aprobada y validada para liberar esta fila
16707,humedad_cabina_pct,FALTANTE,,GIAD-M3-S4-IOT-diagnostico-v3,PENDIENTE,NINGUNO,No hay regla aprobada y validada para liberar esta fila
16752,humedad_cabina_pct,FALTANTE,,GIAD-M3-S4-IOT-diagnostico-v3,PENDIENTE,NINGUNO,No hay regla aprobada y validada para liberar esta fila
16767,humedad_cabina_pct,FALTANTE,,GIAD-M3-S4-IOT-diagnostico-v3,PENDIENTE,NINGUNO,No hay regla aprobada y validada para liberar esta fila
16804,temperatura_cabina_c,VALOR_CENTINELA,-999.0,GIAD-M3-S4-IOT-diagnostico-v3,PENDIENTE,NINGUNO,No hay regla aprobada y validada para liberar esta fila
16967,temperatura_cabina_c,VALOR_CENTINELA,-999.0,GIAD-M3-S4-IOT-diagnostico-v3,PENDIENTE,NINGUNO,No hay regla aprobada y validada para liberar esta fila
17017,temperatura_cabina_c,VALOR_CENTINELA,-999.0,GIAD-M3-S4-IOT-diagnostico-v3,PENDIENTE,NINGUNO,No hay regla aprobada y validada para liberar esta fila
17109,temperatura_cabina_c,FALTANTE,,GIAD-M3-S4-IOT-diagnostico-v3,PENDIENTE,NINGUNO,No hay regla aprobada y validada para liberar esta fila
17151,humedad_cabina_pct,FALTANTE,,GIAD-M3-S4-IOT-diagnostico-v3,PENDIENTE,NINGUNO,No hay regla aprobada y validada para liberar esta fila
17181,temperatura_cabina_c,VALOR_CENTINELA,-999.0,GIAD-M3-S4-IOT-diagnostico-v3,PENDIENTE,NINGUNO,No hay regla aprobada y validada para liberar esta fila
17374,temperatura_cabina_c,FALTANTE,,GIAD-M3-S4-IOT-diagnostico-v3,PENDIENTE,NINGUNO,No hay regla aprobada y validada para liberar esta fila
17534,humedad_cabina_pct,FALTANTE,,GIAD-M3-S4-IOT-diagnostico-v3,PENDIENTE,NINGUNO,No hay regla aprobada y validada para liberar esta fila
17705,humedad_cabina_pct,FUERA_RANGO,-58.5,GIAD-M3-S4-IOT-diagnostico-v3,PENDIENTE,NINGUNO,No hay regla aprobada y validada para liberar esta fila
17742,temperatura_cabina_c,VALOR_CENTINELA,-999.0,GIAD-M3-S4-IOT-diagnostico-v3,PENDIENTE,NINGUNO,No hay regla aprobada y validada para liberar esta fila
17759,humedad_cabina_pct,FALTANTE,,GIAD-M3-S4-IOT-diagnostico-v3,PENDIENTE,NINGUNO,No hay regla aprobada y validada para liberar esta fila
17823,temperatura_cabina_c,FALTANTE,,GIAD-M3-S4-IOT-diagnostico-v3,PENDIENTE,NINGUNO,No hay regla aprobada y validada para liberar esta fila
17959,temperatura_cabina_c,VALOR_CENTINELA,-999.0,GIAD-M3-S4-IOT-diagnostico-v3,PENDIENTE,NINGUNO,No hay regla aprobada y validada para liberar esta fila
18182,temperatura_cabina_c,VALOR_CENTINELA,-999.0,GIAD-M3-S4-IOT-diagnostico-v3,PENDIENTE,NINGUNO,No hay regla aprobada y validada para liberar esta fila
18237,temperatura_cabina_c,FALTANTE,,GIAD-M3-S4-IOT-diagnostico-v3,PENDIENTE,NINGUNO,No hay regla aprobada y validada para liberar esta fila
18330,temperatura_cabina_c,VALOR_CENTINELA,-999.0,GIAD-M3-S4-IOT-diagnostico-v3,PENDIENTE,NINGUNO,No hay regla aprobada y validada para liberar esta fila
18379,temperatura_cabina_c,VALOR_CENTINELA,-999.0,GIAD-M3-S4-IOT-diagnostico-v3,PENDIENTE,NINGUNO,No hay regla aprobada y validada para liberar esta fila
18383,temperatura_cabina_c,VALOR_CENTINELA,-999.0,GIAD-M3-S4-IOT-diagnostico-v3,PENDIENTE,NINGUNO,No hay regla aprobada y validada para liberar esta fila
18431,temperatura_cabina_c,VALOR_CENTINELA,-999.0,GIAD-M3-S4-IOT-diagnostico-v3,PENDIENTE,NINGUNO,No hay regla aprobada y validada para liberar esta fila
18632,temperatura_cabina_c,FALTANTE,,GIAD-M3-S4-IOT-diagnostico-v3,PENDIENTE,NINGUNO,No hay regla aprobada y validada para liberar esta fila
18636,humedad_cabina_pct,FUERA_RANGO,-53.2,GIAD-M3-S4-IOT-diagnostico-v3,PENDIENTE,NINGUNO,No hay regla aprobada y validada para liberar esta fila
18782,temperatura_cabina_c,FALTANTE,,GIAD-M3-S4-IOT-diagnostico-v3,PENDIENTE,NINGUNO,No hay regla aprobada y validada para liberar esta fila
18810,temperatura_cabina_c,FALTANTE,,GIAD-M3-S4-IOT-diagnostico-v3,PENDIENTE,NINGUNO,No hay regla aprobada y validada para liberar esta fila
19040,temperatura_cabina_c,VALOR_CENTINELA,-999.0,GIAD-M3-S4-IOT-diagnostico-v3,PENDIENTE,NINGUNO,No hay regla aprobada y validada para liberar esta fila
19197,humedad_cabina_pct,FALTANTE,,GIAD-M3-S4-IOT-diagnostico-v3,PENDIENTE,NINGUNO,No hay regla aprobada y validada para liberar esta fila
19393,humedad_cabina_pct,FUERA_RANGO,-48.1,GIAD-M3-S4-IOT-diagnostico-v3,PENDIENTE,NINGUNO,No hay regla aprobada y validada para liberar esta fila
19491,humedad_cabina_pct,FALTANTE,,GIAD-M3-S4-IOT-diagnostico-v3,PENDIENTE,NINGUNO,No hay regla aprobada y validada para liberar esta fila
19544,humedad_cabina_pct,FALTANTE,,GIAD-M3-S4-IOT-diagnostico-v3,PENDIENTE,NINGUNO,No hay regla aprobada y validada para liberar esta fila
19589,temperatura_cabina_c,VALOR_CENTINELA,-999.0,GIAD-M3-S4-IOT-diagnostico-v3,PENDIENTE,NINGUNO,No hay regla aprobada y validada para liberar esta fila
19655,humedad_cabina_pct,FALTANTE,,GIAD-M3-S4-IOT-diagnostico-v3,PENDIENTE,NINGUNO,No hay regla aprobada y validada para liberar esta fila
19829,temperatura_cabina_c,VALOR_CENTINELA,-999.0,GIAD-M3-S4-IOT-diagnostico-v3,PENDIENTE,NINGUNO,No hay regla aprobada y validada para liberar esta fila
19881,temperatura_cabina_c,VALOR_CENTINELA,-999.0,GIAD-M3-S4-IOT-diagnostico-v3,PENDIENTE,NINGUNO,No hay regla aprobada y validada para liberar esta fila
19962,temperatura_cabina_c,VALOR_CENTINELA,-999.0,GIAD-M3-S4-IOT-diagnostico-v3,PENDIENTE,NINGUNO,No hay regla aprobada y validada para liberar esta fila
20071,temperatura_cabina_c,FALTANTE,,GIAD-M3-S4-IOT-diagnostico-v3,PENDIENTE,NINGUNO,No hay regla aprobada y validada para liberar esta fila
20228,humedad_cabina_pct,FUERA_RANGO,-66.8,GIAD-M3-S4-IOT-diagnostico-v3,PENDIENTE,NINGUNO,No hay regla aprobada y validada para liberar esta fila
20311,temperatura_cabina_c,VALOR_CENTINELA,-999.0,GIAD-M3-S4-IOT-diagnostico-v3,PENDIENTE,NINGUNO,No hay regla aprobada y validada para liberar esta fila
20388,temperatura_cabina_c,VALOR_CENTINELA,-999.0,GIAD-M3-S4-IOT-diagnostico-v3,PENDIENTE,NINGUNO,No hay regla aprobada y validada para liberar esta fila
20461,temperatura_cabina_c,VALOR_CENTINELA,-999.0,GIAD-M3-S4-IOT-diagnostico-v3,PENDIENTE,NINGUNO,No hay regla aprobada y validada para liberar esta fila
20645,temperatura_cabina_c,VALOR_CENTINELA,-999.0,GIAD-M3-S4-IOT-diagnostico-v3,PENDIENTE,NINGUNO,No hay regla aprobada y validada para liberar esta fila
20884,humedad_cabina_pct,FALTANTE,,GIAD-M3-S4-IOT-diagnostico-v3,PENDIENTE,NINGUNO,No hay regla aprobada y validada para liberar esta fila
21058,timestamp,FECHA_INVALIDA,2026-02-31 09:15:00,GIAD-M3-S4-IOT-diagnostico-v3,PENDIENTE,NINGUNO,No hay regla aprobada y validada para liberar esta fila
21074,temperatura_cabina_c,VALOR_CENTINELA,-999.0,GIAD-M3-S4-IOT-diagnostico-v3,PENDIENTE,NINGUNO,No hay regla aprobada y validada para liberar esta fila
21118,humedad_cabina_pct,FALTANTE,,GIAD-M3-S4-IOT-diagnostico-v3,PENDIENTE,NINGUNO,No hay regla aprobada y validada para liberar esta fila
21159,temperatura_cabina_c,VALOR_CENTINELA,-999.0,GIAD-M3-S4-IOT-diagnostico-v3,PENDIENTE,NINGUNO,No hay regla aprobada y validada para liberar esta fila
21169,temp_unit,UNIDAD_NO_RECONOCIDA,K,GIAD-M3-S4-IOT-diagnostico-v3,RESUELTO,K_A_C,Unidad confirmada y conversión validada; revisar otros problemas de la fila
21212,humedad_cabina_pct,FALTANTE,,GIAD-M3-S4-IOT-diagnostico-v3,PENDIENTE,NINGUNO,No hay regla aprobada y validada para liberar esta fila
21240,temperatura_cabina_c,FALTANTE,,GIAD-M3-S4-IOT-diagnostico-v3,PENDIENTE,NINGUNO,No hay regla aprobada y validada para liberar esta fila
21240,viaje_id+timestamp,DUPLICADO,VIA-00885|2026-08-03 15:27:00,GIAD-M3-S4-IOT-diagnostico-v3,EXCLUIDO_COMO_COPIA,COPIA_EXCLUIDA,Primera lectura incompleta sustituida por lectura canónica más completa
21325,temperatura_cabina_c,FALTANTE,,GIAD-M3-S4-IOT-diagnostico-v3,PENDIENTE,NINGUNO,No hay regla aprobada y validada para liberar esta fila
21409,temperatura_cabina_c,FALTANTE,,GIAD-M3-S4-IOT-diagnostico-v3,PENDIENTE,NINGUNO,No hay regla aprobada y validada para liberar esta fila
21413,temperatura_cabina_c,FALTANTE,,GIAD-M3-S4-IOT-diagnostico-v3,PENDIENTE,NINGUNO,No hay regla aprobada y validada para liberar esta fila
21421,timestamp,FECHA_INVALIDA,2026-02-31 09:15:00,GIAD-M3-S4-IOT-diagnostico-v3,PENDIENTE,NINGUNO,No hay regla aprobada y validada para liberar esta fila
21435,humedad_cabina_pct,FALTANTE,,GIAD-M3-S4-IOT-diagnostico-v3,PENDIENTE,NINGUNO,No hay regla aprobada y validada para liberar esta fila
21452,temperatura_cabina_c,VALOR_CENTINELA,-999.0,GIAD-M3-S4-IOT-diagnostico-v3,PENDIENTE,NINGUNO,No hay regla aprobada y validada para liberar esta fila
21460,temperatura_cabina_c,VALOR_CENTINELA,-999.0,GIAD-M3-S4-IOT-diagnostico-v3,PENDIENTE,NINGUNO,No hay regla aprobada y validada para liberar esta fila
21714,temperatura_cabina_c,VALOR_CENTINELA,-999.0,GIAD-M3-S4-IOT-diagnostico-v3,PENDIENTE,NINGUNO,No hay regla aprobada y validada para liberar esta fila
21754,temperatura_cabina_c,VALOR_CENTINELA,-999.0,GIAD-M3-S4-IOT-diagnostico-v3,PENDIENTE,NINGUNO,No hay regla aprobada y validada para liberar esta fila
21887,humedad_cabina_pct,FALTANTE,,GIAD-M3-S4-IOT-diagnostico-v3,PENDIENTE,NINGUNO,No hay regla aprobada y validada para liberar esta fila
21913,temperatura_cabina_c,VALOR_CENTINELA,-999.0,GIAD-M3-S4-IOT-diagnostico-v3,PENDIENTE,NINGUNO,No hay regla aprobada y validada para liberar esta fila
22248,humedad_cabina_pct,FALTANTE,,GIAD-M3-S4-IOT-diagnostico-v3,PENDIENTE,NINGUNO,No hay regla aprobada y validada para liberar esta fila
22298,humedad_cabina_pct,FALTANTE,,GIAD-M3-S4-IOT-diagnostico-v3,PENDIENTE,NINGUNO,No hay regla aprobada y validada para liberar esta fila
22365,temperatura_cabina_c,FALTANTE,,GIAD-M3-S4-IOT-diagnostico-v3,PENDIENTE,NINGUNO,No hay regla aprobada y validada para liberar esta fila
22592,temperatura_cabina_c,FALTANTE,,GIAD-M3-S4-IOT-diagnostico-v3,PENDIENTE,NINGUNO,No hay regla aprobada y validada para liberar esta fila
22613,timestamp,FECHA_INVALIDA,2026-02-31 09:15:00,GIAD-M3-S4-IOT-diagnostico-v3,PENDIENTE,NINGUNO,No hay regla aprobada y validada para liberar esta fila
22835,temperatura_cabina_c,VALOR_CENTINELA,-999.0,GIAD-M3-S4-IOT-diagnostico-v3,PENDIENTE,NINGUNO,No hay regla aprobada y validada para liberar esta fila
22841,humedad_cabina_pct,FALTANTE,,GIAD-M3-S4-IOT-diagnostico-v3,PENDIENTE,NINGUNO,No hay regla aprobada y validada para liberar esta fila
22960,humedad_cabina_pct,FALTANTE,,GIAD-M3-S4-IOT-diagnostico-v3,PENDIENTE,NINGUNO,No hay regla aprobada y validada para liberar esta fila
23055,temperatura_cabina_c,VALOR_CENTINELA,-999.0,GIAD-M3-S4-IOT-diagnostico-v3,PENDIENTE,NINGUNO,No hay regla aprobada y validada para liberar esta fila
23093,temperatura_cabina_c,FALTANTE,,GIAD-M3-S4-IOT-diagnostico-v3,PENDIENTE,NINGUNO,No hay regla aprobada y validada para liberar esta fila
23135,humedad_cabina_pct,FALTANTE,,GIAD-M3-S4-IOT-diagnostico-v3,PENDIENTE,NINGUNO,No hay regla aprobada y validada para liberar esta fila
23167,temperatura_cabina_c,VALOR_CENTINELA,-999.0,GIAD-M3-S4-IOT-diagnostico-v3,PENDIENTE,NINGUNO,No hay regla aprobada y validada para liberar esta fila
23179,humedad_cabina_pct,FALTANTE,,GIAD-M3-S4-IOT-diagnostico-v3,PENDIENTE,NINGUNO,No hay regla aprobada y validada para liberar esta fila
23220,temperatura_cabina_c,VALOR_CENTINELA,-999.0,GIAD-M3-S4-IOT-diagnostico-v3,PENDIENTE,NINGUNO,No hay regla aprobada y validada para liberar esta fila
23426,temperatura_cabina_c,VALOR_CENTINELA,-999.0,GIAD-M3-S4-IOT-diagnostico-v3,PENDIENTE,NINGUNO,No hay regla aprobada y validada para liberar esta fila
23456,humedad_cabina_pct,FALTANTE,,GIAD-M3-S4-IOT-diagnostico-v3,PENDIENTE,NINGUNO,No hay regla aprobada y validada para liberar esta fila
23561,temperatura_cabina_c,VALOR_CENTINELA,-999.0,GIAD-M3-S4-IOT-diagnostico-v3,PENDIENTE,NINGUNO,No hay regla aprobada y validada para liberar esta fila
23601,temperatura_cabina_c,FALTANTE,,GIAD-M3-S4-IOT-diagnostico-v3,PENDIENTE,NINGUNO,No hay regla aprobada y validada para liberar esta fila
23702,temperatura_cabina_c,VALOR_CENTINELA,-999.0,GIAD-M3-S4-IOT-diagnostico-v3,PENDIENTE,NINGUNO,No hay regla aprobada y validada para liberar esta fila
23861,temperatura_cabina_c,VALOR_CENTINELA,-999.0,GIAD-M3-S4-IOT-diagnostico-v3,PENDIENTE,NINGUNO,No hay regla aprobada y validada para liberar esta fila
23991,temperatura_cabina_c,FALTANTE,,GIAD-M3-S4-IOT-diagnostico-v3,PENDIENTE,NINGUNO,No hay regla aprobada y validada para liberar esta fila
24040,humedad_cabina_pct,FALTANTE,,GIAD-M3-S4-IOT-diagnostico-v3,PENDIENTE,NINGUNO,No hay regla aprobada y validada para liberar esta fila
24402,temperatura_cabina_c,VALOR_CENTINELA,-999.0,GIAD-M3-S4-IOT-diagnostico-v3,PENDIENTE,NINGUNO,No hay regla aprobada y validada para liberar esta fila
24416,humedad_cabina_pct,FALTANTE,,GIAD-M3-S4-IOT-diagnostico-v3,PENDIENTE,NINGUNO,No hay regla aprobada y validada para liberar esta fila
24579,humedad_cabina_pct,FUERA_RANGO,-78.5,GIAD-M3-S4-IOT-diagnostico-v3,PENDIENTE,NINGUNO,No hay regla aprobada y validada para liberar esta fila
24647,temperatura_cabina_c,VALOR_CENTINELA,-999.0,GIAD-M3-S4-IOT-diagnostico-v3,PENDIENTE,NINGUNO,No hay regla aprobada y validada para liberar esta fila
24674,temperatura_cabina_c,FALTANTE,,GIAD-M3-S4-IOT-diagnostico-v3,PENDIENTE,NINGUNO,No hay regla aprobada y validada para liberar esta fila
24824,humedad_cabina_pct,FALTANTE,,GIAD-M3-S4-IOT-diagnostico-v3,PENDIENTE,NINGUNO,No hay regla aprobada y validada para liberar esta fila
24838,temperatura_cabina_c,VALOR_CENTINELA,-999.0,GIAD-M3-S4-IOT-diagnostico-v3,PENDIENTE,NINGUNO,No hay regla aprobada y validada para liberar esta fila
25016,humedad_cabina_pct,FALTANTE,,GIAD-M3-S4-IOT-diagnostico-v3,PENDIENTE,NINGUNO,No hay regla aprobada y validada para liberar esta fila
25029,humedad_cabina_pct,FALTANTE,,GIAD-M3-S4-IOT-diagnostico-v3,PENDIENTE,NINGUNO,No hay regla aprobada y validada para liberar esta fila
25071,humedad_cabina_pct,FALTANTE,,GIAD-M3-S4-IOT-diagnostico-v3,PENDIENTE,NINGUNO,No hay regla aprobada y validada para liberar esta fila
25485,temperatura_cabina_c,VALOR_CENTINELA,-999.0,GIAD-M3-S4-IOT-diagnostico-v3,PENDIENTE,NINGUNO,No hay regla aprobada y validada para liberar esta fila
25532,temperatura_cabina_c,VALOR_CENTINELA,-999.0,GIAD-M3-S4-IOT-diagnostico-v3,PENDIENTE,NINGUNO,No hay regla aprobada y validada para liberar esta fila
25535,temperatura_cabina_c,FALTANTE,,GIAD-M3-S4-IOT-diagnostico-v3,PENDIENTE,NINGUNO,No hay regla aprobada y validada para liberar esta fila
25630,temperatura_cabina_c,FALTANTE,,GIAD-M3-S4-IOT-diagnostico-v3,PENDIENTE,NINGUNO,No hay regla aprobada y validada para liberar esta fila
25688,humedad_cabina_pct,FALTANTE,,GIAD-M3-S4-IOT-diagnostico-v3,PENDIENTE,NINGUNO,No hay regla aprobada y validada para liberar esta fila
26047,temperatura_cabina_c,FALTANTE,,GIAD-M3-S4-IOT-diagnostico-v3,PENDIENTE,NINGUNO,No hay regla aprobada y validada para liberar esta fila
26061,humedad_cabina_pct,FALTANTE,,GIAD-M3-S4-IOT-diagnostico-v3,PENDIENTE,NINGUNO,No hay regla aprobada y validada para liberar esta fila
26093,temperatura_cabina_c,VALOR_CENTINELA,-999.0,GIAD-M3-S4-IOT-diagnostico-v3,PENDIENTE,NINGUNO,No hay regla aprobada y validada para liberar esta fila
26101,humedad_cabina_pct,FUERA_RANGO,-56.3,GIAD-M3-S4-IOT-diagnostico-v3,PENDIENTE,NINGUNO,No hay regla aprobada y validada para liberar esta fila
26120,temperatura_cabina_c,VALOR_CENTINELA,-999.0,GIAD-M3-S4-IOT-diagnostico-v3,PENDIENTE,NINGUNO,No hay regla aprobada y validada para liberar esta fila
26156,temperatura_cabina_c,FALTANTE,,GIAD-M3-S4-IOT-diagnostico-v3,PENDIENTE,NINGUNO,No hay regla aprobada y validada para liberar esta fila
26238,humedad_cabina_pct,FALTANTE,,GIAD-M3-S4-IOT-diagnostico-v3,PENDIENTE,NINGUNO,No hay regla aprobada y validada para liberar esta fila
26242,timestamp,FECHA_INVALIDA,2026-02-31 09:15:00,GIAD-M3-S4-IOT-diagnostico-v3,PENDIENTE,NINGUNO,No hay regla aprobada y validada para liberar esta fila
26321,humedad_cabina_pct,FALTANTE,,GIAD-M3-S4-IOT-diagnostico-v3,PENDIENTE,NINGUNO,No hay regla aprobada y validada para liberar esta fila
26353,temperatura_cabina_c,FALTANTE,,GIAD-M3-S4-IOT-diagnostico-v3,PENDIENTE,NINGUNO,No hay regla aprobada y validada para liberar esta fila
26425,temperatura_cabina_c,FALTANTE,,GIAD-M3-S4-IOT-diagnostico-v3,PENDIENTE,NINGUNO,No hay regla aprobada y validada para liberar esta fila
26525,temperatura_cabina_c,VALOR_CENTINELA,-999.0,GIAD-M3-S4-IOT-diagnostico-v3,PENDIENTE,NINGUNO,No hay regla aprobada y validada para liberar esta fila
26584,humedad_cabina_pct,FUERA_RANGO,-76.3,GIAD-M3-S4-IOT-diagnostico-v3,PENDIENTE,NINGUNO,No hay regla aprobada y validada para liberar esta fila
26990,humedad_cabina_pct,FALTANTE,,GIAD-M3-S4-IOT-diagnostico-v3,PENDIENTE,NINGUNO,No hay regla aprobada y validada para liberar esta fila
27214,temperatura_cabina_c,VALOR_CENTINELA,-999.0,GIAD-M3-S4-IOT-diagnostico-v3,PENDIENTE,NINGUNO,No hay regla aprobada y validada para liberar esta fila
27228,humedad_cabina_pct,FALTANTE,,GIAD-M3-S4-IOT-diagnostico-v3,PENDIENTE,NINGUNO,No hay regla aprobada y validada para liberar esta fila
27298,temperatura_cabina_c,FALTANTE,,GIAD-M3-S4-IOT-diagnostico-v3,PENDIENTE,NINGUNO,No hay regla aprobada y validada para liberar esta fila
27301,humedad_cabina_pct,FALTANTE,,GIAD-M3-S4-IOT-diagnostico-v3,PENDIENTE,NINGUNO,No hay regla aprobada y validada para liberar esta fila
27380,temperatura_cabina_c,VALOR_CENTINELA,-999.0,GIAD-M3-S4-IOT-diagnostico-v3,PENDIENTE,NINGUNO,No hay regla aprobada y validada para liberar esta fila
27382,temp_unit,UNIDAD_NO_RECONOCIDA,K,GIAD-M3-S4-IOT-diagnostico-v3,RESUELTO,K_A_C,Unidad confirmada y conversión validada; revisar otros problemas de la fila
27390,temperatura_cabina_c,VALOR_CENTINELA,-999.0,GIAD-M3-S4-IOT-diagnostico-v3,PENDIENTE,NINGUNO,No hay regla aprobada y validada para liberar esta fila
27421,humedad_cabina_pct,FUERA_RANGO,-50.4,GIAD-M3-S4-IOT-diagnostico-v3,PENDIENTE,NINGUNO,No hay regla aprobada y validada para liberar esta fila
27443,temperatura_cabina_c,FALTANTE,,GIAD-M3-S4-IOT-diagnostico-v3,PENDIENTE,NINGUNO,No hay regla aprobada y validada para liberar esta fila
27489,humedad_cabina_pct,FALTANTE,,GIAD-M3-S4-IOT-diagnostico-v3,PENDIENTE,NINGUNO,No hay regla aprobada y validada para liberar esta fila
27542,temperatura_cabina_c,VALOR_CENTINELA,-999.0,GIAD-M3-S4-IOT-diagnostico-v3,PENDIENTE,NINGUNO,No hay regla aprobada y validada para liberar esta fila
27605,temperatura_cabina_c,VALOR_CENTINELA,-999.0,GIAD-M3-S4-IOT-diagnostico-v3,PENDIENTE,NINGUNO,No hay regla aprobada y validada para liberar esta fila
27807,temperatura_cabina_c,VALOR_CENTINELA,-999.0,GIAD-M3-S4-IOT-diagnostico-v3,PENDIENTE,NINGUNO,No hay regla aprobada y validada para liberar esta fila
27936,temperatura_cabina_c,FALTANTE,,GIAD-M3-S4-IOT-diagnostico-v3,PENDIENTE,NINGUNO,No hay regla aprobada y validada para liberar esta fila
27975,temp_unit,UNIDAD_NO_RECONOCIDA,K,GIAD-M3-S4-IOT-diagnostico-v3,RESUELTO,K_A_C,Unidad confirmada y conversión validada; revisar otros problemas de la fila
28111,temperatura_cabina_c,FALTANTE,,GIAD-M3-S4-IOT-diagnostico-v3,PENDIENTE,NINGUNO,No hay regla aprobada y validada para liberar esta fila
28132,timestamp,FECHA_INVALIDA,2026-02-31 09:15:00,GIAD-M3-S4-IOT-diagnostico-v3,PENDIENTE,NINGUNO,No hay regla aprobada y validada para liberar esta fila
28181,temperatura_cabina_c,FALTANTE,,GIAD-M3-S4-IOT-diagnostico-v3,PENDIENTE,NINGUNO,No hay regla aprobada y validada para liberar esta fila
28226,humedad_cabina_pct,FALTANTE,,GIAD-M3-S4-IOT-diagnostico-v3,PENDIENTE,NINGUNO,No hay regla aprobada y validada para liberar esta fila
28336,temperatura_cabina_c,FALTANTE,,GIAD-M3-S4-IOT-diagnostico-v3,PENDIENTE,NINGUNO,No hay regla aprobada y validada para liberar esta fila
28490,temperatura_cabina_c,VALOR_CENTINELA,-999.0,GIAD-M3-S4-IOT-diagnostico-v3,PENDIENTE,NINGUNO,No hay regla aprobada y validada para liberar esta fila
28801,viaje_id+timestamp,DUPLICADO,VIA-00236 + 2026-08-25 12:44:00,GIAD-M3-S4-IOT-diagnostico-v3,EXCLUIDO_COMO_COPIA,COPIA_EXCLUIDA,Copia no canónica conservada para auditoría; no utilizable como nueva lectura
28802,viaje_id+timestamp,DUPLICADO,VIA-00184 + 2026-08-11 16:43:00,GIAD-M3-S4-IOT-diagnostico-v3,EXCLUIDO_COMO_COPIA,COPIA_EXCLUIDA,Copia no canónica conservada para auditoría; no utilizable como nueva lectura
28803,viaje_id+timestamp,DUPLICADO,VIA-00970 + 2026-08-10 17:20:00,GIAD-M3-S4-IOT-diagnostico-v3,EXCLUIDO_COMO_COPIA,COPIA_EXCLUIDA,Copia no canónica conservada para auditoría; no utilizable como nueva lectura
28804,viaje_id+timestamp,DUPLICADO,VIA-00194 + 2026-08-30 01:29:00,GIAD-M3-S4-IOT-diagnostico-v3,EXCLUIDO_COMO_COPIA,COPIA_EXCLUIDA,Copia no canónica conservada para auditoría; no utilizable como nueva lectura
28805,viaje_id+timestamp,DUPLICADO,VIA-00914 + 2026-08-06 09:56:00,GIAD-M3-S4-IOT-diagnostico-v3,EXCLUIDO_COMO_COPIA,COPIA_EXCLUIDA,Copia no canónica conservada para auditoría; no utilizable como nueva lectura
28806,viaje_id+timestamp,DUPLICADO,VIA-00259 + 2026-08-22 15:20:00,GIAD-M3-S4-IOT-diagnostico-v3,EXCLUIDO_COMO_COPIA,COPIA_EXCLUIDA,Copia no canónica conservada para auditoría; no utilizable como nueva lectura
28807,viaje_id+timestamp,DUPLICADO,VIA-00242 + 2026-08-15 07:46:00,GIAD-M3-S4-IOT-diagnostico-v3,EXCLUIDO_COMO_COPIA,COPIA_EXCLUIDA,Copia no canónica conservada para auditoría; no utilizable como nueva lectura
28808,viaje_id+timestamp,DUPLICADO,VIA-00662 + 2026-08-02 03:39:00,GIAD-M3-S4-IOT-diagnostico-v3,EXCLUIDO_COMO_COPIA,COPIA_EXCLUIDA,Copia no canónica conservada para auditoría; no utilizable como nueva lectura
28809,viaje_id+timestamp,DUPLICADO,VIA-01036 + 2026-08-19 04:44:00,GIAD-M3-S4-IOT-diagnostico-v3,EXCLUIDO_COMO_COPIA,COPIA_EXCLUIDA,Copia no canónica conservada para auditoría; no utilizable como nueva lectura
28810,viaje_id+timestamp,DUPLICADO,VIA-01172 + 2026-08-05 03:00:00,GIAD-M3-S4-IOT-diagnostico-v3,EXCLUIDO_COMO_COPIA,COPIA_EXCLUIDA,Copia no canónica conservada para auditoría; no utilizable como nueva lectura
28811,viaje_id+timestamp,DUPLICADO,VIA-00363 + 2026-08-13 10:55:00,GIAD-M3-S4-IOT-diagnostico-v3,EXCLUIDO_COMO_COPIA,COPIA_EXCLUIDA,Copia no canónica conservada para auditoría; no utilizable como nueva lectura
28812,viaje_id+timestamp,DUPLICADO,VIA-00927 + 2026-08-14 12:04:00,GIAD-M3-S4-IOT-diagnostico-v3,EXCLUIDO_COMO_COPIA,COPIA_EXCLUIDA,Copia no canónica conservada para auditoría; no utilizable como nueva lectura
28813,viaje_id+timestamp,DUPLICADO,VIA-00807 + 2026-08-07 10:51:00,GIAD-M3-S4-IOT-diagnostico-v3,EXCLUIDO_COMO_COPIA,COPIA_EXCLUIDA,Copia no canónica conservada para auditoría; no utilizable como nueva lectura
28814,viaje_id+timestamp,DUPLICADO,VIA-00486 + 2026-08-24 16:34:00,GIAD-M3-S4-IOT-diagnostico-v3,EXCLUIDO_COMO_COPIA,COPIA_EXCLUIDA,Copia no canónica conservada para auditoría; no utilizable como nueva lectura
28815,viaje_id+timestamp,DUPLICADO,VIA-00197 + 2026-08-13 21:56:00,GIAD-M3-S4-IOT-diagnostico-v3,EXCLUIDO_COMO_COPIA,COPIA_EXCLUIDA,Copia no canónica conservada para auditoría; no utilizable como nueva lectura
28816,viaje_id+timestamp,DUPLICADO,VIA-00670 + 2026-08-18 08:57:00,GIAD-M3-S4-IOT-diagnostico-v3,EXCLUIDO_COMO_COPIA,COPIA_EXCLUIDA,Copia no canónica conservada para auditoría; no utilizable como nueva lectura
28817,viaje_id+timestamp,DUPLICADO,VIA-00781 + 2026-08-05 23:30:00,GIAD-M3-S4-IOT-diagnostico-v3,EXCLUIDO_COMO_COPIA,COPIA_EXCLUIDA,Copia no canónica conservada para auditoría; no utilizable como nueva lectura
28818,viaje_id+timestamp,DUPLICADO,VIA-00053 + 2026-08-26 09:10:00,GIAD-M3-S4-IOT-diagnostico-v3,EXCLUIDO_COMO_COPIA,COPIA_EXCLUIDA,Copia no canónica conservada para auditoría; no utilizable como nueva lectura
28819,viaje_id+timestamp,DUPLICADO,VIA-00047 + 2026-08-19 08:18:00,GIAD-M3-S4-IOT-diagnostico-v3,EXCLUIDO_COMO_COPIA,COPIA_EXCLUIDA,Copia no canónica conservada para auditoría; no utilizable como nueva lectura
28820,viaje_id+timestamp,DUPLICADO,VIA-00305 + 2026-08-12 15:54:00,GIAD-M3-S4-IOT-diagnostico-v3,EXCLUIDO_COMO_COPIA,COPIA_EXCLUIDA,Copia no canónica conservada para auditoría; no utilizable como nueva lectura
28821,viaje_id+timestamp,DUPLICADO,VIA-00122 + 2026-08-15 04:11:00,GIAD-M3-S4-IOT-diagnostico-v3,EXCLUIDO_COMO_COPIA,COPIA_EXCLUIDA,Copia no canónica conservada para auditoría; no utilizable como nueva lectura
28822,viaje_id+timestamp,DUPLICADO,VIA-00823 + 2026-08-24 17:40:00,GIAD-M3-S4-IOT-diagnostico-v3,EXCLUIDO_COMO_COPIA,COPIA_EXCLUIDA,Copia no canónica conservada para auditoría; no utilizable como nueva lectura
28823,viaje_id+timestamp,DUPLICADO,VIA-00896 + 2026-08-21 01:37:00,GIAD-M3-S4-IOT-diagnostico-v3,EXCLUIDO_COMO_COPIA,COPIA_EXCLUIDA,Copia no canónica conservada para auditoría; no utilizable como nueva lectura
28824,viaje_id+timestamp,DUPLICADO,VIA-00380 + 2026-08-29 16:39:00,GIAD-M3-S4-IOT-diagnostico-v3,EXCLUIDO_COMO_COPIA,COPIA_EXCLUIDA,Copia no canónica conservada para auditoría; no utilizable como nueva lectura
28825,viaje_id+timestamp,DUPLICADO,VIA-00679 + 2026-08-18 17:48:00,GIAD-M3-S4-IOT-diagnostico-v3,EXCLUIDO_COMO_COPIA,COPIA_EXCLUIDA,Copia no canónica conservada para auditoría; no utilizable como nueva lectura
28826,viaje_id+timestamp,DUPLICADO,VIA-00217 + 2026-08-02 06:45:00,GIAD-M3-S4-IOT-diagnostico-v3,EXCLUIDO_COMO_COPIA,COPIA_EXCLUIDA,Copia no canónica conservada para auditoría; no utilizable como nueva lectura
28827,viaje_id+timestamp,DUPLICADO,VIA-00027 + 2026-08-22 20:28:00,GIAD-M3-S4-IOT-diagnostico-v3,EXCLUIDO_COMO_COPIA,COPIA_EXCLUIDA,Copia no canónica conservada para auditoría; no utilizable como nueva lectura
28828,viaje_id+timestamp,DUPLICADO,VIA-00051 + 2026-08-22 09:41:00,GIAD-M3-S4-IOT-diagnostico-v3,EXCLUIDO_COMO_COPIA,COPIA_EXCLUIDA,Copia no canónica conservada para auditoría; no utilizable como nueva lectura
28829,viaje_id+timestamp,DUPLICADO,VIA-00864 + 2026-08-24 08:23:00,GIAD-M3-S4-IOT-diagnostico-v3,EXCLUIDO_COMO_COPIA,COPIA_EXCLUIDA,Copia no canónica conservada para auditoría; no utilizable como nueva lectura
28830,viaje_id+timestamp,DUPLICADO,VIA-01070 + 2026-08-19 13:59:00,GIAD-M3-S4-IOT-diagnostico-v3,EXCLUIDO_COMO_COPIA,COPIA_EXCLUIDA,Copia no canónica conservada para auditoría; no utilizable como nueva lectura
28831,viaje_id+timestamp,DUPLICADO,VIA-00856 + 2026-08-27 12:37:00,GIAD-M3-S4-IOT-diagnostico-v3,EXCLUIDO_COMO_COPIA,COPIA_EXCLUIDA,Copia no canónica conservada para auditoría; no utilizable como nueva lectura
28832,viaje_id+timestamp,DUPLICADO,VIA-00379 + 2026-08-30 06:41:00,GIAD-M3-S4-IOT-diagnostico-v3,EXCLUIDO_COMO_COPIA,COPIA_EXCLUIDA,Copia no canónica conservada para auditoría; no utilizable como nueva lectura
28833,viaje_id+timestamp,DUPLICADO,VIA-00002 + 2026-08-10 21:47:00,GIAD-M3-S4-IOT-diagnostico-v3,EXCLUIDO_COMO_COPIA,COPIA_EXCLUIDA,Copia no canónica conservada para auditoría; no utilizable como nueva lectura
28834,viaje_id+timestamp,DUPLICADO,VIA-01023 + 2026-08-14 01:45:00,GIAD-M3-S4-IOT-diagnostico-v3,EXCLUIDO_COMO_COPIA,COPIA_EXCLUIDA,Copia no canónica conservada para auditoría; no utilizable como nueva lectura
28835,viaje_id+timestamp,DUPLICADO,VIA-01146 + 2026-08-10 18:49:00,GIAD-M3-S4-IOT-diagnostico-v3,EXCLUIDO_COMO_COPIA,COPIA_EXCLUIDA,Copia no canónica conservada para auditoría; no utilizable como nueva lectura
28836,viaje_id+timestamp,DUPLICADO,VIA-00306 + 2026-08-26 18:19:00,GIAD-M3-S4-IOT-diagnostico-v3,EXCLUIDO_COMO_COPIA,COPIA_EXCLUIDA,Copia no canónica conservada para auditoría; no utilizable como nueva lectura
28837,viaje_id+timestamp,DUPLICADO,VIA-00673 + 2026-08-14 00:13:00,GIAD-M3-S4-IOT-diagnostico-v3,EXCLUIDO_COMO_COPIA,COPIA_EXCLUIDA,Copia no canónica conservada para auditoría; no utilizable como nueva lectura
28838,viaje_id+timestamp,DUPLICADO,VIA-00135 + 2026-08-15 12:17:00,GIAD-M3-S4-IOT-diagnostico-v3,EXCLUIDO_COMO_COPIA,COPIA_EXCLUIDA,Copia no canónica conservada para auditoría; no utilizable como nueva lectura
28839,viaje_id+timestamp,DUPLICADO,VIA-00821 + 2026-08-29 09:01:00,GIAD-M3-S4-IOT-diagnostico-v3,EXCLUIDO_COMO_COPIA,COPIA_EXCLUIDA,Copia no canónica conservada para auditoría; no utilizable como nueva lectura
28840,viaje_id+timestamp,DUPLICADO,VIA-00755 + 2026-08-17 14:08:00,GIAD-M3-S4-IOT-diagnostico-v3,EXCLUIDO_COMO_COPIA,COPIA_EXCLUIDA,Copia no canónica conservada para auditoría; no utilizable como nueva lectura
28841,viaje_id+timestamp,DUPLICADO,VIA-00531 + 2026-08-17 15:18:00,GIAD-M3-S4-IOT-diagnostico-v3,EXCLUIDO_COMO_COPIA,COPIA_EXCLUIDA,Copia no canónica conservada para auditoría; no utilizable como nueva lectura
28842,viaje_id+timestamp,DUPLICADO,VIA-00757 + 2026-08-09 16:42:00,GIAD-M3-S4-IOT-diagnostico-v3,EXCLUIDO_COMO_COPIA,COPIA_EXCLUIDA,Copia no canónica conservada para auditoría; no utilizable como nueva lectura
28843,viaje_id+timestamp,DUPLICADO,VIA-00897 + 2026-08-01 13:03:00,GIAD-M3-S4-IOT-diagnostico-v3,EXCLUIDO_COMO_COPIA,COPIA_EXCLUIDA,Copia no canónica conservada para auditoría; no utilizable como nueva lectura
28844,viaje_id+timestamp,DUPLICADO,VIA-00091 + 2026-08-17 04:53:00,GIAD-M3-S4-IOT-diagnostico-v3,EXCLUIDO_COMO_COPIA,COPIA_EXCLUIDA,Copia no canónica conservada para auditoría; no utilizable como nueva lectura
28845,viaje_id+timestamp,DUPLICADO,VIA-00980 + 2026-08-09 01:10:00,GIAD-M3-S4-IOT-diagnostico-v3,EXCLUIDO_COMO_COPIA,COPIA_EXCLUIDA,Copia no canónica conservada para auditoría; no utilizable como nueva lectura
28846,viaje_id+timestamp,DUPLICADO,VIA-00640 + 2026-08-09 03:02:00,GIAD-M3-S4-IOT-diagnostico-v3,EXCLUIDO_COMO_COPIA,COPIA_EXCLUIDA,Copia no canónica conservada para auditoría; no utilizable como nueva lectura
28847,temperatura_cabina_c,FALTANTE,,GIAD-M3-S4-IOT-diagnostico-v3,PENDIENTE,NINGUNO,No hay regla aprobada y validada para liberar esta fila
28847,viaje_id+timestamp,DUPLICADO,VIA-00543 + 2026-08-05 19:46:00,GIAD-M3-S4-IOT-diagnostico-v3,EXCLUIDO_COMO_COPIA,COPIA_EXCLUIDA,Copia no canónica conservada para auditoría; no utilizable como nueva lectura
28848,humedad_cabina_pct,FALTANTE,,GIAD-M3-S4-IOT-diagnostico-v3,PENDIENTE,NINGUNO,No hay regla aprobada y validada para liberar esta fila
28848,viaje_id+timestamp,DUPLICADO,VIA-00475 + 2026-08-22 22:28:00,GIAD-M3-S4-IOT-diagnostico-v3,EXCLUIDO_COMO_COPIA,COPIA_EXCLUIDA,Copia no canónica conservada para auditoría; no utilizable como nueva lectura
28849,viaje_id+timestamp,DUPLICADO,VIA-00073 + 2026-08-14 23:38:00,GIAD-M3-S4-IOT-diagnostico-v3,EXCLUIDO_COMO_COPIA,COPIA_EXCLUIDA,Copia no canónica conservada para auditoría; no utilizable como nueva lectura
28850,viaje_id+timestamp,DUPLICADO,VIA-00985 + 2026-08-21 02:46:00,GIAD-M3-S4-IOT-diagnostico-v3,EXCLUIDO_COMO_COPIA,COPIA_EXCLUIDA,Copia no canónica conservada para auditoría; no utilizable como nueva lectura
28851,viaje_id+timestamp,DUPLICADO,VIA-01182 + 2026-08-29 04:46:00,GIAD-M3-S4-IOT-diagnostico-v3,EXCLUIDO_COMO_COPIA,COPIA_EXCLUIDA,Copia no canónica conservada para auditoría; no utilizable como nueva lectura
28852,viaje_id+timestamp,DUPLICADO,VIA-00379 + 2026-08-30 02:11:00,GIAD-M3-S4-IOT-diagnostico-v3,EXCLUIDO_COMO_COPIA,COPIA_EXCLUIDA,Copia no canónica conservada para auditoría; no utilizable como nueva lectura
28853,viaje_id+timestamp,DUPLICADO,VIA-00258 + 2026-08-20 16:38:00,GIAD-M3-S4-IOT-diagnostico-v3,EXCLUIDO_COMO_COPIA,COPIA_EXCLUIDA,Copia no canónica conservada para auditoría; no utilizable como nueva lectura
28854,viaje_id+timestamp,DUPLICADO,VIA-00939 + 2026-08-22 02:39:00,GIAD-M3-S4-IOT-diagnostico-v3,EXCLUIDO_COMO_COPIA,COPIA_EXCLUIDA,Copia no canónica conservada para auditoría; no utilizable como nueva lectura
28855,viaje_id+timestamp,DUPLICADO,VIA-01166 + 2026-08-29 17:48:00,GIAD-M3-S4-IOT-diagnostico-v3,EXCLUIDO_COMO_COPIA,COPIA_EXCLUIDA,Copia no canónica conservada para auditoría; no utilizable como nueva lectura
28856,viaje_id+timestamp,DUPLICADO,VIA-00433 + 2026-08-10 22:56:00,GIAD-M3-S4-IOT-diagnostico-v3,EXCLUIDO_COMO_COPIA,COPIA_EXCLUIDA,Copia no canónica conservada para auditoría; no utilizable como nueva lectura
28857,viaje_id+timestamp,DUPLICADO,VIA-00260 + 2026-08-22 02:23:00,GIAD-M3-S4-IOT-diagnostico-v3,EXCLUIDO_COMO_COPIA,COPIA_EXCLUIDA,Copia no canónica conservada para auditoría; no utilizable como nueva lectura
28858,viaje_id+timestamp,DUPLICADO,VIA-00674 + 2026-08-10 23:14:00,GIAD-M3-S4-IOT-diagnostico-v3,EXCLUIDO_COMO_COPIA,COPIA_EXCLUIDA,Copia no canónica conservada para auditoría; no utilizable como nueva lectura
28859,viaje_id+timestamp,DUPLICADO,VIA-00828 + 2026-08-29 17:05:00,GIAD-M3-S4-IOT-diagnostico-v3,EXCLUIDO_COMO_COPIA,COPIA_EXCLUIDA,Copia no canónica conservada para auditoría; no utilizable como nueva lectura
28860,viaje_id+timestamp,DUPLICADO,VIA-00751 + 2026-08-03 17:01:00,GIAD-M3-S4-IOT-diagnostico-v3,EXCLUIDO_COMO_COPIA,COPIA_EXCLUIDA,Copia no canónica conservada para auditoría; no utilizable como nueva lectura
28861,viaje_id+timestamp,DUPLICADO,VIA-00718 + 2026-08-21 08:16:00,GIAD-M3-S4-IOT-diagnostico-v3,EXCLUIDO_COMO_COPIA,COPIA_EXCLUIDA,Copia no canónica conservada para auditoría; no utilizable como nueva lectura
28862,humedad_cabina_pct,FALTANTE,,GIAD-M3-S4-IOT-diagnostico-v3,PENDIENTE,NINGUNO,No hay regla aprobada y validada para liberar esta fila
28862,viaje_id+timestamp,DUPLICADO,VIA-00761 + 2026-08-27 22:20:00,GIAD-M3-S4-IOT-diagnostico-v3,EXCLUIDO_COMO_COPIA,COPIA_EXCLUIDA,Copia no canónica conservada para auditoría; no utilizable como nueva lectura
28863,viaje_id+timestamp,DUPLICADO,VIA-00374 + 2026-08-12 01:55:00,GIAD-M3-S4-IOT-diagnostico-v3,EXCLUIDO_COMO_COPIA,COPIA_EXCLUIDA,Copia no canónica conservada para auditoría; no utilizable como nueva lectura
28864,viaje_id+timestamp,DUPLICADO,VIA-01028 + 2026-08-14 07:08:00,GIAD-M3-S4-IOT-diagnostico-v3,EXCLUIDO_COMO_COPIA,COPIA_EXCLUIDA,Copia no canónica conservada para auditoría; no utilizable como nueva lectura
28865,viaje_id+timestamp,DUPLICADO,VIA-01056 + 2026-08-04 08:35:00,GIAD-M3-S4-IOT-diagnostico-v3,EXCLUIDO_COMO_COPIA,COPIA_EXCLUIDA,Copia no canónica conservada para auditoría; no utilizable como nueva lectura
28866,viaje_id+timestamp,DUPLICADO,VIA-00786 + 2026-08-12 10:56:00,GIAD-M3-S4-IOT-diagnostico-v3,EXCLUIDO_COMO_COPIA,COPIA_EXCLUIDA,Copia no canónica conservada para auditoría; no utilizable como nueva lectura
28867,viaje_id+timestamp,DUPLICADO,VIA-00442 + 2026-08-21 19:44:00,GIAD-M3-S4-IOT-diagnostico-v3,EXCLUIDO_COMO_COPIA,COPIA_EXCLUIDA,Copia no canónica conservada para auditoría; no utilizable como nueva lectura
28868,viaje_id+timestamp,DUPLICADO,VIA-00670 + 2026-08-18 02:57:00,GIAD-M3-S4-IOT-diagnostico-v3,EXCLUIDO_COMO_COPIA,COPIA_EXCLUIDA,Copia no canónica conservada para auditoría; no utilizable como nueva lectura
28869,viaje_id+timestamp,DUPLICADO,VIA-00962 + 2026-08-16 09:07:00,GIAD-M3-S4-IOT-diagnostico-v3,EXCLUIDO_COMO_COPIA,COPIA_EXCLUIDA,Copia no canónica conservada para auditoría; no utilizable como nueva lectura
28870,viaje_id+timestamp,DUPLICADO,VIA-00694 + 2026-08-19 01:16:00,GIAD-M3-S4-IOT-diagnostico-v3,EXCLUIDO_COMO_COPIA,COPIA_EXCLUIDA,Copia no canónica conservada para auditoría; no utilizable como nueva lectura
28871,viaje_id+timestamp,DUPLICADO,VIA-00185 + 2026-08-02 08:54:00,GIAD-M3-S4-IOT-diagnostico-v3,EXCLUIDO_COMO_COPIA,COPIA_EXCLUIDA,Copia no canónica conservada para auditoría; no utilizable como nueva lectura
28872,viaje_id+timestamp,DUPLICADO,VIA-00445 + 2026-08-13 08:22:00,GIAD-M3-S4-IOT-diagnostico-v3,EXCLUIDO_COMO_COPIA,COPIA_EXCLUIDA,Copia no canónica conservada para auditoría; no utilizable como nueva lectura
28873,viaje_id+timestamp,DUPLICADO,VIA-00188 + 2026-08-17 10:21:00,GIAD-M3-S4-IOT-diagnostico-v3,EXCLUIDO_COMO_COPIA,COPIA_EXCLUIDA,Copia no canónica conservada para auditoría; no utilizable como nueva lectura
28874,viaje_id+timestamp,DUPLICADO,VIA-00989 + 2026-08-09 02:16:00,GIAD-M3-S4-IOT-diagnostico-v3,EXCLUIDO_COMO_COPIA,COPIA_EXCLUIDA,Copia no canónica conservada para auditoría; no utilizable como nueva lectura
28875,viaje_id+timestamp,DUPLICADO,VIA-00371 + 2026-08-31 03:35:00,GIAD-M3-S4-IOT-diagnostico-v3,EXCLUIDO_COMO_COPIA,COPIA_EXCLUIDA,Copia no canónica conservada para auditoría; no utilizable como nueva lectura
28876,viaje_id+timestamp,DUPLICADO,VIA-01088 + 2026-08-24 02:10:00,GIAD-M3-S4-IOT-diagnostico-v3,EXCLUIDO_COMO_COPIA,COPIA_EXCLUIDA,Copia no canónica conservada para auditoría; no utilizable como nueva lectura
28877,viaje_id+timestamp,DUPLICADO,VIA-00307 + 2026-08-10 12:55:00,GIAD-M3-S4-IOT-diagnostico-v3,EXCLUIDO_COMO_COPIA,COPIA_EXCLUIDA,Copia no canónica conservada para auditoría; no utilizable como nueva lectura
28878,viaje_id+timestamp,DUPLICADO,VIA-00841 + 2026-08-01 16:22:00,GIAD-M3-S4-IOT-diagnostico-v3,EXCLUIDO_COMO_COPIA,COPIA_EXCLUIDA,Copia no canónica conservada para auditoría; no utilizable como nueva lectura
28879,viaje_id+timestamp,DUPLICADO,VIA-00622 + 2026-08-07 01:24:00,GIAD-M3-S4-IOT-diagnostico-v3,EXCLUIDO_COMO_COPIA,COPIA_EXCLUIDA,Copia no canónica conservada para auditoría; no utilizable como nueva lectura
28880,viaje_id+timestamp,DUPLICADO,VIA-00467 + 2026-08-03 05:46:00,GIAD-M3-S4-IOT-diagnostico-v3,EXCLUIDO_COMO_COPIA,COPIA_EXCLUIDA,Copia no canónica conservada para auditoría; no utilizable como nueva lectura
28881,viaje_id+timestamp,DUPLICADO,VIA-00518 + 2026-08-02 23:04:00,GIAD-M3-S4-IOT-diagnostico-v3,EXCLUIDO_COMO_COPIA,COPIA_EXCLUIDA,Copia no canónica conservada para auditoría; no utilizable como nueva lectura
28882,viaje_id+timestamp,DUPLICADO,VIA-00453 + 2026-08-08 17:41:00,GIAD-M3-S4-IOT-diagnostico-v3,EXCLUIDO_COMO_COPIA,COPIA_EXCLUIDA,Copia no canónica conservada para auditoría; no utilizable como nueva lectura
28883,viaje_id+timestamp,DUPLICADO,VIA-00300 + 2026-08-12 03:01:00,GIAD-M3-S4-IOT-diagnostico-v3,EXCLUIDO_COMO_COPIA,COPIA_EXCLUIDA,Copia no canónica conservada para auditoría; no utilizable como nueva lectura
28884,viaje_id+timestamp,DUPLICADO,VIA-00705 + 2026-08-30 03:28:00,GIAD-M3-S4-IOT-diagnostico-v3,EXCLUIDO_COMO_COPIA,COPIA_EXCLUIDA,Copia no canónica conservada para auditoría; no utilizable como nueva lectura
28885,viaje_id+timestamp,DUPLICADO,VIA-00693 + 2026-08-30 11:59:00,GIAD-M3-S4-IOT-diagnostico-v3,EXCLUIDO_COMO_COPIA,COPIA_EXCLUIDA,Copia no canónica conservada para auditoría; no utilizable como nueva lectura
28886,viaje_id+timestamp,DUPLICADO,VIA-00903 + 2026-08-18 05:28:00,GIAD-M3-S4-IOT-diagnostico-v3,EXCLUIDO_COMO_COPIA,COPIA_EXCLUIDA,Copia no canónica conservada para auditoría; no utilizable como nueva lectura
28887,viaje_id+timestamp,DUPLICADO,VIA-00573 + 2026-08-13 19:25:00,GIAD-M3-S4-IOT-diagnostico-v3,EXCLUIDO_COMO_COPIA,COPIA_EXCLUIDA,Copia no canónica conservada para auditoría; no utilizable como nueva lectura
28888,viaje_id+timestamp,DUPLICADO,VIA-00164 + 2026-08-09 04:13:00,GIAD-M3-S4-IOT-diagnostico-v3,EXCLUIDO_COMO_COPIA,COPIA_EXCLUIDA,Copia no canónica conservada para auditoría; no utilizable como nueva lectura
28889,viaje_id+timestamp,DUPLICADO,VIA-01184 + 2026-08-12 23:47:00,GIAD-M3-S4-IOT-diagnostico-v3,EXCLUIDO_COMO_COPIA,COPIA_EXCLUIDA,Copia no canónica conservada para auditoría; no utilizable como nueva lectura
28890,viaje_id+timestamp,DUPLICADO,VIA-00328 + 2026-08-10 06:18:00,GIAD-M3-S4-IOT-diagnostico-v3,EXCLUIDO_COMO_COPIA,COPIA_EXCLUIDA,Copia no canónica conservada para auditoría; no utilizable como nueva lectura
28891,viaje_id+timestamp,DUPLICADO,VIA-01026 + 2026-08-29 21:55:00,GIAD-M3-S4-IOT-diagnostico-v3,EXCLUIDO_COMO_COPIA,COPIA_EXCLUIDA,Copia no canónica conservada para auditoría; no utilizable como nueva lectura
28892,viaje_id+timestamp,DUPLICADO,VIA-00190 + 2026-08-07 02:40:00,GIAD-M3-S4-IOT-diagnostico-v3,EXCLUIDO_COMO_COPIA,COPIA_EXCLUIDA,Copia no canónica conservada para auditoría; no utilizable como nueva lectura
28893,viaje_id+timestamp,DUPLICADO,VIA-00718 + 2026-08-21 09:16:00,GIAD-M3-S4-IOT-diagnostico-v3,EXCLUIDO_COMO_COPIA,COPIA_EXCLUIDA,Copia no canónica conservada para auditoría; no utilizable como nueva lectura
28894,viaje_id+timestamp,DUPLICADO,VIA-00068 + 2026-08-14 13:08:00,GIAD-M3-S4-IOT-diagnostico-v3,EXCLUIDO_COMO_COPIA,COPIA_EXCLUIDA,Copia no canónica conservada para auditoría; no utilizable como nueva lectura
28895,viaje_id+timestamp,DUPLICADO,VIA-00121 + 2026-08-06 04:54:00,GIAD-M3-S4-IOT-diagnostico-v3,EXCLUIDO_COMO_COPIA,COPIA_EXCLUIDA,Copia no canónica conservada para auditoría; no utilizable como nueva lectura
28896,viaje_id+timestamp,DUPLICADO,VIA-00268 + 2026-08-15 12:20:00,GIAD-M3-S4-IOT-diagnostico-v3,EXCLUIDO_COMO_COPIA,COPIA_EXCLUIDA,Copia no canónica conservada para auditoría; no utilizable como nueva lectura
28897,viaje_id+timestamp,DUPLICADO,VIA-00409 + 2026-08-31 08:07:00,GIAD-M3-S4-IOT-diagnostico-v3,EXCLUIDO_COMO_COPIA,COPIA_EXCLUIDA,Copia no canónica conservada para auditoría; no utilizable como nueva lectura
28898,viaje_id+timestamp,DUPLICADO,VIA-00360 + 2026-08-09 09:12:00,GIAD-M3-S4-IOT-diagnostico-v3,EXCLUIDO_COMO_COPIA,COPIA_EXCLUIDA,Copia no canónica conservada para auditoría; no utilizable como nueva lectura
28899,viaje_id+timestamp,DUPLICADO,VIA-00123 + 2026-08-18 16:09:00,GIAD-M3-S4-IOT-diagnostico-v3,EXCLUIDO_COMO_COPIA,COPIA_EXCLUIDA,Copia no canónica conservada para auditoría; no utilizable como nueva lectura
28900,viaje_id+timestamp,DUPLICADO,VIA-01024 + 2026-08-16 15:14:00,GIAD-M3-S4-IOT-diagnostico-v3,EXCLUIDO_COMO_COPIA,COPIA_EXCLUIDA,Copia no canónica conservada para auditoría; no utilizable como nueva lectura
28901,viaje_id+timestamp,DUPLICADO,VIA-00885 + 2026-08-03 15:27:00,GIAD-M3-S4-IOT-diagnostico-v3,RESUELTO,SELECCION_CANONICA,Lectura canónica elegida por integridad y coincidencia de valores; copia conservada
28902,viaje_id+timestamp,DUPLICADO,VIA-00265 + 2026-08-21 22:16:00,GIAD-M3-S4-IOT-diagnostico-v3,EXCLUIDO_COMO_COPIA,COPIA_EXCLUIDA,Copia no canónica conservada para auditoría; no utilizable como nueva lectura
28903,viaje_id+timestamp,DUPLICADO,VIA-01036 + 2026-08-19 03:14:00,GIAD-M3-S4-IOT-diagnostico-v3,EXCLUIDO_COMO_COPIA,COPIA_EXCLUIDA,Copia no canónica conservada para auditoría; no utilizable como nueva lectura
28904,viaje_id+timestamp,DUPLICADO,VIA-00871 + 2026-08-20 00:19:00,GIAD-M3-S4-IOT-diagnostico-v3,EXCLUIDO_COMO_COPIA,COPIA_EXCLUIDA,Copia no canónica conservada para auditoría; no utilizable como nueva lectura
28905,viaje_id+timestamp,DUPLICADO,VIA-00079 + 2026-08-14 14:45:00,GIAD-M3-S4-IOT-diagnostico-v3,EXCLUIDO_COMO_COPIA,COPIA_EXCLUIDA,Copia no canónica conservada para auditoría; no utilizable como nueva lectura
28906,viaje_id+timestamp,DUPLICADO,VIA-00967 + 2026-08-03 16:02:00,GIAD-M3-S4-IOT-diagnostico-v3,EXCLUIDO_COMO_COPIA,COPIA_EXCLUIDA,Copia no canónica conservada para auditoría; no utilizable como nueva lectura
28907,viaje_id+timestamp,DUPLICADO,VIA-00753 + 2026-08-08 10:41:00,GIAD-M3-S4-IOT-diagnostico-v3,EXCLUIDO_COMO_COPIA,COPIA_EXCLUIDA,Copia no canónica conservada para auditoría; no utilizable como nueva lectura
28908,viaje_id+timestamp,DUPLICADO,VIA-00297 + 2026-08-21 02:28:00,GIAD-M3-S4-IOT-diagnostico-v3,EXCLUIDO_COMO_COPIA,COPIA_EXCLUIDA,Copia no canónica conservada para auditoría; no utilizable como nueva lectura
28909,viaje_id+timestamp,DUPLICADO,VIA-00040 + 2026-08-08 15:48:00,GIAD-M3-S4-IOT-diagnostico-v3,EXCLUIDO_COMO_COPIA,COPIA_EXCLUIDA,Copia no canónica conservada para auditoría; no utilizable como nueva lectura
28910,viaje_id+timestamp,DUPLICADO,VIA-00101 + 2026-08-07 16:40:00,GIAD-M3-S4-IOT-diagnostico-v3,EXCLUIDO_COMO_COPIA,COPIA_EXCLUIDA,Copia no canónica conservada para auditoría; no utilizable como nueva lectura
28911,viaje_id+timestamp,DUPLICADO,VIA-00037 + 2026-08-25 17:52:00,GIAD-M3-S4-IOT-diagnostico-v3,EXCLUIDO_COMO_COPIA,COPIA_EXCLUIDA,Copia no canónica conservada para auditoría; no utilizable como nueva lectura
28912,temperatura_cabina_c,FALTANTE,,GIAD-M3-S4-IOT-diagnostico-v3,PENDIENTE,NINGUNO,No hay regla aprobada y validada para liberar esta fila
28912,viaje_id+timestamp,DUPLICADO,VIA-00124 + 2026-08-26 22:50:00,GIAD-M3-S4-IOT-diagnostico-v3,EXCLUIDO_COMO_COPIA,COPIA_EXCLUIDA,Copia no canónica conservada para auditoría; no utilizable como nueva lectura
28913,viaje_id+timestamp,DUPLICADO,VIA-00209 + 2026-08-17 07:32:00,GIAD-M3-S4-IOT-diagnostico-v3,EXCLUIDO_COMO_COPIA,COPIA_EXCLUIDA,Copia no canónica conservada para auditoría; no utilizable como nueva lectura
28914,viaje_id+timestamp,DUPLICADO,VIA-01064 + 2026-08-22 01:50:00,GIAD-M3-S4-IOT-diagnostico-v3,EXCLUIDO_COMO_COPIA,COPIA_EXCLUIDA,Copia no canónica conservada para auditoría; no utilizable como nueva lectura
28915,viaje_id+timestamp,DUPLICADO,VIA-01003 + 2026-08-04 22:30:00,GIAD-M3-S4-IOT-diagnostico-v3,EXCLUIDO_COMO_COPIA,COPIA_EXCLUIDA,Copia no canónica conservada para auditoría; no utilizable como nueva lectura
28916,viaje_id+timestamp,DUPLICADO,VIA-00693 + 2026-08-30 21:29:00,GIAD-M3-S4-IOT-diagnostico-v3,EXCLUIDO_COMO_COPIA,COPIA_EXCLUIDA,Copia no canónica conservada para auditoría; no utilizable como nueva lectura
28917,viaje_id+timestamp,DUPLICADO,VIA-00686 + 2026-08-03 01:18:00,GIAD-M3-S4-IOT-diagnostico-v3,EXCLUIDO_COMO_COPIA,COPIA_EXCLUIDA,Copia no canónica conservada para auditoría; no utilizable como nueva lectura
28918,viaje_id+timestamp,DUPLICADO,VIA-00946 + 2026-08-19 11:15:00,GIAD-M3-S4-IOT-diagnostico-v3,EXCLUIDO_COMO_COPIA,COPIA_EXCLUIDA,Copia no canónica conservada para auditoría; no utilizable como nueva lectura
28919,viaje_id+timestamp,DUPLICADO,VIA-00260 + 2026-08-22 01:23:00,GIAD-M3-S4-IOT-diagnostico-v3,EXCLUIDO_COMO_COPIA,COPIA_EXCLUIDA,Copia no canónica conservada para auditoría; no utilizable como nueva lectura
28920,viaje_id+timestamp,DUPLICADO,VIA-00801 + 2026-08-16 17:58:00,GIAD-M3-S4-IOT-diagnostico-v3,EXCLUIDO_COMO_COPIA,COPIA_EXCLUIDA,Copia no canónica conservada para auditoría; no utilizable como nueva lectura
