fila_bronze,movimiento_id,lote_id,producto_id,centro_distribucion,fecha_ingreso,fecha_salida,fecha_vencimiento,cantidad_ingreso,cantidad_salida,cantidad_merma,dias_en_almacen,costo_unitario_bob,movimiento_id_estado,movimiento_id_motivo,lote_id_estado,lote_id_motivo,producto_id_estado,producto_id_motivo,centro_distribucion_estado,centro_distribucion_motivo,fecha_ingreso_estado,fecha_ingreso_motivo,fecha_salida_estado,fecha_salida_motivo,fecha_vencimiento_estado,fecha_vencimiento_motivo,cantidad_ingreso_estado,cantidad_ingreso_motivo,cantidad_salida_estado,cantidad_salida_motivo,cantidad_merma_estado,cantidad_merma_motivo,dias_en_almacen_estado,dias_en_almacen_motivo,costo_unitario_bob_estado,costo_unitario_bob_motivo,cantidad_columnas_con_problemas,en_cuarentena,severidad_maxima,columnas_con_problemas,motivos_fila,version_diagnostico,sha256_bronze,acciones_tratamiento,motivos_tratamiento,fecha_ingreso_tratada,fecha_salida_tratada,fecha_vencimiento_tratada,producto_id_tratado,cantidad_ingreso_tratada,cantidad_salida_tratada,cantidad_merma_tratada,dias_en_almacen_tratada,costo_unitario_bob_tratada,vida_util_producto_dias_usada,vencimiento_imputado,motivo_cuarentena_final,saldo_unidades_inventario,riesgo_salida_post_vencimiento,riesgo_basado_en_vencimiento_imputado,en_cuarentena_final,decision_tratamiento,apto_kpi_vencimiento_observado,version_tratamiento
912,MOV-000912,LOT-2026-00912,PROD-023,Santa Cruz,2026-08-03,2026-08-15,2026-08-21,cien,184,5,12,22.32,OK,,OK,,OK,,OK,,OK,,OK,,OK,,CRITICO,Valor no numérico,OK,,OK,,OK,,OK,,1,True,CRITICO,cantidad_ingreso,cantidad_ingreso: Valor no numérico,GIAD-M3-S4-INVENTORY-diagnostico-didactico-v1,4142c8736512c78c553bdd78dd49b6fe304039f7deec8cc096102d31289a1619,,,2026-08-03,2026-08-15,2026-08-21,PROD-023,,184,5,12,22.32,18.0,False,cantidad_ingreso inválida,,False,False,True,CUARENTENA,False,GIAD-M3-S4-INVENTORY-tratamiento-didactico-v1
1052,MOV-001052,LOT-2026-01052,PROD-032,Cochabamba,2026-08-15,2026-09-02,2027-08-15,948,943,-5,18,33.13,OK,,OK,,OK,,OK,,OK,,OK,,OK,,OK,,OK,,CRITICO,Valor negativo no permitido,OK,,OK,,1,True,CRITICO,cantidad_merma,cantidad_merma: Valor negativo no permitido,GIAD-M3-S4-INVENTORY-diagnostico-didactico-v1,4142c8736512c78c553bdd78dd49b6fe304039f7deec8cc096102d31289a1619,,,2026-08-15,2026-09-02,2027-08-15,PROD-032,948,943,-5,18,33.13,365.0,False,cantidad_merma inválida,10,False,False,True,CUARENTENA,False,GIAD-M3-S4-INVENTORY-tratamiento-didactico-v1
1066,MOV-001066,LOT-2026-01066,PROD-004,Oruro,2026-07-12,2026-08-08,2026-07-30,cien,281,15,27,16.27,OK,,OK,,OK,,OK,,OK,,REVISAR,Salida posterior al vencimiento (riesgo de negocio),OK,,CRITICO,Valor no numérico,OK,,OK,,OK,,OK,,2,True,CRITICO,fecha_salida|cantidad_ingreso,fecha_salida: Salida posterior al vencimiento (riesgo de negocio) | cantidad_ingreso: Valor no numérico,GIAD-M3-S4-INVENTORY-diagnostico-didactico-v1,4142c8736512c78c553bdd78dd49b6fe304039f7deec8cc096102d31289a1619,,,2026-07-12,2026-08-08,2026-07-30,PROD-004,,281,15,27,16.27,18.0,False,cantidad_ingreso inválida,,True,False,True,CUARENTENA,False,GIAD-M3-S4-INVENTORY-tratamiento-didactico-v1
1167,MOV-001167,LOT-2026-01167,PROD-038,Oruro,2026-05-23,2026-02-31,2027-05-23,86,82,1,19,26.68,OK,,OK,,OK,,OK,,OK,,CRITICO,Fecha imposible o formato no interpretable,OK,,OK,,OK,,OK,,OK,,OK,,1,True,CRITICO,fecha_salida,fecha_salida: Fecha imposible o formato no interpretable,GIAD-M3-S4-INVENTORY-diagnostico-didactico-v1,4142c8736512c78c553bdd78dd49b6fe304039f7deec8cc096102d31289a1619,,,2026-05-23,,2027-05-23,PROD-038,86,82,1,19,26.68,365.0,False,Fecha de salida inválida,3,False,False,True,CUARENTENA,False,GIAD-M3-S4-INVENTORY-tratamiento-didactico-v1
1311,MOV-001311,LOT-2026-01311,PROD-041,Oruro,2026-07-01,2026-07-05,2026-12-28,929,914,-12,4,48.44,OK,,OK,,OK,,OK,,OK,,OK,,OK,,OK,,OK,,CRITICO,Valor negativo no permitido,OK,,OK,,1,True,CRITICO,cantidad_merma,cantidad_merma: Valor negativo no permitido,GIAD-M3-S4-INVENTORY-diagnostico-didactico-v1,4142c8736512c78c553bdd78dd49b6fe304039f7deec8cc096102d31289a1619,,,2026-07-01,2026-07-05,2026-12-28,PROD-041,929,914,-12,4,48.44,180.0,False,cantidad_merma inválida,27,False,False,True,CUARENTENA,False,GIAD-M3-S4-INVENTORY-tratamiento-didactico-v1
1506,MOV-001506,LOT-2026-01506,PROD-023,Santa Cruz,2026-06-28,2026-02-31,2026-07-16,152,146,5,7,22.32,OK,,OK,,OK,,OK,,OK,,CRITICO,Fecha imposible o formato no interpretable,OK,,OK,,OK,,OK,,OK,,OK,,1,True,CRITICO,fecha_salida,fecha_salida: Fecha imposible o formato no interpretable,GIAD-M3-S4-INVENTORY-diagnostico-didactico-v1,4142c8736512c78c553bdd78dd49b6fe304039f7deec8cc096102d31289a1619,,,2026-06-28,,2026-07-16,PROD-023,152,146,5,7,22.32,18.0,False,Fecha de salida inválida,1,False,False,True,CUARENTENA,False,GIAD-M3-S4-INVENTORY-tratamiento-didactico-v1
1651,MOV-001651,LOT-2026-01651,PROD-050,Tarija,2026-07-27,2026-02-31,2027-07-27,645,639,4,26,46.57,OK,,OK,,OK,,OK,,OK,,CRITICO,Fecha imposible o formato no interpretable,OK,,OK,,OK,,OK,,OK,,OK,,1,True,CRITICO,fecha_salida,fecha_salida: Fecha imposible o formato no interpretable,GIAD-M3-S4-INVENTORY-diagnostico-didactico-v1,4142c8736512c78c553bdd78dd49b6fe304039f7deec8cc096102d31289a1619,,,2026-07-27,,2027-07-27,PROD-050,645,639,4,26,46.57,365.0,False,Fecha de salida inválida,2,False,False,True,CUARENTENA,False,GIAD-M3-S4-INVENTORY-tratamiento-didactico-v1
1872,MOV-001872,LOT-2026-01872,PROD-037,Cochabamba,2026-05-29,2026-07-02,2026-06-16,833,778,-50,34,25.76,OK,,OK,,OK,,OK,,OK,,REVISAR,Salida posterior al vencimiento (riesgo de negocio),OK,,OK,,OK,,CRITICO,Valor negativo no permitido,OK,,OK,,2,True,CRITICO,fecha_salida|cantidad_merma,fecha_salida: Salida posterior al vencimiento (riesgo de negocio) | cantidad_merma: Valor negativo no permitido,GIAD-M3-S4-INVENTORY-diagnostico-didactico-v1,4142c8736512c78c553bdd78dd49b6fe304039f7deec8cc096102d31289a1619,,,2026-05-29,2026-07-02,2026-06-16,PROD-037,833,778,-50,34,25.76,18.0,False,cantidad_merma inválida,105,True,False,True,CUARENTENA,False,GIAD-M3-S4-INVENTORY-tratamiento-didactico-v1
2055,MOV-002055,LOT-2026-02055,PROD-028,Tarija,2026-07-04,2026-07-28,2027-07-04,cien,537,4,24,27.13,OK,,OK,,REVISAR,Sin correspondencia en Productos Silver de cobertura parcial,OK,,OK,,OK,,OK,,CRITICO,Valor no numérico,OK,,OK,,OK,,OK,,2,True,CRITICO,producto_id|cantidad_ingreso,producto_id: Sin correspondencia en Productos Silver de cobertura parcial | cantidad_ingreso: Valor no numérico,GIAD-M3-S4-INVENTORY-diagnostico-didactico-v1,4142c8736512c78c553bdd78dd49b6fe304039f7deec8cc096102d31289a1619,,,2026-07-04,2026-07-28,2027-07-04,PROD-028,,537,4,24,27.13,365.0,False,cantidad_ingreso inválida,,False,False,True,CUARENTENA,False,GIAD-M3-S4-INVENTORY-tratamiento-didactico-v1
2208,MOV-002208,LOT-2026-02208,PROD-051,Cochabamba,2026-07-17,2026-07-24,2027-01-13,cien,581,8,7,24.83,OK,,OK,,OK,,OK,,OK,,OK,,OK,,CRITICO,Valor no numérico,OK,,OK,,OK,,OK,,1,True,CRITICO,cantidad_ingreso,cantidad_ingreso: Valor no numérico,GIAD-M3-S4-INVENTORY-diagnostico-didactico-v1,4142c8736512c78c553bdd78dd49b6fe304039f7deec8cc096102d31289a1619,,,2026-07-17,2026-07-24,2027-01-13,PROD-051,,581,8,7,24.83,180.0,False,cantidad_ingreso inválida,,False,False,True,CUARENTENA,False,GIAD-M3-S4-INVENTORY-tratamiento-didactico-v1
2250,MOV-002250,LOT-2026-02250,PROD-001,Tarija,2026-08-11,2026-08-27,2026-08-29,cien,258,8,16,20.26,OK,,OK,,OK,,OK,,OK,,OK,,OK,,CRITICO,Valor no numérico,OK,,OK,,OK,,OK,,1,True,CRITICO,cantidad_ingreso,cantidad_ingreso: Valor no numérico,GIAD-M3-S4-INVENTORY-diagnostico-didactico-v1,4142c8736512c78c553bdd78dd49b6fe304039f7deec8cc096102d31289a1619,,,2026-08-11,2026-08-27,2026-08-29,PROD-001,,258,8,16,20.26,18.0,False,cantidad_ingreso inválida,,False,False,True,CUARENTENA,False,GIAD-M3-S4-INVENTORY-tratamiento-didactico-v1
2672,MOV-002672,LOT-2026-02672,PROD-020,Tarija,2026-06-08,2026-06-20,2027-06-08,cien,421,3,12,59.96,OK,,OK,,OK,,OK,,OK,,OK,,OK,,CRITICO,Valor no numérico,OK,,OK,,OK,,OK,,1,True,CRITICO,cantidad_ingreso,cantidad_ingreso: Valor no numérico,GIAD-M3-S4-INVENTORY-diagnostico-didactico-v1,4142c8736512c78c553bdd78dd49b6fe304039f7deec8cc096102d31289a1619,,,2026-06-08,2026-06-20,2027-06-08,PROD-020,,421,3,12,59.96,365.0,False,cantidad_ingreso inválida,,False,False,True,CUARENTENA,False,GIAD-M3-S4-INVENTORY-tratamiento-didactico-v1
2793,MOV-002793,LOT-2026-02793,PROD-050,Cochabamba,2026-07-26,2026-08-24,2027-07-26,517,510,-3,29,46.57,OK,,OK,,OK,,OK,,OK,,OK,,OK,,OK,,OK,,CRITICO,Valor negativo no permitido,OK,,OK,,1,True,CRITICO,cantidad_merma,cantidad_merma: Valor negativo no permitido,GIAD-M3-S4-INVENTORY-diagnostico-didactico-v1,4142c8736512c78c553bdd78dd49b6fe304039f7deec8cc096102d31289a1619,,,2026-07-26,2026-08-24,2027-07-26,PROD-050,517,510,-3,29,46.57,365.0,False,cantidad_merma inválida,10,False,False,True,CUARENTENA,False,GIAD-M3-S4-INVENTORY-tratamiento-didactico-v1
3246,MOV-003246,LOT-2026-03246,PROD-026,Santa Cruz,2026-06-04,2026-06-30,2026-06-22,cien,434,21,26,28.64,OK,,OK,,REVISAR,Sin correspondencia en Productos Silver de cobertura parcial,OK,,OK,,REVISAR,Salida posterior al vencimiento (riesgo de negocio),OK,,CRITICO,Valor no numérico,OK,,OK,,OK,,OK,,3,True,CRITICO,producto_id|fecha_salida|cantidad_ingreso,producto_id: Sin correspondencia en Productos Silver de cobertura parcial | fecha_salida: Salida posterior al vencimiento (riesgo de negocio) | cantidad_ingreso: Valor no numérico,GIAD-M3-S4-INVENTORY-diagnostico-didactico-v1,4142c8736512c78c553bdd78dd49b6fe304039f7deec8cc096102d31289a1619,,,2026-06-04,2026-06-30,2026-06-22,PROD-026,,434,21,26,28.64,18.0,False,cantidad_ingreso inválida,,True,False,True,CUARENTENA,False,GIAD-M3-S4-INVENTORY-tratamiento-didactico-v1
4900,MOV-004900,LOT-2026-04900,PROD-040,La Paz,2026-07-07,2026-07-19,2027-07-07,367,358,-3,12,40.19,OK,,OK,,OK,,OK,,OK,,OK,,OK,,OK,,OK,,CRITICO,Valor negativo no permitido,OK,,OK,,1,True,CRITICO,cantidad_merma,cantidad_merma: Valor negativo no permitido,GIAD-M3-S4-INVENTORY-diagnostico-didactico-v1,4142c8736512c78c553bdd78dd49b6fe304039f7deec8cc096102d31289a1619,,,2026-07-07,2026-07-19,2027-07-07,PROD-040,367,358,-3,12,40.19,365.0,False,cantidad_merma inválida,12,False,False,True,CUARENTENA,False,GIAD-M3-S4-INVENTORY-tratamiento-didactico-v1
4971,MOV-004971,LOT-2026-04971,PROD-007,La Paz,2026-07-26,2026-02-31,2027-07-26,411,407,3,12,20.78,OK,,OK,,OK,,OK,,OK,,CRITICO,Fecha imposible o formato no interpretable,OK,,OK,,OK,,OK,,OK,,OK,,1,True,CRITICO,fecha_salida,fecha_salida: Fecha imposible o formato no interpretable,GIAD-M3-S4-INVENTORY-diagnostico-didactico-v1,4142c8736512c78c553bdd78dd49b6fe304039f7deec8cc096102d31289a1619,,,2026-07-26,,2027-07-26,PROD-007,411,407,3,12,20.78,365.0,False,Fecha de salida inválida,1,False,False,True,CUARENTENA,False,GIAD-M3-S4-INVENTORY-tratamiento-didactico-v1
5227,MOV-005227,LOT-2026-05227,PROD-035,Cochabamba,2026-08-19,2026-08-30,2027-02-15,cien,388,5,11,37.84,OK,,OK,,OK,,OK,,OK,,OK,,OK,,CRITICO,Valor no numérico,OK,,OK,,OK,,OK,,1,True,CRITICO,cantidad_ingreso,cantidad_ingreso: Valor no numérico,GIAD-M3-S4-INVENTORY-diagnostico-didactico-v1,4142c8736512c78c553bdd78dd49b6fe304039f7deec8cc096102d31289a1619,,,2026-08-19,2026-08-30,2027-02-15,PROD-035,,388,5,11,37.84,180.0,False,cantidad_ingreso inválida,,False,False,True,CUARENTENA,False,GIAD-M3-S4-INVENTORY-tratamiento-didactico-v1
5282,MOV-005282,LOT-2026-05282,PROD-002,Cochabamba,2026-07-05,2026-07-25,2027-07-05,cien,95,1,20,82.37,OK,,OK,,OK,,OK,,OK,,OK,,OK,,CRITICO,Valor no numérico,OK,,OK,,OK,,OK,,1,True,CRITICO,cantidad_ingreso,cantidad_ingreso: Valor no numérico,GIAD-M3-S4-INVENTORY-diagnostico-didactico-v1,4142c8736512c78c553bdd78dd49b6fe304039f7deec8cc096102d31289a1619,,,2026-07-05,2026-07-25,2027-07-05,PROD-002,,95,1,20,82.37,365.0,False,cantidad_ingreso inválida,,False,False,True,CUARENTENA,False,GIAD-M3-S4-INVENTORY-tratamiento-didactico-v1
5769,MOV-005769,LOT-2026-05769,PROD-017,Cochabamba,2026-07-30,2026-02-31,2027-07-30,431,422,3,14,34.67,OK,,OK,,OK,,OK,,OK,,CRITICO,Fecha imposible o formato no interpretable,OK,,OK,,OK,,OK,,OK,,OK,,1,True,CRITICO,fecha_salida,fecha_salida: Fecha imposible o formato no interpretable,GIAD-M3-S4-INVENTORY-diagnostico-didactico-v1,4142c8736512c78c553bdd78dd49b6fe304039f7deec8cc096102d31289a1619,,,2026-07-30,,2027-07-30,PROD-017,431,422,3,14,34.67,365.0,False,Fecha de salida inválida,6,False,False,True,CUARENTENA,False,GIAD-M3-S4-INVENTORY-tratamiento-didactico-v1
5909,MOV-005909,LOT-2026-05909,PROD-050,La Paz,2026-06-15,2026-06-26,2027-06-15,cien,389,2,11,46.57,OK,,OK,,OK,,OK,,OK,,OK,,OK,,CRITICO,Valor no numérico,OK,,OK,,OK,,OK,,1,True,CRITICO,cantidad_ingreso,cantidad_ingreso: Valor no numérico,GIAD-M3-S4-INVENTORY-diagnostico-didactico-v1,4142c8736512c78c553bdd78dd49b6fe304039f7deec8cc096102d31289a1619,,,2026-06-15,2026-06-26,2027-06-15,PROD-050,,389,2,11,46.57,365.0,False,cantidad_ingreso inválida,,False,False,True,CUARENTENA,False,GIAD-M3-S4-INVENTORY-tratamiento-didactico-v1
6001,MOV-004748,LOT-2026-04748,PROD-047,Tarija,2026-06-14,2026-06-28,2026-07-02,679,658,21,14,68.27,CRITICO,Copia exacta posterior de una fila Bronze,CRITICO,Copia exacta posterior de una fila Bronze,OK,,OK,,OK,,OK,,OK,,OK,,OK,,OK,,OK,,OK,,2,True,CRITICO,movimiento_id|lote_id,movimiento_id: Copia exacta posterior de una fila Bronze | lote_id: Copia exacta posterior de una fila Bronze,GIAD-M3-S4-INVENTORY-diagnostico-didactico-v1,4142c8736512c78c553bdd78dd49b6fe304039f7deec8cc096102d31289a1619,EXCLUIR_COPIA,Copia posterior idéntica después de preparar fechas e ID,2026-06-14,2026-06-28,2026-07-02,PROD-047,679,658,21,14,68.27,18.0,False,Copia excluida del Silver,0,False,False,True,CUARENTENA,False,GIAD-M3-S4-INVENTORY-tratamiento-didactico-v1
6002,MOV-001735,LOT-2026-01735,PROD-022,Oruro,2026-07-24,2026-08-03,2026-08-11,958,933,24,10,24.66,CRITICO,Copia exacta posterior de una fila Bronze,CRITICO,Copia exacta posterior de una fila Bronze,REVISAR,Sin correspondencia en Productos Silver de cobertura parcial,OK,,OK,,OK,,OK,,OK,,OK,,OK,,OK,,OK,,3,True,CRITICO,movimiento_id|lote_id|producto_id,movimiento_id: Copia exacta posterior de una fila Bronze | lote_id: Copia exacta posterior de una fila Bronze | producto_id: Sin correspondencia en Productos Silver de cobertura parcial,GIAD-M3-S4-INVENTORY-diagnostico-didactico-v1,4142c8736512c78c553bdd78dd49b6fe304039f7deec8cc096102d31289a1619,EXCLUIR_COPIA,Copia posterior idéntica después de preparar fechas e ID,2026-07-24,2026-08-03,2026-08-11,PROD-022,958,933,24,10,24.66,18.0,False,Copia excluida del Silver,1,False,False,True,CUARENTENA,False,GIAD-M3-S4-INVENTORY-tratamiento-didactico-v1
6003,MOV-003073,LOT-2026-03073,PROD-039,Santa Cruz,2026-05-27,2026-06-26,2027-05-27,343,335,4,30,53.27,CRITICO,Copia exacta posterior de una fila Bronze,CRITICO,Copia exacta posterior de una fila Bronze,OK,,OK,,OK,,OK,,OK,,OK,,OK,,OK,,OK,,OK,,2,True,CRITICO,movimiento_id|lote_id,movimiento_id: Copia exacta posterior de una fila Bronze | lote_id: Copia exacta posterior de una fila Bronze,GIAD-M3-S4-INVENTORY-diagnostico-didactico-v1,4142c8736512c78c553bdd78dd49b6fe304039f7deec8cc096102d31289a1619,EXCLUIR_COPIA,Copia posterior idéntica después de preparar fechas e ID,2026-05-27,2026-06-26,2027-05-27,PROD-039,343,335,4,30,53.27,365.0,False,Copia excluida del Silver,4,False,False,True,CUARENTENA,False,GIAD-M3-S4-INVENTORY-tratamiento-didactico-v1
6004,MOV-003016,LOT-2026-03016,PROD-012,La Paz,2026-07-21,2026-08-08,2027-07-21,108,107,1,18,59.96,CRITICO,Copia exacta posterior de una fila Bronze,CRITICO,Copia exacta posterior de una fila Bronze,OK,,OK,,OK,,OK,,OK,,OK,,OK,,OK,,OK,,OK,,2,True,CRITICO,movimiento_id|lote_id,movimiento_id: Copia exacta posterior de una fila Bronze | lote_id: Copia exacta posterior de una fila Bronze,GIAD-M3-S4-INVENTORY-diagnostico-didactico-v1,4142c8736512c78c553bdd78dd49b6fe304039f7deec8cc096102d31289a1619,EXCLUIR_COPIA,Copia posterior idéntica después de preparar fechas e ID,2026-07-21,2026-08-08,2027-07-21,PROD-012,108,107,1,18,59.96,365.0,False,Copia excluida del Silver,0,False,False,True,CUARENTENA,False,GIAD-M3-S4-INVENTORY-tratamiento-didactico-v1
6005,MOV-003990,LOT-2026-03990,PROD-004,Cochabamba,2026-05-21,2026-06-01,2026-06-08,150,145,4,11,16.27,CRITICO,Copia exacta posterior de una fila Bronze,CRITICO,Copia exacta posterior de una fila Bronze,OK,,OK,,OK,,OK,,OK,,OK,,OK,,OK,,OK,,OK,,2,True,CRITICO,movimiento_id|lote_id,movimiento_id: Copia exacta posterior de una fila Bronze | lote_id: Copia exacta posterior de una fila Bronze,GIAD-M3-S4-INVENTORY-diagnostico-didactico-v1,4142c8736512c78c553bdd78dd49b6fe304039f7deec8cc096102d31289a1619,EXCLUIR_COPIA,Copia posterior idéntica después de preparar fechas e ID,2026-05-21,2026-06-01,2026-06-08,PROD-004,150,145,4,11,16.27,18.0,False,Copia excluida del Silver,1,False,False,True,CUARENTENA,False,GIAD-M3-S4-INVENTORY-tratamiento-didactico-v1
6006,MOV-001055,LOT-2026-01055,PROD-001,Tarija,2026-08-09,2026-08-19,2026-08-27,105,99,3,10,20.26,CRITICO,Copia exacta posterior de una fila Bronze,CRITICO,Copia exacta posterior de una fila Bronze,OK,,OK,,OK,,OK,,OK,,OK,,OK,,OK,,OK,,OK,,2,True,CRITICO,movimiento_id|lote_id,movimiento_id: Copia exacta posterior de una fila Bronze | lote_id: Copia exacta posterior de una fila Bronze,GIAD-M3-S4-INVENTORY-diagnostico-didactico-v1,4142c8736512c78c553bdd78dd49b6fe304039f7deec8cc096102d31289a1619,EXCLUIR_COPIA,Copia posterior idéntica después de preparar fechas e ID,2026-08-09,2026-08-19,2026-08-27,PROD-001,105,99,3,10,20.26,18.0,False,Copia excluida del Silver,3,False,False,True,CUARENTENA,False,GIAD-M3-S4-INVENTORY-tratamiento-didactico-v1
6007,MOV-004746,LOT-2026-04746,PROD-051,Tarija,2026-08-27,2026-09-02,2027-02-23,222,215,3,6,24.83,CRITICO,Copia exacta posterior de una fila Bronze,CRITICO,Copia exacta posterior de una fila Bronze,OK,,OK,,OK,,OK,,OK,,OK,,OK,,OK,,OK,,OK,,2,True,CRITICO,movimiento_id|lote_id,movimiento_id: Copia exacta posterior de una fila Bronze | lote_id: Copia exacta posterior de una fila Bronze,GIAD-M3-S4-INVENTORY-diagnostico-didactico-v1,4142c8736512c78c553bdd78dd49b6fe304039f7deec8cc096102d31289a1619,EXCLUIR_COPIA,Copia posterior idéntica después de preparar fechas e ID,2026-08-27,2026-09-02,2027-02-23,PROD-051,222,215,3,6,24.83,180.0,False,Copia excluida del Silver,4,False,False,True,CUARENTENA,False,GIAD-M3-S4-INVENTORY-tratamiento-didactico-v1
6008,MOV-004614,LOT-2026-04614,PROD-039,Cochabamba,2026-06-01,2026-07-09,2027-06-01,244,238,2,38,53.27,CRITICO,Copia exacta posterior de una fila Bronze,CRITICO,Copia exacta posterior de una fila Bronze,OK,,OK,,OK,,OK,,OK,,OK,,OK,,OK,,OK,,OK,,2,True,CRITICO,movimiento_id|lote_id,movimiento_id: Copia exacta posterior de una fila Bronze | lote_id: Copia exacta posterior de una fila Bronze,GIAD-M3-S4-INVENTORY-diagnostico-didactico-v1,4142c8736512c78c553bdd78dd49b6fe304039f7deec8cc096102d31289a1619,EXCLUIR_COPIA,Copia posterior idéntica después de preparar fechas e ID,2026-06-01,2026-07-09,2027-06-01,PROD-039,244,238,2,38,53.27,365.0,False,Copia excluida del Silver,4,False,False,True,CUARENTENA,False,GIAD-M3-S4-INVENTORY-tratamiento-didactico-v1
6009,MOV-000978,LOT-2026-00978,PROD-006,Santa Cruz,2026-08-28,2026-09-10,2027-08-28,235,232,1,13,29.49,CRITICO,Copia exacta posterior de una fila Bronze,CRITICO,Copia exacta posterior de una fila Bronze,OK,,OK,,OK,,OK,,OK,,OK,,OK,,OK,,OK,,OK,,2,True,CRITICO,movimiento_id|lote_id,movimiento_id: Copia exacta posterior de una fila Bronze | lote_id: Copia exacta posterior de una fila Bronze,GIAD-M3-S4-INVENTORY-diagnostico-didactico-v1,4142c8736512c78c553bdd78dd49b6fe304039f7deec8cc096102d31289a1619,EXCLUIR_COPIA,Copia posterior idéntica después de preparar fechas e ID,2026-08-28,2026-09-10,2027-08-28,PROD-006,235,232,1,13,29.49,365.0,False,Copia excluida del Silver,2,False,False,True,CUARENTENA,False,GIAD-M3-S4-INVENTORY-tratamiento-didactico-v1
6010,MOV-005017,LOT-2026-05017,PROD-045,La Paz,2026-07-27,2026-08-21,2026-08-14,768,731,36,25,27.1,CRITICO,Copia exacta posterior de una fila Bronze,CRITICO,Copia exacta posterior de una fila Bronze,OK,,OK,,OK,,REVISAR,Salida posterior al vencimiento (riesgo de negocio),OK,,OK,,OK,,OK,,OK,,OK,,3,True,CRITICO,movimiento_id|lote_id|fecha_salida,movimiento_id: Copia exacta posterior de una fila Bronze | lote_id: Copia exacta posterior de una fila Bronze | fecha_salida: Salida posterior al vencimiento (riesgo de negocio),GIAD-M3-S4-INVENTORY-diagnostico-didactico-v1,4142c8736512c78c553bdd78dd49b6fe304039f7deec8cc096102d31289a1619,EXCLUIR_COPIA,Copia posterior idéntica después de preparar fechas e ID,2026-07-27,2026-08-21,2026-08-14,PROD-045,768,731,36,25,27.1,18.0,False,Copia excluida del Silver,1,True,False,True,CUARENTENA,False,GIAD-M3-S4-INVENTORY-tratamiento-didactico-v1
6011,MOV-000102,LOT-2026-00102,PROD-037,Tarija,2026-07-23,2026-08-16,2026-08-10,737,700,35,24,25.76,CRITICO,Copia exacta posterior de una fila Bronze,CRITICO,Copia exacta posterior de una fila Bronze,OK,,OK,,OK,,REVISAR,Salida posterior al vencimiento (riesgo de negocio),OK,,OK,,OK,,OK,,OK,,OK,,3,True,CRITICO,movimiento_id|lote_id|fecha_salida,movimiento_id: Copia exacta posterior de una fila Bronze | lote_id: Copia exacta posterior de una fila Bronze | fecha_salida: Salida posterior al vencimiento (riesgo de negocio),GIAD-M3-S4-INVENTORY-diagnostico-didactico-v1,4142c8736512c78c553bdd78dd49b6fe304039f7deec8cc096102d31289a1619,EXCLUIR_COPIA,Copia posterior idéntica después de preparar fechas e ID,2026-07-23,2026-08-16,2026-08-10,PROD-037,737,700,35,24,25.76,18.0,False,Copia excluida del Silver,2,True,False,True,CUARENTENA,False,GIAD-M3-S4-INVENTORY-tratamiento-didactico-v1
6012,MOV-004597,LOT-2026-04597,PROD-037,La Paz,2026-06-15,2026-07-13,2026-07-03,230,218,12,28,25.76,CRITICO,Copia exacta posterior de una fila Bronze,CRITICO,Copia exacta posterior de una fila Bronze,OK,,OK,,OK,,REVISAR,Salida posterior al vencimiento (riesgo de negocio),OK,,OK,,OK,,OK,,OK,,OK,,3,True,CRITICO,movimiento_id|lote_id|fecha_salida,movimiento_id: Copia exacta posterior de una fila Bronze | lote_id: Copia exacta posterior de una fila Bronze | fecha_salida: Salida posterior al vencimiento (riesgo de negocio),GIAD-M3-S4-INVENTORY-diagnostico-didactico-v1,4142c8736512c78c553bdd78dd49b6fe304039f7deec8cc096102d31289a1619,EXCLUIR_COPIA,Copia posterior idéntica después de preparar fechas e ID,2026-06-15,2026-07-13,2026-07-03,PROD-037,230,218,12,28,25.76,18.0,False,Copia excluida del Silver,0,True,False,True,CUARENTENA,False,GIAD-M3-S4-INVENTORY-tratamiento-didactico-v1
6013,MOV-004997,LOT-2026-04997,PROD-031,La Paz,2026-07-30,2026-08-12,2027-07-30,822,817,5,13,50.89,CRITICO,Copia exacta posterior de una fila Bronze,CRITICO,Copia exacta posterior de una fila Bronze,REVISAR,Sin correspondencia en Productos Silver de cobertura parcial,OK,,OK,,OK,,OK,,OK,,OK,,OK,,OK,,OK,,3,True,CRITICO,movimiento_id|lote_id|producto_id,movimiento_id: Copia exacta posterior de una fila Bronze | lote_id: Copia exacta posterior de una fila Bronze | producto_id: Sin correspondencia en Productos Silver de cobertura parcial,GIAD-M3-S4-INVENTORY-diagnostico-didactico-v1,4142c8736512c78c553bdd78dd49b6fe304039f7deec8cc096102d31289a1619,EXCLUIR_COPIA,Copia posterior idéntica después de preparar fechas e ID,2026-07-30,2026-08-12,2027-07-30,PROD-031,822,817,5,13,50.89,365.0,False,Copia excluida del Silver,0,False,False,True,CUARENTENA,False,GIAD-M3-S4-INVENTORY-tratamiento-didactico-v1
6014,MOV-003224,LOT-2026-03224,PROD-048,Cochabamba,2026-06-06,2026-06-22,2027-06-06,131,123,1,16,49.21,CRITICO,Copia exacta posterior de una fila Bronze,CRITICO,Copia exacta posterior de una fila Bronze,OK,,OK,,OK,,OK,,OK,,OK,,OK,,OK,,OK,,OK,,2,True,CRITICO,movimiento_id|lote_id,movimiento_id: Copia exacta posterior de una fila Bronze | lote_id: Copia exacta posterior de una fila Bronze,GIAD-M3-S4-INVENTORY-diagnostico-didactico-v1,4142c8736512c78c553bdd78dd49b6fe304039f7deec8cc096102d31289a1619,EXCLUIR_COPIA,Copia posterior idéntica después de preparar fechas e ID,2026-06-06,2026-06-22,2027-06-06,PROD-048,131,123,1,16,49.21,365.0,False,Copia excluida del Silver,7,False,False,True,CUARENTENA,False,GIAD-M3-S4-INVENTORY-tratamiento-didactico-v1
6015,MOV-004399,LOT-2026-04399,PROD-047,Tarija,2026-07-27,2026-08-16,2026-08-14,758,725,28,20,68.27,CRITICO,Copia exacta posterior de una fila Bronze,CRITICO,Copia exacta posterior de una fila Bronze,OK,,OK,,OK,,REVISAR,Salida posterior al vencimiento (riesgo de negocio),OK,,OK,,OK,,OK,,OK,,OK,,3,True,CRITICO,movimiento_id|lote_id|fecha_salida,movimiento_id: Copia exacta posterior de una fila Bronze | lote_id: Copia exacta posterior de una fila Bronze | fecha_salida: Salida posterior al vencimiento (riesgo de negocio),GIAD-M3-S4-INVENTORY-diagnostico-didactico-v1,4142c8736512c78c553bdd78dd49b6fe304039f7deec8cc096102d31289a1619,EXCLUIR_COPIA,Copia posterior idéntica después de preparar fechas e ID,2026-07-27,2026-08-16,2026-08-14,PROD-047,758,725,28,20,68.27,18.0,False,Copia excluida del Silver,5,True,False,True,CUARENTENA,False,GIAD-M3-S4-INVENTORY-tratamiento-didactico-v1
6016,MOV-005441,LOT-2026-05441,PROD-003,Oruro,2026-08-07,2026-09-02,2027-08-07,450,444,3,26,68.01,CRITICO,Copia exacta posterior de una fila Bronze,CRITICO,Copia exacta posterior de una fila Bronze,OK,,OK,,OK,,OK,,OK,,OK,,OK,,OK,,OK,,OK,,2,True,CRITICO,movimiento_id|lote_id,movimiento_id: Copia exacta posterior de una fila Bronze | lote_id: Copia exacta posterior de una fila Bronze,GIAD-M3-S4-INVENTORY-diagnostico-didactico-v1,4142c8736512c78c553bdd78dd49b6fe304039f7deec8cc096102d31289a1619,EXCLUIR_COPIA,Copia posterior idéntica después de preparar fechas e ID,2026-08-07,2026-09-02,2027-08-07,PROD-003,450,444,3,26,68.01,365.0,False,Copia excluida del Silver,3,False,False,True,CUARENTENA,False,GIAD-M3-S4-INVENTORY-tratamiento-didactico-v1
6017,MOV-005588,LOT-2026-05588,PROD-008,Cochabamba,2026-08-21,2026-09-05,2027-02-17,858,837,14,15,79.52,CRITICO,Copia exacta posterior de una fila Bronze,CRITICO,Copia exacta posterior de una fila Bronze,REVISAR,Sin correspondencia en Productos Silver de cobertura parcial,OK,,OK,,OK,,OK,,OK,,OK,,OK,,OK,,OK,,3,True,CRITICO,movimiento_id|lote_id|producto_id,movimiento_id: Copia exacta posterior de una fila Bronze | lote_id: Copia exacta posterior de una fila Bronze | producto_id: Sin correspondencia en Productos Silver de cobertura parcial,GIAD-M3-S4-INVENTORY-diagnostico-didactico-v1,4142c8736512c78c553bdd78dd49b6fe304039f7deec8cc096102d31289a1619,EXCLUIR_COPIA,Copia posterior idéntica después de preparar fechas e ID,2026-08-21,2026-09-05,2027-02-17,PROD-008,858,837,14,15,79.52,180.0,False,Copia excluida del Silver,7,False,False,True,CUARENTENA,False,GIAD-M3-S4-INVENTORY-tratamiento-didactico-v1
6018,MOV-003592,LOT-2026-03592,PROD-016,Santa Cruz,2026-05-30,2026-06-18,2027-05-30,375,368,4,19,25.77,CRITICO,Copia exacta posterior de una fila Bronze,CRITICO,Copia exacta posterior de una fila Bronze,REVISAR,Sin correspondencia en Productos Silver de cobertura parcial,OK,,OK,,OK,,OK,,OK,,OK,,OK,,OK,,OK,,3,True,CRITICO,movimiento_id|lote_id|producto_id,movimiento_id: Copia exacta posterior de una fila Bronze | lote_id: Copia exacta posterior de una fila Bronze | producto_id: Sin correspondencia en Productos Silver de cobertura parcial,GIAD-M3-S4-INVENTORY-diagnostico-didactico-v1,4142c8736512c78c553bdd78dd49b6fe304039f7deec8cc096102d31289a1619,EXCLUIR_COPIA,Copia posterior idéntica después de preparar fechas e ID,2026-05-30,2026-06-18,2027-05-30,PROD-016,375,368,4,19,25.77,365.0,False,Copia excluida del Silver,3,False,False,True,CUARENTENA,False,GIAD-M3-S4-INVENTORY-tratamiento-didactico-v1
6019,MOV-003014,LOT-2026-03014,PROD-033,Cochabamba,2026-07-24,2026-08-16,2027-07-24,528,519,3,23,30.56,CRITICO,Copia exacta posterior de una fila Bronze,CRITICO,Copia exacta posterior de una fila Bronze,OK,,OK,,OK,,OK,,OK,,OK,,OK,,OK,,OK,,OK,,2,True,CRITICO,movimiento_id|lote_id,movimiento_id: Copia exacta posterior de una fila Bronze | lote_id: Copia exacta posterior de una fila Bronze,GIAD-M3-S4-INVENTORY-diagnostico-didactico-v1,4142c8736512c78c553bdd78dd49b6fe304039f7deec8cc096102d31289a1619,EXCLUIR_COPIA,Copia posterior idéntica después de preparar fechas e ID,2026-07-24,2026-08-16,2027-07-24,PROD-033,528,519,3,23,30.56,365.0,False,Copia excluida del Silver,6,False,False,True,CUARENTENA,False,GIAD-M3-S4-INVENTORY-tratamiento-didactico-v1
6020,MOV-004061,LOT-2026-04061,PROD-023,Cochabamba,2026-06-15,2026-06-20,2026-07-03,408,391,10,5,22.32,CRITICO,Copia exacta posterior de una fila Bronze,CRITICO,Copia exacta posterior de una fila Bronze,OK,,OK,,OK,,OK,,OK,,OK,,OK,,OK,,OK,,OK,,2,True,CRITICO,movimiento_id|lote_id,movimiento_id: Copia exacta posterior de una fila Bronze | lote_id: Copia exacta posterior de una fila Bronze,GIAD-M3-S4-INVENTORY-diagnostico-didactico-v1,4142c8736512c78c553bdd78dd49b6fe304039f7deec8cc096102d31289a1619,EXCLUIR_COPIA,Copia posterior idéntica después de preparar fechas e ID,2026-06-15,2026-06-20,2026-07-03,PROD-023,408,391,10,5,22.32,18.0,False,Copia excluida del Silver,7,False,False,True,CUARENTENA,False,GIAD-M3-S4-INVENTORY-tratamiento-didactico-v1
6021,MOV-000734,LOT-2026-00734,PROD-006,Tarija,2026-05-26,2026-06-06,2027-05-26,362,353,3,11,29.49,CRITICO,Copia exacta posterior de una fila Bronze,CRITICO,Copia exacta posterior de una fila Bronze,OK,,OK,,OK,,OK,,OK,,OK,,OK,,OK,,OK,,OK,,2,True,CRITICO,movimiento_id|lote_id,movimiento_id: Copia exacta posterior de una fila Bronze | lote_id: Copia exacta posterior de una fila Bronze,GIAD-M3-S4-INVENTORY-diagnostico-didactico-v1,4142c8736512c78c553bdd78dd49b6fe304039f7deec8cc096102d31289a1619,EXCLUIR_COPIA,Copia posterior idéntica después de preparar fechas e ID,2026-05-26,2026-06-06,2027-05-26,PROD-006,362,353,3,11,29.49,365.0,False,Copia excluida del Silver,6,False,False,True,CUARENTENA,False,GIAD-M3-S4-INVENTORY-tratamiento-didactico-v1
6022,MOV-002648,LOT-2026-02648,PROD-021,Cochabamba,2026-07-11,2026-07-16,2026-07-29,711,691,18,5,83.07,CRITICO,Copia exacta posterior de una fila Bronze,CRITICO,Copia exacta posterior de una fila Bronze,OK,,OK,,OK,,OK,,OK,,OK,,OK,,OK,,OK,,OK,,2,True,CRITICO,movimiento_id|lote_id,movimiento_id: Copia exacta posterior de una fila Bronze | lote_id: Copia exacta posterior de una fila Bronze,GIAD-M3-S4-INVENTORY-diagnostico-didactico-v1,4142c8736512c78c553bdd78dd49b6fe304039f7deec8cc096102d31289a1619,EXCLUIR_COPIA,Copia posterior idéntica después de preparar fechas e ID,2026-07-11,2026-07-16,2026-07-29,PROD-021,711,691,18,5,83.07,18.0,False,Copia excluida del Silver,2,False,False,True,CUARENTENA,False,GIAD-M3-S4-INVENTORY-tratamiento-didactico-v1
6023,MOV-002305,LOT-2026-02305,PROD-015,Tarija,2026-08-15,2026-08-28,2026-09-02,559,538,16,13,68.74,CRITICO,Copia exacta posterior de una fila Bronze,CRITICO,Copia exacta posterior de una fila Bronze,OK,,OK,,OK,,OK,,OK,,OK,,OK,,OK,,OK,,OK,,2,True,CRITICO,movimiento_id|lote_id,movimiento_id: Copia exacta posterior de una fila Bronze | lote_id: Copia exacta posterior de una fila Bronze,GIAD-M3-S4-INVENTORY-diagnostico-didactico-v1,4142c8736512c78c553bdd78dd49b6fe304039f7deec8cc096102d31289a1619,EXCLUIR_COPIA,Copia posterior idéntica después de preparar fechas e ID,2026-08-15,2026-08-28,2026-09-02,PROD-015,559,538,16,13,68.74,18.0,False,Copia excluida del Silver,5,False,False,True,CUARENTENA,False,GIAD-M3-S4-INVENTORY-tratamiento-didactico-v1
6024,MOV-001648,LOT-2026-01648,PROD-025,Oruro,2026-08-15,2026-08-26,2027-02-11,970,955,12,11,54.32,CRITICO,Copia exacta posterior de una fila Bronze,CRITICO,Copia exacta posterior de una fila Bronze,OK,,OK,,OK,,OK,,OK,,OK,,OK,,OK,,OK,,OK,,2,True,CRITICO,movimiento_id|lote_id,movimiento_id: Copia exacta posterior de una fila Bronze | lote_id: Copia exacta posterior de una fila Bronze,GIAD-M3-S4-INVENTORY-diagnostico-didactico-v1,4142c8736512c78c553bdd78dd49b6fe304039f7deec8cc096102d31289a1619,EXCLUIR_COPIA,Copia posterior idéntica después de preparar fechas e ID,2026-08-15,2026-08-26,2027-02-11,PROD-025,970,955,12,11,54.32,180.0,False,Copia excluida del Silver,3,False,False,True,CUARENTENA,False,GIAD-M3-S4-INVENTORY-tratamiento-didactico-v1
6025,MOV-001094,LOT-2026-01094,PROD-044,Santa Cruz,2026-08-03,2026-08-15,2026-08-21,169,161,4,12,38.35,CRITICO,Copia exacta posterior de una fila Bronze,CRITICO,Copia exacta posterior de una fila Bronze,OK,,OK,,OK,,OK,,OK,,OK,,OK,,OK,,OK,,OK,,2,True,CRITICO,movimiento_id|lote_id,movimiento_id: Copia exacta posterior de una fila Bronze | lote_id: Copia exacta posterior de una fila Bronze,GIAD-M3-S4-INVENTORY-diagnostico-didactico-v1,4142c8736512c78c553bdd78dd49b6fe304039f7deec8cc096102d31289a1619,EXCLUIR_COPIA,Copia posterior idéntica después de preparar fechas e ID,2026-08-03,2026-08-15,2026-08-21,PROD-044,169,161,4,12,38.35,18.0,False,Copia excluida del Silver,4,False,False,True,CUARENTENA,False,GIAD-M3-S4-INVENTORY-tratamiento-didactico-v1
6026,MOV-005267,LOT-2026-05267,PROD-006,La Paz,2026-06-25,2026-07-16,2027-06-25,884,876,5,21,29.49,CRITICO,Copia exacta posterior de una fila Bronze,CRITICO,Copia exacta posterior de una fila Bronze,OK,,OK,,OK,,OK,,OK,,OK,,OK,,OK,,OK,,OK,,2,True,CRITICO,movimiento_id|lote_id,movimiento_id: Copia exacta posterior de una fila Bronze | lote_id: Copia exacta posterior de una fila Bronze,GIAD-M3-S4-INVENTORY-diagnostico-didactico-v1,4142c8736512c78c553bdd78dd49b6fe304039f7deec8cc096102d31289a1619,EXCLUIR_COPIA,Copia posterior idéntica después de preparar fechas e ID,2026-06-25,2026-07-16,2027-06-25,PROD-006,884,876,5,21,29.49,365.0,False,Copia excluida del Silver,3,False,False,True,CUARENTENA,False,GIAD-M3-S4-INVENTORY-tratamiento-didactico-v1
6027,MOV-004534,LOT-2026-04534,PROD-043,Oruro,2026-05-10,2026-06-01,2026-11-06,499,493,6,22,16.46,CRITICO,Copia exacta posterior de una fila Bronze,CRITICO,Copia exacta posterior de una fila Bronze,OK,,OK,,OK,,OK,,OK,,OK,,OK,,OK,,OK,,OK,,2,True,CRITICO,movimiento_id|lote_id,movimiento_id: Copia exacta posterior de una fila Bronze | lote_id: Copia exacta posterior de una fila Bronze,GIAD-M3-S4-INVENTORY-diagnostico-didactico-v1,4142c8736512c78c553bdd78dd49b6fe304039f7deec8cc096102d31289a1619,EXCLUIR_COPIA,Copia posterior idéntica después de preparar fechas e ID,2026-05-10,2026-06-01,2026-11-06,PROD-043,499,493,6,22,16.46,180.0,False,Copia excluida del Silver,0,False,False,True,CUARENTENA,False,GIAD-M3-S4-INVENTORY-tratamiento-didactico-v1
6028,MOV-000190,LOT-2026-00190,PROD-042,La Paz,2026-05-15,2026-06-08,2027-05-15,599,595,3,24,55.74,CRITICO,Copia exacta posterior de una fila Bronze,CRITICO,Copia exacta posterior de una fila Bronze,OK,,OK,,OK,,OK,,OK,,OK,,OK,,OK,,OK,,OK,,2,True,CRITICO,movimiento_id|lote_id,movimiento_id: Copia exacta posterior de una fila Bronze | lote_id: Copia exacta posterior de una fila Bronze,GIAD-M3-S4-INVENTORY-diagnostico-didactico-v1,4142c8736512c78c553bdd78dd49b6fe304039f7deec8cc096102d31289a1619,EXCLUIR_COPIA,Copia posterior idéntica después de preparar fechas e ID,2026-05-15,2026-06-08,2027-05-15,PROD-042,599,595,3,24,55.74,365.0,False,Copia excluida del Silver,1,False,False,True,CUARENTENA,False,GIAD-M3-S4-INVENTORY-tratamiento-didactico-v1
6029,MOV-000904,LOT-2026-00904,PROD-022,Cochabamba,2026-07-17,2026-08-14,2026-08-04,702,661,35,28,24.66,CRITICO,Copia exacta posterior de una fila Bronze,CRITICO,Copia exacta posterior de una fila Bronze,REVISAR,Sin correspondencia en Productos Silver de cobertura parcial,OK,,OK,,REVISAR,Salida posterior al vencimiento (riesgo de negocio),OK,,OK,,OK,,OK,,OK,,OK,,4,True,CRITICO,movimiento_id|lote_id|producto_id|fecha_salida,movimiento_id: Copia exacta posterior de una fila Bronze | lote_id: Copia exacta posterior de una fila Bronze | producto_id: Sin correspondencia en Productos Silver de cobertura parcial | fecha_salida: Salida posterior al vencimiento (riesgo de negocio),GIAD-M3-S4-INVENTORY-diagnostico-didactico-v1,4142c8736512c78c553bdd78dd49b6fe304039f7deec8cc096102d31289a1619,EXCLUIR_COPIA,Copia posterior idéntica después de preparar fechas e ID,2026-07-17,2026-08-14,2026-08-04,PROD-022,702,661,35,28,24.66,18.0,False,Copia excluida del Silver,6,True,False,True,CUARENTENA,False,GIAD-M3-S4-INVENTORY-tratamiento-didactico-v1
6030,MOV-002656,LOT-2026-02656,PROD-057,Tarija,2026-08-10,2026-08-25,2027-08-10,850,838,6,15,16.73,CRITICO,Copia exacta posterior de una fila Bronze,CRITICO,Copia exacta posterior de una fila Bronze,OK,,OK,,OK,,OK,,OK,,OK,,OK,,OK,,OK,,OK,,2,True,CRITICO,movimiento_id|lote_id,movimiento_id: Copia exacta posterior de una fila Bronze | lote_id: Copia exacta posterior de una fila Bronze,GIAD-M3-S4-INVENTORY-diagnostico-didactico-v1,4142c8736512c78c553bdd78dd49b6fe304039f7deec8cc096102d31289a1619,EXCLUIR_COPIA,Copia posterior idéntica después de preparar fechas e ID,2026-08-10,2026-08-25,2027-08-10,PROD-057,850,838,6,15,16.73,365.0,False,Copia excluida del Silver,6,False,False,True,CUARENTENA,False,GIAD-M3-S4-INVENTORY-tratamiento-didactico-v1
6031,MOV-002654,LOT-2026-02654,PROD-007,Santa Cruz,2026-08-13,2026-08-24,2027-08-13,98,95,1,11,20.78,CRITICO,Clave repetida con datos contradictorios,CRITICO,Clave repetida con datos contradictorios,OK,,OK,,OK,,OK,,OK,,OK,,OK,,OK,,OK,,OK,,2,True,CRITICO,movimiento_id|lote_id,movimiento_id: Clave repetida con datos contradictorios | lote_id: Clave repetida con datos contradictorios,GIAD-M3-S4-INVENTORY-diagnostico-didactico-v1,4142c8736512c78c553bdd78dd49b6fe304039f7deec8cc096102d31289a1619,EXCLUIR_COPIA,Copia posterior idéntica después de preparar fechas e ID,2026-08-13,2026-08-24,2027-08-13,PROD-007,98,95,1,11,20.78,365.0,False,Copia excluida del Silver,2,False,False,True,CUARENTENA,False,GIAD-M3-S4-INVENTORY-tratamiento-didactico-v1
6032,MOV-003560,LOT-2026-03560,PROD-028,Cochabamba,2026-06-06,2026-06-18,2027-06-06,377,368,2,12,27.13,CRITICO,Copia exacta posterior de una fila Bronze,CRITICO,Copia exacta posterior de una fila Bronze,REVISAR,Sin correspondencia en Productos Silver de cobertura parcial,OK,,OK,,OK,,OK,,OK,,OK,,OK,,OK,,OK,,3,True,CRITICO,movimiento_id|lote_id|producto_id,movimiento_id: Copia exacta posterior de una fila Bronze | lote_id: Copia exacta posterior de una fila Bronze | producto_id: Sin correspondencia en Productos Silver de cobertura parcial,GIAD-M3-S4-INVENTORY-diagnostico-didactico-v1,4142c8736512c78c553bdd78dd49b6fe304039f7deec8cc096102d31289a1619,EXCLUIR_COPIA,Copia posterior idéntica después de preparar fechas e ID,2026-06-06,2026-06-18,2027-06-06,PROD-028,377,368,2,12,27.13,365.0,False,Copia excluida del Silver,7,False,False,True,CUARENTENA,False,GIAD-M3-S4-INVENTORY-tratamiento-didactico-v1
6033,MOV-005749,LOT-2026-05749,PROD-016,Cochabamba,2026-05-17,2026-05-29,2027-05-17,173,165,2,12,25.77,CRITICO,Copia exacta posterior de una fila Bronze,CRITICO,Copia exacta posterior de una fila Bronze,REVISAR,Sin correspondencia en Productos Silver de cobertura parcial,OK,,OK,,OK,,OK,,OK,,OK,,OK,,OK,,OK,,3,True,CRITICO,movimiento_id|lote_id|producto_id,movimiento_id: Copia exacta posterior de una fila Bronze | lote_id: Copia exacta posterior de una fila Bronze | producto_id: Sin correspondencia en Productos Silver de cobertura parcial,GIAD-M3-S4-INVENTORY-diagnostico-didactico-v1,4142c8736512c78c553bdd78dd49b6fe304039f7deec8cc096102d31289a1619,EXCLUIR_COPIA,Copia posterior idéntica después de preparar fechas e ID,2026-05-17,2026-05-29,2027-05-17,PROD-016,173,165,2,12,25.77,365.0,False,Copia excluida del Silver,6,False,False,True,CUARENTENA,False,GIAD-M3-S4-INVENTORY-tratamiento-didactico-v1
6034,MOV-004374,LOT-2026-04374,PROD-046,Tarija,2026-05-09,2026-06-06,2027-05-09,665,656,4,28,25.66,CRITICO,Copia exacta posterior de una fila Bronze,CRITICO,Copia exacta posterior de una fila Bronze,REVISAR,Sin correspondencia en Productos Silver de cobertura parcial,OK,,OK,,OK,,OK,,OK,,OK,,OK,,OK,,OK,,3,True,CRITICO,movimiento_id|lote_id|producto_id,movimiento_id: Copia exacta posterior de una fila Bronze | lote_id: Copia exacta posterior de una fila Bronze | producto_id: Sin correspondencia en Productos Silver de cobertura parcial,GIAD-M3-S4-INVENTORY-diagnostico-didactico-v1,4142c8736512c78c553bdd78dd49b6fe304039f7deec8cc096102d31289a1619,EXCLUIR_COPIA,Copia posterior idéntica después de preparar fechas e ID,2026-05-09,2026-06-06,2027-05-09,PROD-046,665,656,4,28,25.66,365.0,False,Copia excluida del Silver,5,False,False,True,CUARENTENA,False,GIAD-M3-S4-INVENTORY-tratamiento-didactico-v1
6035,MOV-004588,LOT-2026-04588,PROD-015,Cochabamba,2026-07-16,2026-07-20,2026-08-03,767,742,19,4,68.74,CRITICO,Copia exacta posterior de una fila Bronze,CRITICO,Copia exacta posterior de una fila Bronze,OK,,OK,,OK,,OK,,OK,,OK,,OK,,OK,,OK,,OK,,2,True,CRITICO,movimiento_id|lote_id,movimiento_id: Copia exacta posterior de una fila Bronze | lote_id: Copia exacta posterior de una fila Bronze,GIAD-M3-S4-INVENTORY-diagnostico-didactico-v1,4142c8736512c78c553bdd78dd49b6fe304039f7deec8cc096102d31289a1619,EXCLUIR_COPIA,Copia posterior idéntica después de preparar fechas e ID,2026-07-16,2026-07-20,2026-08-03,PROD-015,767,742,19,4,68.74,18.0,False,Copia excluida del Silver,6,False,False,True,CUARENTENA,False,GIAD-M3-S4-INVENTORY-tratamiento-didactico-v1
6036,MOV-004400,LOT-2026-04400,PROD-031,La Paz,2026-08-12,2026-09-11,2027-08-12,978,970,5,30,50.89,CRITICO,Copia exacta posterior de una fila Bronze,CRITICO,Copia exacta posterior de una fila Bronze,REVISAR,Sin correspondencia en Productos Silver de cobertura parcial,OK,,OK,,OK,,OK,,OK,,OK,,OK,,OK,,OK,,3,True,CRITICO,movimiento_id|lote_id|producto_id,movimiento_id: Copia exacta posterior de una fila Bronze | lote_id: Copia exacta posterior de una fila Bronze | producto_id: Sin correspondencia en Productos Silver de cobertura parcial,GIAD-M3-S4-INVENTORY-diagnostico-didactico-v1,4142c8736512c78c553bdd78dd49b6fe304039f7deec8cc096102d31289a1619,EXCLUIR_COPIA,Copia posterior idéntica después de preparar fechas e ID,2026-08-12,2026-09-11,2027-08-12,PROD-031,978,970,5,30,50.89,365.0,False,Copia excluida del Silver,3,False,False,True,CUARENTENA,False,GIAD-M3-S4-INVENTORY-tratamiento-didactico-v1
6037,MOV-000486,LOT-2026-00486,PROD-003,Cochabamba,2026-06-28,2026-07-09,2027-06-28,877,866,5,11,68.01,CRITICO,Copia exacta posterior de una fila Bronze,CRITICO,Copia exacta posterior de una fila Bronze,OK,,OK,,OK,,OK,,OK,,OK,,OK,,OK,,OK,,OK,,2,True,CRITICO,movimiento_id|lote_id,movimiento_id: Copia exacta posterior de una fila Bronze | lote_id: Copia exacta posterior de una fila Bronze,GIAD-M3-S4-INVENTORY-diagnostico-didactico-v1,4142c8736512c78c553bdd78dd49b6fe304039f7deec8cc096102d31289a1619,EXCLUIR_COPIA,Copia posterior idéntica después de preparar fechas e ID,2026-06-28,2026-07-09,2027-06-28,PROD-003,877,866,5,11,68.01,365.0,False,Copia excluida del Silver,6,False,False,True,CUARENTENA,False,GIAD-M3-S4-INVENTORY-tratamiento-didactico-v1
6038,MOV-005819,LOT-2026-05819,PROD-034,Tarija,2026-07-14,2026-07-18,2026-08-01,871,843,24,4,54.4,CRITICO,Copia exacta posterior de una fila Bronze,CRITICO,Copia exacta posterior de una fila Bronze,OK,,OK,,OK,,OK,,OK,,OK,,OK,,OK,,OK,,OK,,2,True,CRITICO,movimiento_id|lote_id,movimiento_id: Copia exacta posterior de una fila Bronze | lote_id: Copia exacta posterior de una fila Bronze,GIAD-M3-S4-INVENTORY-diagnostico-didactico-v1,4142c8736512c78c553bdd78dd49b6fe304039f7deec8cc096102d31289a1619,EXCLUIR_COPIA,Copia posterior idéntica después de preparar fechas e ID,2026-07-14,2026-07-18,2026-08-01,PROD-034,871,843,24,4,54.4,18.0,False,Copia excluida del Silver,4,False,False,True,CUARENTENA,False,GIAD-M3-S4-INVENTORY-tratamiento-didactico-v1
6039,MOV-003665,LOT-2026-03665,PROD-032,Oruro,2026-06-02,2026-07-03,2027-06-02,756,744,5,31,33.13,CRITICO,Copia exacta posterior de una fila Bronze,CRITICO,Copia exacta posterior de una fila Bronze,OK,,OK,,OK,,OK,,OK,,OK,,OK,,OK,,OK,,OK,,2,True,CRITICO,movimiento_id|lote_id,movimiento_id: Copia exacta posterior de una fila Bronze | lote_id: Copia exacta posterior de una fila Bronze,GIAD-M3-S4-INVENTORY-diagnostico-didactico-v1,4142c8736512c78c553bdd78dd49b6fe304039f7deec8cc096102d31289a1619,EXCLUIR_COPIA,Copia posterior idéntica después de preparar fechas e ID,2026-06-02,2026-07-03,2027-06-02,PROD-032,756,744,5,31,33.13,365.0,False,Copia excluida del Silver,7,False,False,True,CUARENTENA,False,GIAD-M3-S4-INVENTORY-tratamiento-didactico-v1
6040,MOV-004092,LOT-2026-04092,PROD-012,Oruro,2026-08-09,2026-08-24,2027-08-09,419,414,2,15,59.96,CRITICO,Copia exacta posterior de una fila Bronze,CRITICO,Copia exacta posterior de una fila Bronze,OK,,OK,,OK,,OK,,OK,,OK,,OK,,OK,,OK,,OK,,2,True,CRITICO,movimiento_id|lote_id,movimiento_id: Copia exacta posterior de una fila Bronze | lote_id: Copia exacta posterior de una fila Bronze,GIAD-M3-S4-INVENTORY-diagnostico-didactico-v1,4142c8736512c78c553bdd78dd49b6fe304039f7deec8cc096102d31289a1619,EXCLUIR_COPIA,Copia posterior idéntica después de preparar fechas e ID,2026-08-09,2026-08-24,2027-08-09,PROD-012,419,414,2,15,59.96,365.0,False,Copia excluida del Silver,3,False,False,True,CUARENTENA,False,GIAD-M3-S4-INVENTORY-tratamiento-didactico-v1
