viaje_id,inicio,fin,particion,motivo
VIA-00942,2026-08-01 00:10:00,2026-08-01 11:10:00,AJUSTE,
VIA-00037,2026-08-01 00:26:00,2026-08-01 11:26:00,AJUSTE,
VIA-01004,2026-08-01 00:30:00,2026-08-01 11:30:00,AJUSTE,
VIA-00778,2026-08-01 00:39:00,2026-08-01 11:39:00,AJUSTE,
VIA-00747,2026-08-01 01:21:00,2026-08-01 12:21:00,AJUSTE,
VIA-00945,2026-08-01 01:21:00,2026-08-01 12:21:00,AJUSTE,
VIA-01066,2026-08-01 01:30:00,2026-08-01 12:30:00,AJUSTE,
VIA-00706,2026-08-01 02:27:00,2026-08-01 13:27:00,AJUSTE,
VIA-00669,2026-08-01 03:08:00,2026-08-01 14:08:00,AJUSTE,
VIA-00752,2026-08-01 03:28:00,2026-08-01 14:28:00,AJUSTE,
VIA-01147,2026-08-01 05:24:00,2026-08-01 16:24:00,AJUSTE,
VIA-00855,2026-08-01 07:37:00,2026-08-01 18:37:00,AJUSTE,
VIA-00493,2026-08-01 08:35:00,2026-08-01 19:35:00,AJUSTE,
VIA-00380,2026-08-01 09:08:00,2026-08-01 20:08:00,AJUSTE,
VIA-00112,2026-08-01 09:35:00,2026-08-01 20:35:00,AJUSTE,
VIA-00237,2026-08-01 09:41:00,2026-08-01 20:41:00,AJUSTE,
VIA-00432,2026-08-01 10:12:00,2026-08-01 21:12:00,AJUSTE,
VIA-00428,2026-08-01 11:01:00,2026-08-01 22:01:00,AJUSTE,
VIA-00693,2026-08-01 11:33:00,2026-08-01 22:33:00,AJUSTE,
VIA-00816,2026-08-01 11:59:00,2026-08-01 22:59:00,AJUSTE,
VIA-00412,2026-08-01 12:28:00,2026-08-01 23:28:00,AJUSTE,
VIA-01197,2026-08-01 12:28:00,2026-08-01 23:28:00,AJUSTE,
VIA-00381,2026-08-01 13:11:00,2026-08-02 00:11:00,AJUSTE,
VIA-00946,2026-08-01 14:06:00,2026-08-02 01:06:00,AJUSTE,
VIA-01163,2026-08-01 14:13:00,2026-08-02 01:13:00,AJUSTE,
VIA-00382,2026-08-01 14:28:00,2026-08-02 01:28:00,AJUSTE,
VIA-00690,2026-08-01 16:26:00,2026-08-02 03:26:00,AJUSTE,
VIA-00547,2026-08-01 17:07:00,2026-08-02 04:07:00,AJUSTE,
VIA-01054,2026-08-01 18:26:00,2026-08-02 05:26:00,AJUSTE,
VIA-00821,2026-08-01 18:53:00,2026-08-02 05:53:00,AJUSTE,
VIA-00348,2026-08-01 19:29:00,2026-08-02 06:29:00,AJUSTE,
VIA-00011,2026-08-01 19:34:00,2026-08-02 06:34:00,AJUSTE,
VIA-00583,2026-08-01 20:47:00,2026-08-02 07:47:00,AJUSTE,
VIA-01172,2026-08-01 21:15:00,2026-08-02 08:15:00,AJUSTE,
VIA-00698,2026-08-01 22:31:00,2026-08-02 09:01:00,AJUSTE,
VIA-00172,2026-08-01 23:08:00,2026-08-02 10:08:00,AJUSTE,
VIA-00725,2026-08-01 23:22:00,2026-08-02 10:22:00,AJUSTE,
VIA-00436,2026-08-01 23:27:00,2026-08-02 10:27:00,AJUSTE,
VIA-01183,2026-08-02 00:01:00,2026-08-02 11:01:00,AJUSTE,
VIA-00502,2026-08-02 00:59:00,2026-08-02 11:59:00,AJUSTE,
VIA-00211,2026-08-02 01:10:00,2026-08-02 12:10:00,AJUSTE,
VIA-00555,2026-08-02 02:24:00,2026-08-02 13:24:00,AJUSTE,
VIA-00424,2026-08-02 02:40:00,2026-08-02 13:40:00,AJUSTE,
VIA-01069,2026-08-02 03:35:00,2026-08-02 14:35:00,AJUSTE,
VIA-00074,2026-08-02 04:52:00,2026-08-02 15:52:00,AJUSTE,
VIA-00914,2026-08-02 05:19:00,2026-08-02 15:49:00,AJUSTE,
VIA-00837,2026-08-02 05:25:00,2026-08-02 16:25:00,AJUSTE,
VIA-00597,2026-08-02 07:15:00,2026-08-02 18:15:00,AJUSTE,
VIA-00082,2026-08-02 08:35:00,2026-08-02 19:35:00,AJUSTE,
VIA-00414,2026-08-02 08:35:00,2026-08-02 19:35:00,AJUSTE,
VIA-00492,2026-08-02 09:19:00,2026-08-02 20:19:00,AJUSTE,
VIA-00033,2026-08-02 09:22:00,2026-08-02 20:22:00,AJUSTE,
VIA-00238,2026-08-02 10:06:00,2026-08-02 21:06:00,AJUSTE,
VIA-00214,2026-08-02 10:52:00,2026-08-02 21:22:00,AJUSTE,
VIA-00623,2026-08-02 11:56:00,2026-08-02 22:56:00,AJUSTE,
VIA-01060,2026-08-02 12:38:00,2026-08-02 23:38:00,AJUSTE,
VIA-00508,2026-08-02 12:44:00,2026-08-02 23:44:00,AJUSTE,
VIA-00978,2026-08-02 13:15:00,2026-08-03 00:15:00,AJUSTE,
VIA-00003,2026-08-02 13:15:00,2026-08-03 00:15:00,AJUSTE,
VIA-01051,2026-08-02 15:02:00,2026-08-03 02:02:00,AJUSTE,
VIA-00440,2026-08-02 15:36:00,2026-08-03 02:36:00,AJUSTE,
VIA-00931,2026-08-02 16:00:00,2026-08-03 03:00:00,AJUSTE,
VIA-00178,2026-08-02 16:18:00,2026-08-03 03:18:00,AJUSTE,
VIA-00402,2026-08-02 16:41:00,2026-08-03 03:41:00,AJUSTE,
VIA-00144,2026-08-02 17:20:00,2026-08-03 04:20:00,AJUSTE,
VIA-01027,2026-08-02 17:51:00,2026-08-03 04:21:00,AJUSTE,
VIA-01173,2026-08-02 18:47:00,2026-08-03 05:47:00,AJUSTE,
VIA-00870,2026-08-02 18:57:00,2026-08-03 05:57:00,AJUSTE,
VIA-00548,2026-08-02 19:09:00,2026-08-03 06:09:00,AJUSTE,
VIA-00004,2026-08-02 19:25:00,2026-08-03 06:25:00,AJUSTE,
VIA-00528,2026-08-02 19:45:00,2026-08-03 06:45:00,AJUSTE,
VIA-01084,2026-08-02 19:51:00,2026-08-03 06:51:00,AJUSTE,
VIA-00963,2026-08-02 20:08:00,2026-08-03 07:08:00,AJUSTE,
VIA-00231,2026-08-02 20:27:00,2026-08-03 07:27:00,AJUSTE,
VIA-00260,2026-08-02 21:04:00,2026-08-03 08:04:00,AJUSTE,
VIA-00823,2026-08-02 22:34:00,2026-08-03 09:34:00,AJUSTE,
VIA-00309,2026-08-02 22:57:00,2026-08-03 09:57:00,AJUSTE,
VIA-00638,2026-08-03 00:00:00,2026-08-03 11:00:00,AJUSTE,
VIA-00210,2026-08-03 00:37:00,2026-08-03 11:37:00,AJUSTE,
VIA-00595,2026-08-03 01:07:00,2026-08-03 12:07:00,AJUSTE,
VIA-00819,2026-08-03 02:02:00,2026-08-03 13:02:00,AJUSTE,
VIA-01108,2026-08-03 02:51:00,2026-08-03 13:51:00,AJUSTE,
VIA-01164,2026-08-03 03:15:00,2026-08-03 13:45:00,AJUSTE,
VIA-00146,2026-08-03 03:40:00,2026-08-03 14:40:00,AJUSTE,
VIA-00864,2026-08-03 03:48:00,2026-08-03 14:48:00,AJUSTE,
VIA-00590,2026-08-03 04:44:00,2026-08-03 15:44:00,AJUSTE,
VIA-00886,2026-08-03 05:38:00,2026-08-03 16:38:00,AJUSTE,
VIA-00598,2026-08-03 06:00:00,2026-08-03 17:00:00,AJUSTE,
VIA-01025,2026-08-03 07:03:00,2026-08-03 18:03:00,AJUSTE,
VIA-00430,2026-08-03 08:12:00,2026-08-03 19:12:00,AJUSTE,
VIA-00294,2026-08-03 08:16:00,2026-08-03 19:16:00,AJUSTE,
VIA-00480,2026-08-03 08:51:00,2026-08-03 19:51:00,AJUSTE,
VIA-00170,2026-08-03 09:07:00,2026-08-03 20:07:00,AJUSTE,
VIA-00420,2026-08-03 10:21:00,2026-08-03 20:51:00,AJUSTE,
VIA-00312,2026-08-03 12:00:00,2026-08-03 23:00:00,AJUSTE,
VIA-00785,2026-08-03 12:48:00,2026-08-03 23:48:00,AJUSTE,
VIA-00478,2026-08-03 12:56:00,2026-08-03 23:56:00,AJUSTE,
VIA-00730,2026-08-03 13:01:00,2026-08-04 00:01:00,AJUSTE,
VIA-00738,2026-08-03 13:27:00,2026-08-04 00:27:00,AJUSTE,
VIA-00164,2026-08-03 14:26:00,2026-08-04 01:26:00,AJUSTE,
VIA-01113,2026-08-03 14:35:00,2026-08-04 01:35:00,AJUSTE,
VIA-00426,2026-08-03 14:59:00,2026-08-04 01:59:00,AJUSTE,
VIA-01124,2026-08-03 15:02:00,2026-08-04 02:02:00,AJUSTE,
VIA-00449,2026-08-03 15:25:00,2026-08-04 02:25:00,AJUSTE,
VIA-00731,2026-08-03 15:25:00,2026-08-04 02:25:00,AJUSTE,
VIA-00513,2026-08-03 16:22:00,2026-08-04 03:22:00,AJUSTE,
VIA-00512,2026-08-03 16:43:00,2026-08-04 03:43:00,AJUSTE,
VIA-00767,2026-08-03 17:23:00,2026-08-04 04:23:00,AJUSTE,
VIA-00208,2026-08-03 17:46:00,2026-08-04 04:46:00,AJUSTE,
VIA-00207,2026-08-03 18:34:00,2026-08-04 05:34:00,AJUSTE,
VIA-00896,2026-08-03 19:11:00,2026-08-04 06:11:00,AJUSTE,
VIA-00400,2026-08-03 20:12:00,2026-08-04 07:12:00,AJUSTE,
VIA-00417,2026-08-03 20:40:00,2026-08-04 07:40:00,AJUSTE,
VIA-00123,2026-08-03 20:47:00,2026-08-04 07:47:00,AJUSTE,
VIA-00652,2026-08-03 21:14:00,2026-08-04 08:14:00,AJUSTE,
VIA-00699,2026-08-03 21:53:00,2026-08-04 08:53:00,AJUSTE,
VIA-00008,2026-08-03 22:24:00,2026-08-04 09:24:00,AJUSTE,
VIA-00396,2026-08-03 23:19:00,2026-08-04 10:19:00,AJUSTE,
VIA-00350,2026-08-03 23:36:00,2026-08-04 10:36:00,AJUSTE,
VIA-00637,2026-08-04 00:13:00,2026-08-04 11:13:00,AJUSTE,
VIA-01121,2026-08-04 02:08:00,2026-08-04 13:08:00,AJUSTE,
VIA-00117,2026-08-04 02:19:00,2026-08-04 13:19:00,AJUSTE,
VIA-00749,2026-08-04 02:51:00,2026-08-04 13:51:00,AJUSTE,
VIA-00765,2026-08-04 03:11:00,2026-08-04 14:11:00,AJUSTE,
VIA-00694,2026-08-04 03:40:00,2026-08-04 14:40:00,AJUSTE,
VIA-01188,2026-08-04 03:54:00,2026-08-04 14:54:00,AJUSTE,
VIA-00890,2026-08-04 05:54:00,2026-08-04 16:54:00,AJUSTE,
VIA-01136,2026-08-04 06:27:00,2026-08-04 17:27:00,AJUSTE,
VIA-00359,2026-08-04 06:36:00,2026-08-04 17:36:00,AJUSTE,
VIA-00751,2026-08-04 06:52:00,2026-08-04 17:52:00,AJUSTE,
VIA-00458,2026-08-04 06:54:00,2026-08-04 17:54:00,AJUSTE,
VIA-00793,2026-08-04 08:03:00,2026-08-04 19:03:00,AJUSTE,
VIA-01150,2026-08-04 08:22:00,2026-08-04 19:22:00,AJUSTE,
VIA-00135,2026-08-04 08:56:00,2026-08-04 19:56:00,AJUSTE,
VIA-00873,2026-08-04 08:57:00,2026-08-04 19:57:00,AJUSTE,
VIA-00357,2026-08-04 12:26:00,2026-08-04 23:26:00,AJUSTE,
VIA-01097,2026-08-04 12:38:00,2026-08-04 23:38:00,AJUSTE,
VIA-00416,2026-08-04 12:49:00,2026-08-04 23:49:00,AJUSTE,
VIA-00607,2026-08-04 13:29:00,2026-08-05 00:29:00,AJUSTE,
VIA-00985,2026-08-04 13:49:00,2026-08-05 00:49:00,AJUSTE,
VIA-00729,2026-08-04 15:06:00,2026-08-05 02:06:00,AJUSTE,
VIA-00477,2026-08-04 15:10:00,2026-08-05 02:10:00,AJUSTE,
VIA-00550,2026-08-04 15:11:00,2026-08-05 02:11:00,AJUSTE,
VIA-01177,2026-08-04 18:01:00,2026-08-05 05:01:00,AJUSTE,
VIA-00903,2026-08-04 18:18:00,2026-08-05 05:18:00,AJUSTE,
VIA-00374,2026-08-04 18:31:00,2026-08-05 05:31:00,AJUSTE,
VIA-00918,2026-08-04 18:35:00,2026-08-05 05:35:00,AJUSTE,
VIA-00351,2026-08-04 20:16:00,2026-08-05 07:16:00,AJUSTE,
VIA-00954,2026-08-04 20:23:00,2026-08-05 07:23:00,AJUSTE,
VIA-01133,2026-08-04 22:36:00,2026-08-05 09:36:00,AJUSTE,
VIA-00672,2026-08-04 23:29:00,2026-08-05 10:29:00,AJUSTE,
VIA-00913,2026-08-04 23:42:00,2026-08-05 10:42:00,AJUSTE,
VIA-00306,2026-08-05 00:12:00,2026-08-05 11:12:00,AJUSTE,
VIA-00182,2026-08-05 00:27:00,2026-08-05 11:27:00,AJUSTE,
VIA-00418,2026-08-05 02:02:00,2026-08-05 13:02:00,AJUSTE,
VIA-00737,2026-08-05 02:09:00,2026-08-05 13:09:00,AJUSTE,
VIA-00893,2026-08-05 02:47:00,2026-08-05 13:17:00,AJUSTE,
VIA-00534,2026-08-05 02:50:00,2026-08-05 13:50:00,AJUSTE,
VIA-00830,2026-08-05 04:31:00,2026-08-05 15:31:00,AJUSTE,
VIA-00404,2026-08-05 06:26:00,2026-08-05 17:26:00,AJUSTE,
VIA-00311,2026-08-05 06:28:00,2026-08-05 17:28:00,AJUSTE,
VIA-01029,2026-08-05 06:49:00,2026-08-05 17:49:00,AJUSTE,
VIA-00600,2026-08-05 07:46:00,2026-08-05 18:46:00,AJUSTE,
VIA-00926,2026-08-05 09:00:00,2026-08-05 20:00:00,AJUSTE,
VIA-00566,2026-08-05 09:02:00,2026-08-05 20:02:00,AJUSTE,
VIA-00813,2026-08-05 09:38:00,2026-08-05 20:38:00,AJUSTE,
VIA-00121,2026-08-05 10:06:00,2026-08-05 21:06:00,AJUSTE,
VIA-00367,2026-08-05 10:08:00,2026-08-05 21:08:00,AJUSTE,
VIA-00529,2026-08-05 10:45:00,2026-08-05 21:45:00,AJUSTE,
VIA-00980,2026-08-05 11:02:00,2026-08-05 22:02:00,AJUSTE,
VIA-01153,2026-08-05 11:33:00,2026-08-05 22:33:00,AJUSTE,
VIA-00524,2026-08-05 12:15:00,2026-08-05 23:15:00,AJUSTE,
VIA-00569,2026-08-05 12:57:00,2026-08-05 23:57:00,AJUSTE,
VIA-01181,2026-08-05 13:21:00,2026-08-06 00:21:00,AJUSTE,
VIA-00105,2026-08-05 13:43:00,2026-08-06 00:43:00,AJUSTE,
VIA-01145,2026-08-05 14:04:00,2026-08-06 01:04:00,AJUSTE,
VIA-00936,2026-08-05 14:28:00,2026-08-06 01:28:00,AJUSTE,
VIA-00640,2026-08-05 14:29:00,2026-08-06 01:29:00,AJUSTE,
VIA-01165,2026-08-05 15:16:00,2026-08-06 02:16:00,AJUSTE,
VIA-01010,2026-08-05 15:23:00,2026-08-06 02:23:00,AJUSTE,
VIA-01043,2026-08-05 15:30:00,2026-08-06 02:30:00,AJUSTE,
VIA-00650,2026-08-05 15:33:00,2026-08-06 02:33:00,AJUSTE,
VIA-00912,2026-08-05 16:35:00,2026-08-06 03:35:00,AJUSTE,
VIA-00100,2026-08-05 17:01:00,2026-08-06 04:01:00,AJUSTE,
VIA-00668,2026-08-05 17:13:00,2026-08-06 04:13:00,AJUSTE,
VIA-00482,2026-08-05 18:20:00,2026-08-06 05:20:00,AJUSTE,
VIA-00336,2026-08-05 19:03:00,2026-08-06 06:03:00,AJUSTE,
VIA-00388,2026-08-05 19:07:00,2026-08-06 06:07:00,AJUSTE,
VIA-00779,2026-08-05 19:15:00,2026-08-06 06:15:00,AJUSTE,
VIA-01154,2026-08-05 19:32:00,2026-08-06 06:32:00,AJUSTE,
VIA-01143,2026-08-05 22:01:00,2026-08-06 09:01:00,AJUSTE,
VIA-00625,2026-08-05 23:07:00,2026-08-06 10:07:00,AJUSTE,
VIA-00363,2026-08-05 23:41:00,2026-08-06 10:41:00,AJUSTE,
VIA-00617,2026-08-06 00:31:00,2026-08-06 11:31:00,AJUSTE,
VIA-00273,2026-08-06 00:32:00,2026-08-06 11:32:00,AJUSTE,
VIA-00360,2026-08-06 00:41:00,2026-08-06 11:41:00,AJUSTE,
VIA-00445,2026-08-06 01:15:00,2026-08-06 12:15:00,AJUSTE,
VIA-00613,2026-08-06 01:44:00,2026-08-06 12:44:00,AJUSTE,
VIA-01179,2026-08-06 02:02:00,2026-08-06 13:02:00,AJUSTE,
VIA-00762,2026-08-06 03:29:00,2026-08-06 14:29:00,AJUSTE,
VIA-01090,2026-08-06 04:08:00,2026-08-06 15:08:00,AJUSTE,
VIA-00435,2026-08-06 04:34:00,2026-08-06 15:34:00,AJUSTE,
VIA-00051,2026-08-06 04:54:00,2026-08-06 15:54:00,AJUSTE,
VIA-00329,2026-08-06 05:01:00,2026-08-06 16:01:00,AJUSTE,
VIA-00671,2026-08-06 07:31:00,2026-08-06 18:31:00,AJUSTE,
VIA-00456,2026-08-06 08:04:00,2026-08-06 19:04:00,AJUSTE,
VIA-00992,2026-08-06 08:33:00,2026-08-06 19:33:00,AJUSTE,
VIA-00691,2026-08-06 09:22:00,2026-08-06 20:22:00,AJUSTE,
VIA-00679,2026-08-06 09:24:00,2026-08-06 20:24:00,AJUSTE,
VIA-00251,2026-08-06 09:55:00,2026-08-06 20:55:00,AJUSTE,
VIA-01125,2026-08-06 10:16:00,2026-08-06 21:16:00,AJUSTE,
VIA-00986,2026-08-06 10:58:00,2026-08-06 21:58:00,AJUSTE,
VIA-00134,2026-08-06 12:08:00,2026-08-06 23:08:00,AJUSTE,
VIA-01187,2026-08-06 12:50:00,2026-08-06 23:50:00,AJUSTE,
VIA-00611,2026-08-06 13:20:00,2026-08-07 00:20:00,AJUSTE,
VIA-01171,2026-08-06 14:34:00,2026-08-07 01:34:00,AJUSTE,
VIA-01126,2026-08-06 15:17:00,2026-08-07 02:17:00,AJUSTE,
VIA-00504,2026-08-06 16:04:00,2026-08-07 03:04:00,AJUSTE,
VIA-00187,2026-08-06 17:52:00,2026-08-07 04:52:00,AJUSTE,
VIA-00760,2026-08-06 17:53:00,2026-08-07 04:53:00,AJUSTE,
VIA-00542,2026-08-06 18:29:00,2026-08-07 05:29:00,AJUSTE,
VIA-00005,2026-08-06 18:41:00,2026-08-07 05:41:00,AJUSTE,
VIA-01141,2026-08-06 18:53:00,2026-08-07 05:53:00,AJUSTE,
VIA-00078,2026-08-06 19:24:00,2026-08-07 06:24:00,AJUSTE,
VIA-00461,2026-08-06 19:30:00,2026-08-07 06:30:00,AJUSTE,
VIA-00604,2026-08-06 20:58:00,2026-08-07 07:58:00,AJUSTE,
VIA-00675,2026-08-06 21:02:00,2026-08-07 08:02:00,AJUSTE,
VIA-01012,2026-08-06 21:33:00,2026-08-07 08:33:00,AJUSTE,
VIA-00463,2026-08-06 22:55:00,2026-08-07 09:55:00,AJUSTE,
VIA-01018,2026-08-06 23:04:00,2026-08-07 10:04:00,AJUSTE,
VIA-00545,2026-08-06 23:11:00,2026-08-07 10:11:00,AJUSTE,
VIA-00531,2026-08-06 23:25:00,2026-08-07 10:25:00,AJUSTE,
VIA-01071,2026-08-07 00:08:00,2026-08-07 11:08:00,AJUSTE,
VIA-00323,2026-08-07 00:26:00,2026-08-07 11:26:00,AJUSTE,
VIA-00040,2026-08-07 01:59:00,2026-08-07 12:59:00,AJUSTE,
VIA-01134,2026-08-07 02:09:00,2026-08-07 13:09:00,AJUSTE,
VIA-01156,2026-08-07 02:14:00,2026-08-07 13:14:00,AJUSTE,
VIA-00303,2026-08-07 02:54:00,2026-08-07 13:54:00,AJUSTE,
VIA-00949,2026-08-07 05:02:00,2026-08-07 16:02:00,AJUSTE,
VIA-00889,2026-08-07 05:11:00,2026-08-07 16:11:00,AJUSTE,
VIA-00042,2026-08-07 05:29:00,2026-08-07 16:29:00,AJUSTE,
VIA-00378,2026-08-07 05:50:00,2026-08-07 16:50:00,AJUSTE,
VIA-00806,2026-08-07 06:18:00,2026-08-07 17:18:00,AJUSTE,
VIA-00651,2026-08-07 07:24:00,2026-08-07 18:24:00,AJUSTE,
VIA-00811,2026-08-07 07:45:00,2026-08-07 18:45:00,AJUSTE,
VIA-00451,2026-08-07 09:41:00,2026-08-07 20:41:00,AJUSTE,
VIA-01155,2026-08-07 10:13:00,2026-08-07 21:13:00,AJUSTE,
VIA-00009,2026-08-07 10:50:00,2026-08-07 21:50:00,AJUSTE,
VIA-01068,2026-08-07 11:58:00,2026-08-07 22:58:00,AJUSTE,
VIA-01061,2026-08-07 12:13:00,2026-08-07 23:13:00,AJUSTE,
VIA-00578,2026-08-07 12:58:00,2026-08-07 23:58:00,AJUSTE,
VIA-00290,2026-08-07 14:08:00,2026-08-08 01:08:00,AJUSTE,
VIA-01127,2026-08-07 14:09:00,2026-08-08 01:09:00,AJUSTE,
VIA-00866,2026-08-07 14:23:00,2026-08-08 01:23:00,AJUSTE,
VIA-01038,2026-08-07 14:27:00,2026-08-08 01:27:00,AJUSTE,
VIA-00685,2026-08-07 14:56:00,2026-08-08 01:56:00,AJUSTE,
VIA-00321,2026-08-07 15:10:00,2026-08-08 01:40:00,AJUSTE,
VIA-00067,2026-08-07 16:10:00,2026-08-08 03:10:00,AJUSTE,
VIA-01162,2026-08-07 16:20:00,2026-08-08 03:20:00,AJUSTE,
VIA-00539,2026-08-07 17:52:00,2026-08-08 04:52:00,AJUSTE,
VIA-00721,2026-08-07 19:57:00,2026-08-08 06:57:00,AJUSTE,
VIA-00842,2026-08-07 20:33:00,2026-08-08 07:33:00,AJUSTE,
VIA-00877,2026-08-07 21:14:00,2026-08-08 08:14:00,AJUSTE,
VIA-00596,2026-08-07 21:46:00,2026-08-08 08:46:00,AJUSTE,
VIA-00406,2026-08-07 22:57:00,2026-08-08 09:57:00,AJUSTE,
VIA-00019,2026-08-07 23:07:00,2026-08-08 10:07:00,AJUSTE,
VIA-00352,2026-08-07 23:09:00,2026-08-08 10:09:00,AJUSTE,
VIA-00790,2026-08-07 23:14:00,2026-08-08 10:14:00,AJUSTE,
VIA-00812,2026-08-08 00:02:00,2026-08-08 11:02:00,AJUSTE,
VIA-00049,2026-08-08 00:14:00,2026-08-08 11:14:00,AJUSTE,
VIA-00674,2026-08-08 01:33:00,2026-08-08 12:33:00,AJUSTE,
VIA-00723,2026-08-08 03:35:00,2026-08-08 14:35:00,AJUSTE,
VIA-00928,2026-08-08 03:52:00,2026-08-08 14:52:00,AJUSTE,
VIA-00971,2026-08-08 04:20:00,2026-08-08 15:20:00,AJUSTE,
VIA-00228,2026-08-08 04:34:00,2026-08-08 15:34:00,AJUSTE,
VIA-00642,2026-08-08 04:47:00,2026-08-08 15:47:00,AJUSTE,
VIA-00878,2026-08-08 05:10:00,2026-08-08 16:10:00,AJUSTE,
VIA-01140,2026-08-08 05:36:00,2026-08-08 16:36:00,AJUSTE,
VIA-01146,2026-08-08 08:22:00,2026-08-08 19:22:00,AJUSTE,
VIA-00975,2026-08-08 09:10:00,2026-08-08 20:10:00,AJUSTE,
VIA-00175,2026-08-08 09:10:00,2026-08-08 20:10:00,AJUSTE,
VIA-00362,2026-08-08 10:23:00,2026-08-08 21:23:00,AJUSTE,
VIA-00407,2026-08-08 11:17:00,2026-08-08 22:17:00,AJUSTE,
VIA-00957,2026-08-08 11:35:00,2026-08-08 22:35:00,AJUSTE,
VIA-00627,2026-08-08 12:12:00,2026-08-08 23:12:00,AJUSTE,
VIA-00343,2026-08-08 12:30:00,2026-08-08 23:00:00,AJUSTE,
VIA-00984,2026-08-08 12:52:00,2026-08-08 23:52:00,AJUSTE,
VIA-00826,2026-08-08 13:33:00,2026-08-09 00:33:00,AJUSTE,
VIA-00168,2026-08-08 14:20:00,2026-08-09 01:20:00,AJUSTE,
VIA-00724,2026-08-08 14:39:00,2026-08-09 01:39:00,AJUSTE,
VIA-00345,2026-08-08 15:10:00,2026-08-09 02:10:00,AJUSTE,
VIA-00476,2026-08-08 16:31:00,2026-08-09 03:31:00,AJUSTE,
VIA-00446,2026-08-08 16:43:00,2026-08-09 03:43:00,AJUSTE,
VIA-00665,2026-08-08 16:59:00,2026-08-09 03:59:00,AJUSTE,
VIA-00844,2026-08-08 16:59:00,2026-08-09 03:59:00,AJUSTE,
VIA-01015,2026-08-08 18:27:00,2026-08-09 05:27:00,AJUSTE,
VIA-00109,2026-08-08 18:28:00,2026-08-09 05:28:00,AJUSTE,
VIA-00788,2026-08-08 18:48:00,2026-08-09 05:48:00,AJUSTE,
VIA-00472,2026-08-08 19:20:00,2026-08-09 06:20:00,AJUSTE,
VIA-00293,2026-08-08 19:35:00,2026-08-09 06:35:00,AJUSTE,
VIA-00375,2026-08-08 19:42:00,2026-08-09 06:42:00,AJUSTE,
VIA-01161,2026-08-08 19:55:00,2026-08-09 06:55:00,AJUSTE,
VIA-00962,2026-08-08 20:13:00,2026-08-09 07:13:00,AJUSTE,
VIA-00628,2026-08-08 21:00:00,2026-08-09 08:00:00,AJUSTE,
VIA-00527,2026-08-08 21:43:00,2026-08-09 08:43:00,AJUSTE,
VIA-00999,2026-08-08 22:42:00,2026-08-09 09:42:00,AJUSTE,
VIA-00626,2026-08-09 00:04:00,2026-08-09 11:04:00,AJUSTE,
VIA-00330,2026-08-09 01:50:00,2026-08-09 12:50:00,AJUSTE,
VIA-00489,2026-08-09 03:31:00,2026-08-09 14:31:00,AJUSTE,
VIA-01123,2026-08-09 03:52:00,2026-08-09 14:52:00,AJUSTE,
VIA-01186,2026-08-09 04:07:00,2026-08-09 15:07:00,AJUSTE,
VIA-00911,2026-08-09 04:15:00,2026-08-09 15:15:00,AJUSTE,
VIA-00072,2026-08-09 04:33:00,2026-08-09 15:33:00,AJUSTE,
VIA-00950,2026-08-09 04:38:00,2026-08-09 15:38:00,AJUSTE,
VIA-00496,2026-08-09 04:59:00,2026-08-09 15:59:00,AJUSTE,
VIA-00643,2026-08-09 05:04:00,2026-08-09 16:04:00,AJUSTE,
VIA-00385,2026-08-09 05:45:00,2026-08-09 16:45:00,AJUSTE,
VIA-00515,2026-08-09 05:46:00,2026-08-09 16:46:00,AJUSTE,
VIA-00924,2026-08-09 06:00:00,2026-08-09 17:00:00,AJUSTE,
VIA-00341,2026-08-09 06:07:00,2026-08-09 17:07:00,AJUSTE,
VIA-00232,2026-08-09 06:10:00,2026-08-09 17:10:00,AJUSTE,
VIA-00139,2026-08-09 06:20:00,2026-08-09 17:20:00,AJUSTE,
VIA-00976,2026-08-09 06:53:00,2026-08-09 17:53:00,AJUSTE,
VIA-00226,2026-08-09 07:31:00,2026-08-09 18:31:00,AJUSTE,
VIA-00486,2026-08-09 07:32:00,2026-08-09 18:32:00,AJUSTE,
VIA-00746,2026-08-09 08:06:00,2026-08-09 19:06:00,AJUSTE,
VIA-00200,2026-08-09 08:20:00,2026-08-09 19:20:00,AJUSTE,
VIA-00929,2026-08-09 09:36:00,2026-08-09 20:36:00,AJUSTE,
VIA-00081,2026-08-09 10:19:00,2026-08-09 21:19:00,AJUSTE,
VIA-00462,2026-08-09 11:36:00,2026-08-09 22:36:00,AJUSTE,
VIA-00902,2026-08-09 12:35:00,2026-08-09 23:35:00,AJUSTE,
VIA-00292,2026-08-09 13:18:00,2026-08-10 00:18:00,AJUSTE,
VIA-00581,2026-08-09 13:23:00,2026-08-10 00:23:00,AJUSTE,
VIA-00495,2026-08-09 13:40:00,2026-08-10 00:40:00,AJUSTE,
VIA-00636,2026-08-09 15:24:00,2026-08-10 02:24:00,AJUSTE,
VIA-00635,2026-08-09 16:00:00,2026-08-10 03:00:00,AJUSTE,
VIA-00053,2026-08-09 16:54:00,2026-08-10 03:54:00,AJUSTE,
VIA-00857,2026-08-09 17:08:00,2026-08-10 04:08:00,AJUSTE,
VIA-00507,2026-08-09 17:32:00,2026-08-10 04:32:00,AJUSTE,
VIA-00898,2026-08-09 18:05:00,2026-08-10 05:05:00,AJUSTE,
VIA-00660,2026-08-09 19:04:00,2026-08-10 06:04:00,AJUSTE,
VIA-00141,2026-08-09 19:10:00,2026-08-10 06:10:00,AJUSTE,
VIA-00533,2026-08-09 20:15:00,2026-08-10 07:15:00,AJUSTE,
VIA-01095,2026-08-09 21:41:00,2026-08-10 08:41:00,AJUSTE,
VIA-00683,2026-08-09 21:46:00,2026-08-10 08:46:00,AJUSTE,
VIA-00065,2026-08-09 21:56:00,2026-08-10 08:56:00,AJUSTE,
VIA-00905,2026-08-09 22:05:00,2026-08-10 09:05:00,AJUSTE,
VIA-00907,2026-08-09 22:21:00,2026-08-10 09:21:00,AJUSTE,
VIA-00941,2026-08-09 22:33:00,2026-08-10 09:33:00,AJUSTE,
VIA-00880,2026-08-09 23:22:00,2026-08-10 10:22:00,AJUSTE,
VIA-00871,2026-08-10 00:33:00,2026-08-10 11:33:00,AJUSTE,
VIA-00834,2026-08-10 00:37:00,2026-08-10 11:37:00,AJUSTE,
VIA-01075,2026-08-10 01:21:00,2026-08-10 12:21:00,AJUSTE,
VIA-00474,2026-08-10 01:36:00,2026-08-10 12:36:00,AJUSTE,
VIA-00995,2026-08-10 01:43:00,2026-08-10 12:43:00,AJUSTE,
VIA-00245,2026-08-10 02:29:00,2026-08-10 13:29:00,AJUSTE,
VIA-00468,2026-08-10 02:46:00,2026-08-10 13:46:00,AJUSTE,
VIA-00540,2026-08-10 02:51:00,2026-08-10 13:51:00,AJUSTE,
VIA-00041,2026-08-10 03:33:00,2026-08-10 14:33:00,AJUSTE,
VIA-00126,2026-08-10 03:46:00,2026-08-10 14:46:00,AJUSTE,
VIA-00439,2026-08-10 04:53:00,2026-08-10 15:53:00,AJUSTE,
VIA-00591,2026-08-10 06:59:00,2026-08-10 17:59:00,AJUSTE,
VIA-00423,2026-08-10 07:02:00,2026-08-10 18:02:00,AJUSTE,
VIA-00701,2026-08-10 07:50:00,2026-08-10 18:50:00,AJUSTE,
VIA-00558,2026-08-10 10:23:00,2026-08-10 21:23:00,AJUSTE,
VIA-00236,2026-08-10 11:07:00,2026-08-10 22:07:00,AJUSTE,
VIA-00176,2026-08-10 11:36:00,2026-08-10 22:36:00,AJUSTE,
VIA-01094,2026-08-10 11:49:00,2026-08-10 22:49:00,AJUSTE,
VIA-01142,2026-08-10 12:35:00,2026-08-10 23:35:00,AJUSTE,
VIA-00568,2026-08-10 13:11:00,2026-08-11 00:11:00,AJUSTE,
VIA-00111,2026-08-10 14:31:00,2026-08-11 01:31:00,AJUSTE,
VIA-00586,2026-08-10 14:55:00,2026-08-11 01:55:00,AJUSTE,
VIA-00086,2026-08-10 16:45:00,2026-08-11 03:45:00,AJUSTE,
VIA-01107,2026-08-10 17:19:00,2026-08-11 04:19:00,AJUSTE,
VIA-00391,2026-08-10 18:17:00,2026-08-11 05:17:00,AJUSTE,
VIA-00393,2026-08-10 18:30:00,2026-08-11 05:30:00,AJUSTE,
VIA-01065,2026-08-10 18:37:00,2026-08-11 05:37:00,AJUSTE,
VIA-01120,2026-08-10 18:48:00,2026-08-11 05:48:00,AJUSTE,
VIA-00254,2026-08-10 19:05:00,2026-08-11 06:05:00,AJUSTE,
VIA-00759,2026-08-10 19:22:00,2026-08-11 06:22:00,AJUSTE,
VIA-01083,2026-08-10 19:31:00,2026-08-11 06:31:00,AJUSTE,
VIA-00246,2026-08-10 20:14:00,2026-08-11 07:14:00,AJUSTE,
VIA-01151,2026-08-10 20:58:00,2026-08-11 07:58:00,AJUSTE,
VIA-00510,2026-08-10 22:11:00,2026-08-11 09:11:00,AJUSTE,
VIA-01007,2026-08-10 22:24:00,2026-08-11 09:24:00,AJUSTE,
VIA-00735,2026-08-10 22:37:00,2026-08-11 09:37:00,AJUSTE,
VIA-00484,2026-08-10 23:32:00,2026-08-11 10:32:00,AJUSTE,
VIA-01033,2026-08-10 23:58:00,2026-08-11 10:58:00,AJUSTE,
VIA-00370,2026-08-11 01:57:00,2026-08-11 12:57:00,AJUSTE,
VIA-00066,2026-08-11 02:20:00,2026-08-11 13:20:00,AJUSTE,
VIA-00570,2026-08-11 03:28:00,2026-08-11 14:28:00,AJUSTE,
VIA-00754,2026-08-11 03:30:00,2026-08-11 14:30:00,AJUSTE,
VIA-00143,2026-08-11 05:01:00,2026-08-11 16:01:00,AJUSTE,
VIA-00741,2026-08-11 05:12:00,2026-08-11 16:12:00,AJUSTE,
VIA-00647,2026-08-11 05:39:00,2026-08-11 16:39:00,AJUSTE,
VIA-00403,2026-08-11 05:42:00,2026-08-11 16:42:00,AJUSTE,
VIA-00075,2026-08-11 05:59:00,2026-08-11 16:59:00,AJUSTE,
VIA-00501,2026-08-11 06:12:00,2026-08-11 17:12:00,AJUSTE,
VIA-00167,2026-08-11 06:21:00,2026-08-11 17:21:00,AJUSTE,
VIA-00334,2026-08-11 06:39:00,2026-08-11 17:39:00,AJUSTE,
VIA-00901,2026-08-11 06:51:00,2026-08-11 17:51:00,AJUSTE,
VIA-00505,2026-08-11 08:08:00,2026-08-11 18:38:00,AJUSTE,
VIA-00680,2026-08-11 08:56:00,2026-08-11 19:56:00,AJUSTE,
VIA-00509,2026-08-11 09:03:00,2026-08-11 20:03:00,AJUSTE,
VIA-00415,2026-08-11 09:08:00,2026-08-11 20:08:00,AJUSTE,
VIA-00297,2026-08-11 11:05:00,2026-08-11 22:05:00,AJUSTE,
VIA-00084,2026-08-11 11:18:00,2026-08-11 22:18:00,AJUSTE,
VIA-00006,2026-08-11 11:27:00,2026-08-11 21:57:00,AJUSTE,
VIA-01099,2026-08-11 12:02:00,2026-08-11 22:32:00,AJUSTE,
VIA-00521,2026-08-11 12:44:00,2026-08-11 23:44:00,AJUSTE,
VIA-00001,2026-08-11 14:11:00,2026-08-12 01:11:00,AJUSTE,
VIA-01082,2026-08-11 14:28:00,2026-08-12 01:28:00,AJUSTE,
VIA-00498,2026-08-11 14:53:00,2026-08-12 01:53:00,AJUSTE,
VIA-01119,2026-08-11 15:40:00,2026-08-12 02:40:00,AJUSTE,
VIA-00720,2026-08-11 16:45:00,2026-08-12 03:45:00,AJUSTE,
VIA-00538,2026-08-11 18:29:00,2026-08-12 05:29:00,AJUSTE,
VIA-00488,2026-08-11 19:09:00,2026-08-12 06:09:00,AJUSTE,
VIA-00854,2026-08-11 19:38:00,2026-08-12 06:38:00,AJUSTE,
VIA-00317,2026-08-11 19:57:00,2026-08-12 06:57:00,AJUSTE,
VIA-00243,2026-08-11 22:06:00,2026-08-12 09:06:00,AJUSTE,
VIA-00838,2026-08-11 22:45:00,2026-08-12 09:45:00,AJUSTE,
VIA-00654,2026-08-11 22:50:00,2026-08-12 09:50:00,AJUSTE,
VIA-00552,2026-08-11 23:17:00,2026-08-12 10:17:00,AJUSTE,
VIA-00376,2026-08-11 23:38:00,2026-08-12 10:38:00,AJUSTE,
VIA-01011,2026-08-12 00:18:00,2026-08-12 11:18:00,AJUSTE,
VIA-00943,2026-08-12 00:34:00,2026-08-12 11:34:00,AJUSTE,
VIA-00127,2026-08-12 01:43:00,2026-08-12 12:43:00,AJUSTE,
VIA-00587,2026-08-12 02:05:00,2026-08-12 13:05:00,AJUSTE,
VIA-00662,2026-08-12 02:44:00,2026-08-12 13:44:00,AJUSTE,
VIA-00523,2026-08-12 03:26:00,2026-08-12 14:26:00,AJUSTE,
VIA-00299,2026-08-12 03:29:00,2026-08-12 14:29:00,AJUSTE,
VIA-00709,2026-08-12 03:58:00,2026-08-12 14:58:00,AJUSTE,
VIA-00594,2026-08-12 04:13:00,2026-08-12 15:13:00,AJUSTE,
VIA-00088,2026-08-12 04:18:00,2026-08-12 15:18:00,AJUSTE,
VIA-00280,2026-08-12 04:20:00,2026-08-12 15:20:00,AJUSTE,
VIA-00938,2026-08-12 04:36:00,2026-08-12 15:36:00,AJUSTE,
VIA-00947,2026-08-12 04:37:00,2026-08-12 15:37:00,AJUSTE,
VIA-01017,2026-08-12 05:35:00,2026-08-12 16:35:00,AJUSTE,
VIA-00083,2026-08-12 06:22:00,2026-08-12 17:22:00,AJUSTE,
VIA-00584,2026-08-12 06:32:00,2026-08-12 17:32:00,AJUSTE,
VIA-00979,2026-08-12 07:05:00,2026-08-12 18:05:00,AJUSTE,
VIA-00240,2026-08-12 07:08:00,2026-08-12 18:08:00,AJUSTE,
VIA-00401,2026-08-12 07:31:00,2026-08-12 18:31:00,AJUSTE,
VIA-00076,2026-08-12 07:32:00,2026-08-12 18:32:00,AJUSTE,
VIA-00814,2026-08-12 08:09:00,2026-08-12 19:09:00,AJUSTE,
VIA-00326,2026-08-12 08:24:00,2026-08-12 19:24:00,AJUSTE,
VIA-00262,2026-08-12 09:37:00,2026-08-12 20:37:00,AJUSTE,
VIA-01019,2026-08-12 09:56:00,2026-08-12 20:56:00,AJUSTE,
VIA-00079,2026-08-12 11:45:00,2026-08-12 22:45:00,AJUSTE,
VIA-00541,2026-08-12 11:52:00,2026-08-12 22:52:00,AJUSTE,
VIA-00454,2026-08-12 12:05:00,2026-08-12 23:05:00,AJUSTE,
VIA-00715,2026-08-12 12:42:00,2026-08-12 23:42:00,AJUSTE,
VIA-00115,2026-08-12 12:44:00,2026-08-12 23:44:00,AJUSTE,
VIA-00217,2026-08-12 12:57:00,2026-08-12 23:57:00,AJUSTE,
VIA-00030,2026-08-12 15:03:00,2026-08-13 02:03:00,AJUSTE,
VIA-00563,2026-08-12 15:23:00,2026-08-13 02:23:00,AJUSTE,
VIA-01182,2026-08-12 15:33:00,2026-08-13 02:33:00,AJUSTE,
VIA-00786,2026-08-12 15:33:00,2026-08-13 02:33:00,AJUSTE,
VIA-00612,2026-08-12 16:12:00,2026-08-13 03:12:00,AJUSTE,
VIA-00277,2026-08-12 16:27:00,2026-08-13 03:27:00,AJUSTE,
VIA-00450,2026-08-12 16:50:00,2026-08-13 03:50:00,AJUSTE,
VIA-00481,2026-08-12 16:53:00,2026-08-13 03:53:00,AJUSTE,
VIA-01132,2026-08-12 17:21:00,2026-08-13 04:21:00,AJUSTE,
VIA-00257,2026-08-12 17:21:00,2026-08-13 04:21:00,AJUSTE,
VIA-00641,2026-08-12 17:22:00,2026-08-13 04:22:00,AJUSTE,
VIA-00544,2026-08-12 17:23:00,2026-08-13 04:23:00,AJUSTE,
VIA-00711,2026-08-12 17:42:00,2026-08-13 04:42:00,AJUSTE,
VIA-00085,2026-08-12 18:55:00,2026-08-13 05:55:00,AJUSTE,
VIA-00833,2026-08-12 18:57:00,2026-08-13 05:57:00,AJUSTE,
VIA-00953,2026-08-12 19:45:00,2026-08-13 06:45:00,AJUSTE,
VIA-01106,2026-08-12 21:04:00,2026-08-13 08:04:00,AJUSTE,
VIA-00955,2026-08-12 22:27:00,2026-08-13 09:27:00,AJUSTE,
VIA-00667,2026-08-12 22:49:00,2026-08-13 09:49:00,AJUSTE,
VIA-00002,2026-08-12 23:30:00,2026-08-13 10:30:00,AJUSTE,
VIA-00188,2026-08-12 23:35:00,2026-08-13 10:35:00,AJUSTE,
VIA-00798,2026-08-12 23:37:00,2026-08-13 10:37:00,AJUSTE,
VIA-00835,2026-08-13 00:53:00,2026-08-13 11:23:00,AJUSTE,
VIA-00263,2026-08-13 05:18:00,2026-08-13 16:18:00,AJUSTE,
VIA-00010,2026-08-13 05:22:00,2026-08-13 16:22:00,AJUSTE,
VIA-00958,2026-08-13 06:26:00,2026-08-13 17:26:00,AJUSTE,
VIA-01199,2026-08-13 08:20:00,2026-08-13 19:20:00,AJUSTE,
VIA-00453,2026-08-13 08:22:00,2026-08-13 19:22:00,AJUSTE,
VIA-00769,2026-08-13 09:13:00,2026-08-13 20:13:00,AJUSTE,
VIA-00948,2026-08-13 09:40:00,2026-08-13 20:40:00,AJUSTE,
VIA-00490,2026-08-13 10:24:00,2026-08-13 21:24:00,AJUSTE,
VIA-00899,2026-08-13 12:00:00,2026-08-13 23:00:00,AJUSTE,
VIA-00900,2026-08-13 12:03:00,2026-08-13 23:03:00,AJUSTE,
VIA-00728,2026-08-13 14:08:00,2026-08-14 01:08:00,AJUSTE,
VIA-00840,2026-08-13 14:50:00,2026-08-14 01:50:00,AJUSTE,
VIA-00804,2026-08-13 14:51:00,2026-08-14 01:51:00,AJUSTE,
VIA-00708,2026-08-13 14:52:00,2026-08-14 01:52:00,AJUSTE,
VIA-00851,2026-08-13 15:27:00,2026-08-14 02:27:00,AJUSTE,
VIA-00634,2026-08-13 16:23:00,2026-08-14 03:23:00,AJUSTE,
VIA-00071,2026-08-13 16:26:00,2026-08-14 03:26:00,AJUSTE,
VIA-00727,2026-08-13 16:30:00,2026-08-14 03:30:00,AJUSTE,
VIA-00972,2026-08-13 17:03:00,2026-08-14 04:03:00,AJUSTE,
VIA-01028,2026-08-13 17:36:00,2026-08-14 04:36:00,AJUSTE,
VIA-00025,2026-08-13 17:51:00,2026-08-14 04:51:00,AJUSTE,
VIA-00935,2026-08-13 18:33:00,2026-08-14 05:33:00,AJUSTE,
VIA-00252,2026-08-13 18:52:00,2026-08-14 05:52:00,AJUSTE,
VIA-00431,2026-08-13 18:53:00,2026-08-14 05:53:00,AJUSTE,
VIA-00933,2026-08-13 19:37:00,2026-08-14 06:37:00,AJUSTE,
VIA-00466,2026-08-13 19:55:00,2026-08-14 06:55:00,AJUSTE,
VIA-00686,2026-08-13 20:04:00,2026-08-14 07:04:00,AJUSTE,
VIA-00029,2026-08-13 20:42:00,2026-08-14 07:42:00,AJUSTE,
VIA-00267,2026-08-13 21:37:00,2026-08-14 08:37:00,AJUSTE,
VIA-01059,2026-08-13 22:38:00,2026-08-14 09:38:00,AJUSTE,
VIA-00379,2026-08-13 23:56:00,2026-08-14 10:56:00,AJUSTE,
VIA-00939,2026-08-14 00:42:00,2026-08-14 11:42:00,AJUSTE,
VIA-00940,2026-08-14 00:52:00,2026-08-14 11:52:00,AJUSTE,
VIA-00163,2026-08-14 01:17:00,2026-08-14 12:17:00,AJUSTE,
VIA-00867,2026-08-14 02:02:00,2026-08-14 13:02:00,AJUSTE,
VIA-01102,2026-08-14 02:58:00,2026-08-14 13:28:00,AJUSTE,
VIA-00444,2026-08-14 03:07:00,2026-08-14 14:07:00,AJUSTE,
VIA-00872,2026-08-14 03:29:00,2026-08-14 14:29:00,AJUSTE,
VIA-00868,2026-08-14 04:37:00,2026-08-14 15:37:00,AJUSTE,
VIA-00333,2026-08-14 04:42:00,2026-08-14 15:42:00,AJUSTE,
VIA-00339,2026-08-14 04:46:00,2026-08-14 15:46:00,AJUSTE,
VIA-00764,2026-08-14 05:06:00,2026-08-14 16:06:00,AJUSTE,
VIA-00500,2026-08-14 06:01:00,2026-08-14 17:01:00,AJUSTE,
VIA-00155,2026-08-14 06:06:00,2026-08-14 17:06:00,AJUSTE,
VIA-01174,2026-08-14 06:38:00,2026-08-14 17:38:00,AJUSTE,
VIA-00284,2026-08-14 06:45:00,2026-08-14 17:45:00,AJUSTE,
VIA-00707,2026-08-14 07:28:00,2026-08-14 18:28:00,AJUSTE,
VIA-00068,2026-08-14 07:43:00,2026-08-14 18:43:00,AJUSTE,
VIA-00409,2026-08-14 08:19:00,2026-08-14 19:19:00,AJUSTE,
VIA-00202,2026-08-14 08:36:00,2026-08-14 19:36:00,AJUSTE,
VIA-00884,2026-08-14 08:44:00,2026-08-14 19:44:00,AJUSTE,
VIA-00055,2026-08-14 09:33:00,2026-08-14 20:33:00,AJUSTE,
VIA-01122,2026-08-14 10:48:00,2026-08-14 21:48:00,AJUSTE,
VIA-00860,2026-08-14 12:09:00,2026-08-14 23:09:00,AJUSTE,
VIA-01129,2026-08-14 12:31:00,2026-08-14 23:31:00,AJUSTE,
VIA-01131,2026-08-14 12:56:00,2026-08-14 23:56:00,AJUSTE,
VIA-00982,2026-08-14 14:14:00,2026-08-15 01:14:00,AJUSTE,
VIA-00615,2026-08-14 15:08:00,2026-08-15 02:08:00,AJUSTE,
VIA-00845,2026-08-14 15:29:00,2026-08-15 02:29:00,AJUSTE,
VIA-00268,2026-08-14 15:35:00,2026-08-15 02:35:00,AJUSTE,
VIA-00023,2026-08-14 16:18:00,2026-08-15 03:18:00,AJUSTE,
VIA-00077,2026-08-14 17:55:00,2026-08-15 04:55:00,AJUSTE,
VIA-00045,2026-08-14 18:16:00,2026-08-15 05:16:00,AJUSTE,
VIA-00892,2026-08-14 18:37:00,2026-08-15 05:37:00,AJUSTE,
VIA-00271,2026-08-14 18:46:00,2026-08-15 05:46:00,AJUSTE,
VIA-00269,2026-08-14 20:12:00,2026-08-15 07:12:00,AJUSTE,
VIA-00253,2026-08-14 20:28:00,2026-08-15 07:28:00,AJUSTE,
VIA-00152,2026-08-14 21:00:00,2026-08-15 08:00:00,AJUSTE,
VIA-00230,2026-08-14 21:12:00,2026-08-15 08:12:00,AJUSTE,
VIA-00190,2026-08-14 22:33:00,2026-08-15 09:03:00,AJUSTE,
VIA-00419,2026-08-14 22:49:00,2026-08-15 09:49:00,AJUSTE,
VIA-00288,2026-08-15 01:39:00,2026-08-15 12:39:00,AJUSTE,
VIA-00196,2026-08-15 02:22:00,2026-08-15 13:22:00,AJUSTE,
VIA-00358,2026-08-15 02:43:00,2026-08-15 13:43:00,AJUSTE,
VIA-00448,2026-08-15 03:21:00,2026-08-15 14:21:00,AJUSTE,
VIA-00056,2026-08-15 03:26:00,2026-08-15 14:26:00,AJUSTE,
VIA-00783,2026-08-15 03:37:00,2026-08-15 14:37:00,AJUSTE,
VIA-00162,2026-08-15 03:38:00,2026-08-15 14:38:00,AJUSTE,
VIA-01006,2026-08-15 03:45:00,2026-08-15 14:45:00,AJUSTE,
VIA-00967,2026-08-15 03:59:00,2026-08-15 14:59:00,AJUSTE,
VIA-00110,2026-08-15 04:14:00,2026-08-15 15:14:00,AJUSTE,
VIA-01180,2026-08-15 06:30:00,2026-08-15 17:30:00,AJUSTE,
VIA-00996,2026-08-15 06:31:00,2026-08-15 17:31:00,AJUSTE,
VIA-00530,2026-08-15 06:50:00,2026-08-15 17:50:00,AJUSTE,
VIA-00080,2026-08-15 07:24:00,2026-08-15 18:24:00,AJUSTE,
VIA-00384,2026-08-15 08:53:00,2026-08-15 19:23:00,AJUSTE,
VIA-00645,2026-08-15 09:54:00,2026-08-15 20:54:00,AJUSTE,
VIA-00442,2026-08-15 10:01:00,2026-08-15 21:01:00,AJUSTE,
VIA-00467,2026-08-15 10:08:00,2026-08-15 20:38:00,AJUSTE,
VIA-00310,2026-08-15 10:16:00,2026-08-15 21:16:00,AJUSTE,
VIA-00989,2026-08-15 11:29:00,2026-08-15 22:29:00,AJUSTE,
VIA-00289,2026-08-15 12:08:00,2026-08-15 23:08:00,AJUSTE,
VIA-01050,2026-08-15 12:38:00,2026-08-15 23:38:00,AJUSTE,
VIA-00229,2026-08-15 13:31:00,2026-08-16 00:31:00,AJUSTE,
VIA-00807,2026-08-15 14:00:00,2026-08-16 01:00:00,AJUSTE,
VIA-00792,2026-08-15 14:26:00,2026-08-16 01:26:00,AJUSTE,
VIA-00201,2026-08-15 14:43:00,2026-08-16 01:43:00,AJUSTE,
VIA-01034,2026-08-15 15:04:00,2026-08-16 02:04:00,AJUSTE,
VIA-00653,2026-08-15 15:11:00,2026-08-16 02:11:00,AJUSTE,
VIA-00522,2026-08-15 15:51:00,2026-08-16 02:51:00,AJUSTE,
VIA-00102,2026-08-15 16:02:00,2026-08-16 03:02:00,AJUSTE,
VIA-00331,2026-08-15 16:23:00,2026-08-16 03:23:00,AJUSTE,
VIA-00136,2026-08-15 16:45:00,2026-08-16 03:45:00,AJUSTE,
VIA-00646,2026-08-15 17:28:00,2026-08-16 04:28:00,AJUSTE,
VIA-01056,2026-08-15 17:52:00,2026-08-16 04:52:00,AJUSTE,
VIA-00620,2026-08-15 18:10:00,2026-08-16 05:10:00,AJUSTE,
VIA-00781,2026-08-15 18:20:00,2026-08-16 05:20:00,AJUSTE,
VIA-00390,2026-08-15 18:32:00,2026-08-16 05:32:00,AJUSTE,
VIA-00822,2026-08-15 18:40:00,2026-08-16 05:40:00,AJUSTE,
VIA-00142,2026-08-15 18:56:00,2026-08-16 05:56:00,AJUSTE,
VIA-00191,2026-08-15 19:03:00,2026-08-16 06:03:00,AJUSTE,
VIA-00774,2026-08-15 19:34:00,2026-08-16 06:34:00,AJUSTE,
VIA-00013,2026-08-15 19:49:00,2026-08-16 06:49:00,AJUSTE,
VIA-00514,2026-08-15 19:54:00,2026-08-16 06:54:00,AJUSTE,
VIA-00429,2026-08-15 20:03:00,2026-08-16 07:03:00,AJUSTE,
VIA-01022,2026-08-15 20:06:00,2026-08-16 07:06:00,AJUSTE,
VIA-01041,2026-08-15 20:11:00,2026-08-16 07:11:00,AJUSTE,
VIA-01039,2026-08-15 20:17:00,2026-08-16 07:17:00,AJUSTE,
VIA-00140,2026-08-15 20:23:00,2026-08-16 07:23:00,AJUSTE,
VIA-00815,2026-08-15 20:28:00,2026-08-16 07:28:00,AJUSTE,
VIA-00710,2026-08-15 20:50:00,2026-08-16 07:20:00,AJUSTE,
VIA-00661,2026-08-15 20:54:00,2026-08-16 07:54:00,AJUSTE,
VIA-00850,2026-08-15 22:40:00,2026-08-16 09:40:00,AJUSTE,
VIA-00220,2026-08-15 23:10:00,2026-08-16 10:10:00,AJUSTE,
VIA-00165,2026-08-15 23:36:00,2026-08-16 10:36:00,AJUSTE,
VIA-00750,2026-08-15 23:59:00,2026-08-16 10:59:00,AJUSTE,
VIA-00718,2026-08-16 00:15:00,2026-08-16 11:15:00,AJUSTE,
VIA-00560,2026-08-16 00:18:00,2026-08-16 10:48:00,AJUSTE,
VIA-01166,2026-08-16 00:41:00,2026-08-16 11:41:00,AJUSTE,
VIA-00479,2026-08-16 00:54:00,2026-08-16 11:54:00,AJUSTE,
VIA-01111,2026-08-16 01:45:00,2026-08-16 12:45:00,AJUSTE,
VIA-00743,2026-08-16 01:46:00,2026-08-16 12:46:00,AJUSTE,
VIA-01036,2026-08-16 02:08:00,2026-08-16 13:08:00,AJUSTE,
VIA-00241,2026-08-16 03:13:00,2026-08-16 14:13:00,AJUSTE,
VIA-00846,2026-08-16 03:16:00,2026-08-16 14:16:00,AJUSTE,
VIA-01176,2026-08-16 03:17:00,2026-08-16 14:17:00,AJUSTE,
VIA-00841,2026-08-16 03:26:00,2026-08-16 14:26:00,AJUSTE,
VIA-00099,2026-08-16 04:23:00,2026-08-16 15:23:00,AJUSTE,
VIA-01152,2026-08-16 04:36:00,2026-08-16 15:36:00,AJUSTE,
VIA-00497,2026-08-16 04:55:00,2026-08-16 15:55:00,AJUSTE,
VIA-00464,2026-08-16 05:10:00,2026-08-16 16:10:00,AJUSTE,
VIA-00183,2026-08-16 06:08:00,2026-08-16 17:08:00,AJUSTE,
VIA-01175,2026-08-16 06:15:00,2026-08-16 17:15:00,AJUSTE,
VIA-00633,2026-08-16 07:30:00,2026-08-16 18:30:00,AJUSTE,
VIA-00777,2026-08-16 07:53:00,2026-08-16 18:53:00,AJUSTE,
VIA-00961,2026-08-16 08:19:00,2026-08-16 19:19:00,AJUSTE,
VIA-00930,2026-08-16 09:53:00,2026-08-16 20:53:00,AJUSTE,
VIA-00308,2026-08-16 10:21:00,2026-08-16 20:51:00,AJUSTE,
VIA-00716,2026-08-16 11:30:00,2026-08-16 22:30:00,AJUSTE,
VIA-01042,2026-08-16 11:52:00,2026-08-16 22:52:00,AJUSTE,
VIA-00853,2026-08-16 12:36:00,2026-08-16 23:36:00,AJUSTE,
VIA-00398,2026-08-16 12:49:00,2026-08-16 23:49:00,AJUSTE,
VIA-00639,2026-08-16 13:48:00,2026-08-17 00:48:00,AJUSTE,
VIA-00473,2026-08-16 15:05:00,2026-08-17 02:05:00,AJUSTE,
VIA-00649,2026-08-16 15:34:00,2026-08-17 02:34:00,AJUSTE,
VIA-00039,2026-08-16 15:46:00,2026-08-17 02:46:00,AJUSTE,
VIA-00485,2026-08-16 15:57:00,2026-08-17 02:57:00,AJUSTE,
VIA-00744,2026-08-16 16:14:00,2026-08-17 03:14:00,AJUSTE,
VIA-00365,2026-08-16 16:47:00,2026-08-17 03:47:00,AJUSTE,
VIA-01016,2026-08-16 17:08:00,2026-08-17 04:08:00,AJUSTE,
VIA-00733,2026-08-16 18:01:00,2026-08-17 05:01:00,AJUSTE,
VIA-01104,2026-08-16 18:36:00,2026-08-17 05:36:00,AJUSTE,
VIA-00571,2026-08-16 18:44:00,2026-08-17 05:44:00,AJUSTE,
VIA-00848,2026-08-16 18:46:00,2026-08-17 05:46:00,AJUSTE,
VIA-01200,2026-08-16 19:03:00,2026-08-17 06:03:00,AJUSTE,
VIA-00959,2026-08-16 19:55:00,2026-08-17 06:55:00,AJUSTE,
VIA-00988,2026-08-16 20:29:00,2026-08-17 07:29:00,AJUSTE,
VIA-00455,2026-08-16 20:59:00,2026-08-17 07:59:00,AJUSTE,
VIA-00511,2026-08-16 21:11:00,2026-08-17 08:11:00,AJUSTE,
VIA-01170,2026-08-16 21:57:00,2026-08-17 08:57:00,AJUSTE,
VIA-00156,2026-08-16 22:11:00,2026-08-17 09:11:00,AJUSTE,
VIA-00776,2026-08-16 22:31:00,2026-08-17 09:31:00,AJUSTE,
VIA-00438,2026-08-16 23:34:00,2026-08-17 10:34:00,AJUSTE,
VIA-00829,2026-08-16 23:53:00,2026-08-17 10:53:00,AJUSTE,
VIA-00997,2026-08-16 23:56:00,2026-08-17 10:56:00,AJUSTE,
VIA-01088,2026-08-17 00:46:00,2026-08-17 11:46:00,AJUSTE,
VIA-00696,2026-08-17 01:16:00,2026-08-17 12:16:00,AJUSTE,
VIA-00154,2026-08-17 01:42:00,2026-08-17 12:42:00,AJUSTE,
VIA-00998,2026-08-17 03:26:00,2026-08-17 14:26:00,AJUSTE,
VIA-00917,2026-08-17 04:14:00,2026-08-17 15:14:00,AJUSTE,
VIA-00771,2026-08-17 04:38:00,2026-08-17 15:38:00,AJUSTE,
VIA-00048,2026-08-17 04:57:00,2026-08-17 15:57:00,AJUSTE,
VIA-00073,2026-08-17 05:26:00,2026-08-17 16:26:00,AJUSTE,
VIA-01144,2026-08-17 06:38:00,2026-08-17 17:38:00,AJUSTE,
VIA-00186,2026-08-17 08:06:00,2026-08-17 19:06:00,AJUSTE,
VIA-00342,2026-08-17 08:19:00,2026-08-17 19:19:00,AJUSTE,
VIA-00097,2026-08-17 08:43:00,2026-08-17 19:43:00,AJUSTE,
VIA-00763,2026-08-17 09:26:00,2026-08-17 20:26:00,AJUSTE,
VIA-00559,2026-08-17 10:27:00,2026-08-17 21:27:00,AJUSTE,
VIA-01105,2026-08-17 12:33:00,2026-08-17 23:33:00,AJUSTE,
VIA-01128,2026-08-17 12:57:00,2026-08-17 23:57:00,AJUSTE,
VIA-00131,2026-08-17 13:18:00,2026-08-18 00:18:00,AJUSTE,
VIA-00408,2026-08-17 14:23:00,2026-08-18 01:23:00,AJUSTE,
VIA-01005,2026-08-17 15:04:00,2026-08-18 02:04:00,AJUSTE,
VIA-00203,2026-08-17 15:42:00,2026-08-18 02:42:00,AJUSTE,
VIA-00546,2026-08-17 15:50:00,2026-08-18 02:50:00,AJUSTE,
VIA-00270,2026-08-17 15:51:00,2026-08-18 02:51:00,AJUSTE,
VIA-00261,2026-08-17 16:23:00,2026-08-18 03:23:00,AJUSTE,
VIA-00153,2026-08-17 18:17:00,2026-08-18 05:17:00,AJUSTE,
VIA-00960,2026-08-17 18:29:00,2026-08-18 05:29:00,AJUSTE,
VIA-01098,2026-08-17 18:58:00,2026-08-18 05:58:00,AJUSTE,
VIA-01037,2026-08-17 19:56:00,2026-08-18 06:56:00,AJUSTE,
VIA-00234,2026-08-17 20:25:00,2026-08-18 07:25:00,AJUSTE,
VIA-00881,2026-08-17 20:30:00,2026-08-18 07:30:00,AJUSTE,
VIA-00601,2026-08-17 20:52:00,2026-08-18 07:52:00,AJUSTE,
VIA-00069,2026-08-17 21:28:00,2026-08-18 08:28:00,AJUSTE,
VIA-01091,2026-08-17 23:49:00,2026-08-18 10:49:00,AJUSTE,
VIA-00655,2026-08-18 00:09:00,2026-08-18 11:09:00,AJUSTE,
VIA-00054,2026-08-18 00:42:00,2026-08-18 11:42:00,AJUSTE,
VIA-00015,2026-08-18 01:19:00,2026-08-18 12:19:00,AJUSTE,
VIA-00096,2026-08-18 01:29:00,2026-08-18 12:29:00,AJUSTE,
VIA-00194,2026-08-18 03:41:00,2026-08-18 14:41:00,AJUSTE,
VIA-00614,2026-08-18 04:30:00,2026-08-18 15:30:00,AJUSTE,
VIA-00316,2026-08-18 04:59:00,2026-08-18 15:29:00,AJUSTE,
VIA-00775,2026-08-18 05:19:00,2026-08-18 16:19:00,AJUSTE,
VIA-00255,2026-08-18 05:47:00,2026-08-18 16:47:00,AJUSTE,
VIA-00258,2026-08-18 05:54:00,2026-08-18 16:54:00,AJUSTE,
VIA-00118,2026-08-18 06:04:00,2026-08-18 17:04:00,AJUSTE,
VIA-00377,2026-08-18 06:07:00,2026-08-18 17:07:00,AJUSTE,
VIA-00847,2026-08-18 07:45:00,2026-08-18 18:45:00,AJUSTE,
VIA-01160,2026-08-18 07:45:00,2026-08-18 18:45:00,AJUSTE,
VIA-00772,2026-08-18 08:44:00,2026-08-18 19:44:00,AJUSTE,
VIA-00173,2026-08-18 09:02:00,2026-08-18 20:02:00,AJUSTE,
VIA-00425,2026-08-18 09:59:00,2026-08-18 20:59:00,AJUSTE,
VIA-00909,2026-08-18 10:04:00,2026-08-18 21:04:00,AJUSTE,
VIA-00713,2026-08-18 10:15:00,2026-08-18 21:15:00,AJUSTE,
VIA-01049,2026-08-18 10:24:00,2026-08-18 21:24:00,AJUSTE,
VIA-00922,2026-08-18 10:45:00,2026-08-18 21:45:00,AJUSTE,
VIA-01058,2026-08-18 12:12:00,2026-08-18 23:12:00,AJUSTE,
VIA-00130,2026-08-18 12:16:00,2026-08-18 23:16:00,AJUSTE,
VIA-00103,2026-08-18 13:03:00,2026-08-19 00:03:00,AJUSTE,
VIA-00216,2026-08-18 13:10:00,2026-08-18 23:40:00,AJUSTE,
VIA-00865,2026-08-18 13:40:00,2026-08-19 00:40:00,AJUSTE,
VIA-00969,2026-08-18 13:59:00,2026-08-19 00:59:00,AJUSTE,
VIA-00319,2026-08-18 14:32:00,2026-08-19 01:32:00,AJUSTE,
VIA-00944,2026-08-18 16:39:00,2026-08-19 03:39:00,AJUSTE,
VIA-01169,2026-08-18 16:43:00,2026-08-19 03:43:00,AJUSTE,
VIA-00242,2026-08-18 16:53:00,2026-08-19 03:53:00,AJUSTE,
VIA-00644,2026-08-18 16:57:00,2026-08-19 03:57:00,AJUSTE,
VIA-00405,2026-08-18 17:05:00,2026-08-19 04:05:00,AJUSTE,
VIA-01100,2026-08-18 18:02:00,2026-08-19 05:02:00,AJUSTE,
VIA-01008,2026-08-18 18:04:00,2026-08-19 05:04:00,AJUSTE,
VIA-01035,2026-08-18 18:14:00,2026-08-19 05:14:00,AJUSTE,
VIA-00574,2026-08-18 18:40:00,2026-08-19 05:40:00,AJUSTE,
VIA-00018,2026-08-18 18:41:00,2026-08-19 05:41:00,AJUSTE,
VIA-01040,2026-08-18 19:10:00,2026-08-19 06:10:00,AJUSTE,
VIA-00427,2026-08-18 19:26:00,2026-08-19 06:26:00,AJUSTE,
VIA-00695,2026-08-18 19:53:00,2026-08-19 06:53:00,AJUSTE,
VIA-00437,2026-08-18 21:24:00,2026-08-19 08:24:00,AJUSTE,
VIA-00469,2026-08-18 21:53:00,2026-08-19 08:53:00,AJUSTE,
VIA-00700,2026-08-18 22:07:00,2026-08-19 09:07:00,AJUSTE,
VIA-00250,2026-08-18 22:29:00,2026-08-19 09:29:00,AJUSTE,
VIA-00372,2026-08-18 23:07:00,2026-08-19 10:07:00,AJUSTE,
VIA-01062,2026-08-18 23:55:00,2026-08-19 10:55:00,AJUSTE,
VIA-00092,2026-08-19 00:38:00,2026-08-19 11:38:00,AJUSTE,
VIA-00572,2026-08-19 02:41:00,2026-08-19 13:41:00,AJUSTE,
VIA-00328,2026-08-19 03:00:00,2026-08-19 14:00:00,AJUSTE,
VIA-01092,2026-08-19 03:10:00,2026-08-19 14:10:00,AJUSTE,
VIA-01073,2026-08-19 03:56:00,2026-08-19 14:56:00,AJUSTE,
VIA-01114,2026-08-19 04:54:00,2026-08-19 15:54:00,AJUSTE,
VIA-01115,2026-08-19 05:23:00,2026-08-19 16:23:00,AJUSTE,
VIA-01149,2026-08-19 05:34:00,2026-08-19 16:34:00,AJUSTE,
VIA-00537,2026-08-19 05:41:00,2026-08-19 16:41:00,AJUSTE,
VIA-00991,2026-08-19 05:53:00,2026-08-19 16:53:00,AJUSTE,
VIA-00324,2026-08-19 05:56:00,2026-08-19 16:26:00,AJUSTE,
VIA-00147,2026-08-19 06:23:00,2026-08-19 17:23:00,AJUSTE,
VIA-01074,2026-08-19 06:58:00,2026-08-19 17:58:00,AJUSTE,
VIA-00879,2026-08-19 08:01:00,2026-08-19 19:01:00,AJUSTE,
VIA-00580,2026-08-19 09:11:00,2026-08-19 20:11:00,AJUSTE,
VIA-00355,2026-08-19 09:32:00,2026-08-19 20:32:00,AJUSTE,
VIA-00347,2026-08-19 09:47:00,2026-08-19 20:47:00,AJUSTE,
VIA-00457,2026-08-19 10:43:00,2026-08-19 21:13:00,AJUSTE,
VIA-00124,2026-08-19 10:56:00,2026-08-19 21:56:00,AJUSTE,
VIA-00259,2026-08-19 11:10:00,2026-08-19 22:10:00,AJUSTE,
VIA-00789,2026-08-19 13:54:00,2026-08-20 00:54:00,AJUSTE,
VIA-00197,2026-08-19 14:00:00,2026-08-20 01:00:00,AJUSTE,
VIA-00107,2026-08-19 14:05:00,2026-08-20 01:05:00,AJUSTE,
VIA-00344,2026-08-19 14:14:00,2026-08-20 01:14:00,AJUSTE,
VIA-00383,2026-08-19 14:14:00,2026-08-20 01:14:00,AJUSTE,
VIA-01148,2026-08-19 14:34:00,2026-08-20 01:34:00,AJUSTE,
VIA-00714,2026-08-19 14:35:00,2026-08-20 01:35:00,AJUSTE,
VIA-00447,2026-08-19 14:47:00,2026-08-20 01:47:00,AJUSTE,
VIA-00621,2026-08-19 14:58:00,2026-08-20 01:58:00,AJUSTE,
VIA-00017,2026-08-19 17:20:00,2026-08-20 04:20:00,AJUSTE,
VIA-01137,2026-08-19 18:06:00,2026-08-20 05:06:00,AJUSTE,
VIA-00904,2026-08-19 18:44:00,2026-08-20 05:44:00,AJUSTE,
VIA-00060,2026-08-19 19:48:00,2026-08-20 06:48:00,AJUSTE,
VIA-00687,2026-08-19 20:15:00,2026-08-20 06:45:00,AJUSTE,
VIA-00849,2026-08-19 21:15:00,2026-08-20 08:15:00,AJUSTE,
VIA-01101,2026-08-19 21:29:00,2026-08-20 08:29:00,AJUSTE,
VIA-00452,2026-08-19 22:32:00,2026-08-20 09:32:00,AJUSTE,
VIA-00443,2026-08-19 22:34:00,2026-08-20 09:34:00,AJUSTE,
VIA-00046,2026-08-19 23:07:00,2026-08-20 10:07:00,AJUSTE,
VIA-00157,2026-08-20 00:07:00,2026-08-20 11:07:00,AJUSTE,
VIA-00973,2026-08-20 00:33:00,2026-08-20 11:33:00,AJUSTE,
VIA-01130,2026-08-20 01:16:00,2026-08-20 12:16:00,AJUSTE,
VIA-00603,2026-08-20 01:24:00,2026-08-20 12:24:00,AJUSTE,
VIA-00487,2026-08-20 02:43:00,2026-08-20 13:43:00,AJUSTE,
VIA-00755,2026-08-20 02:55:00,2026-08-20 13:55:00,AJUSTE,
VIA-00740,2026-08-20 03:24:00,2026-08-20 14:24:00,AJUSTE,
VIA-00791,2026-08-20 05:19:00,2026-08-20 16:19:00,AJUSTE,
VIA-00883,2026-08-20 07:13:00,2026-08-20 18:13:00,AJUSTE,
VIA-00264,2026-08-20 07:24:00,2026-08-20 18:24:00,AJUSTE,
VIA-00091,2026-08-20 08:52:00,2026-08-20 19:22:00,AJUSTE,
VIA-01052,2026-08-20 09:03:00,2026-08-20 20:03:00,AJUSTE,
VIA-00244,2026-08-20 09:23:00,2026-08-20 19:53:00,AJUSTE,
VIA-00780,2026-08-20 09:27:00,2026-08-20 20:27:00,AJUSTE,
VIA-00300,2026-08-20 09:44:00,2026-08-20 20:44:00,AJUSTE,
VIA-00593,2026-08-20 09:55:00,2026-08-20 20:55:00,AJUSTE,
VIA-00043,2026-08-20 10:07:00,2026-08-20 21:07:00,AJUSTE,
VIA-00128,2026-08-20 10:33:00,2026-08-20 21:33:00,AJUSTE,
VIA-00361,2026-08-20 10:47:00,2026-08-20 21:47:00,AJUSTE,
VIA-00353,2026-08-20 10:57:00,2026-08-20 21:57:00,AJUSTE,
VIA-00712,2026-08-20 11:10:00,2026-08-20 22:10:00,AJUSTE,
VIA-00213,2026-08-20 11:49:00,2026-08-20 22:49:00,AJUSTE,
VIA-00856,2026-08-20 12:06:00,2026-08-20 23:06:00,AJUSTE,
VIA-01135,2026-08-20 12:12:00,2026-08-20 23:12:00,AJUSTE,
VIA-00585,2026-08-20 12:21:00,2026-08-20 23:21:00,AJUSTE,
VIA-00839,2026-08-20 12:29:00,2026-08-20 23:29:00,AJUSTE,
VIA-01089,2026-08-20 13:02:00,2026-08-21 00:02:00,EXCLUIDO_MARGEN,Viaje cruza un corte o su margen futuro de 60 minutos
VIA-00704,2026-08-20 13:36:00,2026-08-21 00:36:00,EXCLUIDO_MARGEN,Viaje cruza un corte o su margen futuro de 60 minutos
VIA-00832,2026-08-20 14:18:00,2026-08-21 01:18:00,EXCLUIDO_MARGEN,Viaje cruza un corte o su margen futuro de 60 minutos
VIA-00659,2026-08-20 15:33:00,2026-08-21 02:33:00,EXCLUIDO_MARGEN,Viaje cruza un corte o su margen futuro de 60 minutos
VIA-00561,2026-08-20 15:49:00,2026-08-21 02:49:00,EXCLUIDO_MARGEN,Viaje cruza un corte o su margen futuro de 60 minutos
VIA-00059,2026-08-20 15:53:00,2026-08-21 02:53:00,EXCLUIDO_MARGEN,Viaje cruza un corte o su margen futuro de 60 minutos
VIA-01070,2026-08-20 16:11:00,2026-08-21 03:11:00,EXCLUIDO_MARGEN,Viaje cruza un corte o su margen futuro de 60 minutos
VIA-00663,2026-08-20 16:11:00,2026-08-21 03:11:00,EXCLUIDO_MARGEN,Viaje cruza un corte o su margen futuro de 60 minutos
VIA-00726,2026-08-20 16:38:00,2026-08-21 03:38:00,EXCLUIDO_MARGEN,Viaje cruza un corte o su margen futuro de 60 minutos
VIA-00093,2026-08-20 16:43:00,2026-08-21 03:43:00,EXCLUIDO_MARGEN,Viaje cruza un corte o su margen futuro de 60 minutos
VIA-00371,2026-08-20 16:49:00,2026-08-21 03:49:00,EXCLUIDO_MARGEN,Viaje cruza un corte o su margen futuro de 60 minutos
VIA-00346,2026-08-20 18:42:00,2026-08-21 05:42:00,EXCLUIDO_MARGEN,Viaje cruza un corte o su margen futuro de 60 minutos
VIA-00129,2026-08-20 19:28:00,2026-08-21 06:28:00,EXCLUIDO_MARGEN,Viaje cruza un corte o su margen futuro de 60 minutos
VIA-00063,2026-08-20 20:00:00,2026-08-21 07:00:00,EXCLUIDO_MARGEN,Viaje cruza un corte o su margen futuro de 60 minutos
VIA-00275,2026-08-20 22:01:00,2026-08-21 09:01:00,EXCLUIDO_MARGEN,Viaje cruza un corte o su margen futuro de 60 minutos
VIA-00286,2026-08-20 22:46:00,2026-08-21 09:46:00,EXCLUIDO_MARGEN,Viaje cruza un corte o su margen futuro de 60 minutos
VIA-00227,2026-08-20 23:11:00,2026-08-21 10:11:00,EXCLUIDO_MARGEN,Viaje cruza un corte o su margen futuro de 60 minutos
VIA-00057,2026-08-20 23:47:00,2026-08-21 10:47:00,EXCLUIDO_MARGEN,Viaje cruza un corte o su margen futuro de 60 minutos
VIA-01020,2026-08-21 00:10:00,2026-08-21 11:10:00,EXCLUIDO_MARGEN,Viaje cruza un corte o su margen futuro de 60 minutos
VIA-00274,2026-08-21 00:26:00,2026-08-21 11:26:00,EXCLUIDO_MARGEN,Viaje cruza un corte o su margen futuro de 60 minutos
VIA-00114,2026-08-21 00:50:00,2026-08-21 11:50:00,VALIDACION,
VIA-00315,2026-08-21 01:17:00,2026-08-21 12:17:00,VALIDACION,
VIA-00052,2026-08-21 01:29:00,2026-08-21 12:29:00,VALIDACION,
VIA-00364,2026-08-21 02:41:00,2026-08-21 13:41:00,VALIDACION,
VIA-00441,2026-08-21 03:24:00,2026-08-21 14:24:00,VALIDACION,
VIA-01072,2026-08-21 04:17:00,2026-08-21 15:17:00,VALIDACION,
VIA-00863,2026-08-21 04:48:00,2026-08-21 15:48:00,VALIDACION,
VIA-00298,2026-08-21 04:49:00,2026-08-21 15:49:00,VALIDACION,
VIA-00990,2026-08-21 05:08:00,2026-08-21 16:08:00,VALIDACION,
VIA-01109,2026-08-21 05:54:00,2026-08-21 16:54:00,VALIDACION,
VIA-01023,2026-08-21 06:20:00,2026-08-21 17:20:00,VALIDACION,
VIA-00223,2026-08-21 06:57:00,2026-08-21 17:57:00,VALIDACION,
VIA-00434,2026-08-21 07:35:00,2026-08-21 18:35:00,VALIDACION,
VIA-01081,2026-08-21 07:44:00,2026-08-21 18:44:00,VALIDACION,
VIA-00608,2026-08-21 08:28:00,2026-08-21 19:28:00,VALIDACION,
VIA-00525,2026-08-21 09:52:00,2026-08-21 20:52:00,VALIDACION,
VIA-00491,2026-08-21 11:06:00,2026-08-21 22:06:00,VALIDACION,
VIA-00630,2026-08-21 11:13:00,2026-08-21 22:13:00,VALIDACION,
VIA-00184,2026-08-21 11:21:00,2026-08-21 22:21:00,VALIDACION,
VIA-01047,2026-08-21 12:03:00,2026-08-21 23:03:00,VALIDACION,
VIA-00773,2026-08-21 12:04:00,2026-08-21 23:04:00,VALIDACION,
VIA-00923,2026-08-21 12:10:00,2026-08-21 23:10:00,VALIDACION,
VIA-00171,2026-08-21 12:25:00,2026-08-21 23:25:00,VALIDACION,
VIA-00631,2026-08-21 13:52:00,2026-08-22 00:52:00,VALIDACION,
VIA-00026,2026-08-21 15:05:00,2026-08-22 02:05:00,VALIDACION,
VIA-00618,2026-08-21 15:26:00,2026-08-22 02:26:00,VALIDACION,
VIA-00977,2026-08-21 16:00:00,2026-08-22 03:00:00,VALIDACION,
VIA-00925,2026-08-21 16:45:00,2026-08-22 03:45:00,VALIDACION,
VIA-00797,2026-08-21 16:48:00,2026-08-22 03:48:00,VALIDACION,
VIA-00224,2026-08-21 17:03:00,2026-08-22 04:03:00,VALIDACION,
VIA-00007,2026-08-21 17:06:00,2026-08-22 04:06:00,VALIDACION,
VIA-00233,2026-08-21 17:10:00,2026-08-22 04:10:00,VALIDACION,
VIA-00567,2026-08-21 17:23:00,2026-08-22 04:23:00,VALIDACION,
VIA-00410,2026-08-21 17:45:00,2026-08-22 04:45:00,VALIDACION,
VIA-00337,2026-08-21 18:31:00,2026-08-22 05:31:00,VALIDACION,
VIA-00719,2026-08-21 18:50:00,2026-08-22 05:50:00,VALIDACION,
VIA-00287,2026-08-21 19:12:00,2026-08-22 06:12:00,VALIDACION,
VIA-00256,2026-08-21 19:16:00,2026-08-22 06:16:00,VALIDACION,
VIA-00035,2026-08-21 19:43:00,2026-08-22 06:43:00,VALIDACION,
VIA-00983,2026-08-21 20:46:00,2026-08-22 07:46:00,VALIDACION,
VIA-00517,2026-08-21 21:07:00,2026-08-22 08:07:00,VALIDACION,
VIA-00166,2026-08-21 21:24:00,2026-08-22 08:24:00,VALIDACION,
VIA-00657,2026-08-22 00:21:00,2026-08-22 11:21:00,VALIDACION,
VIA-00994,2026-08-22 00:48:00,2026-08-22 11:48:00,VALIDACION,
VIA-01196,2026-08-22 01:12:00,2026-08-22 12:12:00,VALIDACION,
VIA-00249,2026-08-22 01:58:00,2026-08-22 12:58:00,VALIDACION,
VIA-00784,2026-08-22 02:28:00,2026-08-22 13:28:00,VALIDACION,
VIA-00916,2026-08-22 02:32:00,2026-08-22 13:32:00,VALIDACION,
VIA-01021,2026-08-22 03:58:00,2026-08-22 14:58:00,VALIDACION,
VIA-00021,2026-08-22 04:48:00,2026-08-22 15:48:00,VALIDACION,
VIA-00185,2026-08-22 04:54:00,2026-08-22 15:54:00,VALIDACION,
VIA-00338,2026-08-22 05:28:00,2026-08-22 16:28:00,VALIDACION,
VIA-00322,2026-08-22 05:45:00,2026-08-22 16:45:00,VALIDACION,
VIA-00934,2026-08-22 05:51:00,2026-08-22 16:51:00,VALIDACION,
VIA-00520,2026-08-22 05:58:00,2026-08-22 16:58:00,VALIDACION,
VIA-00782,2026-08-22 06:22:00,2026-08-22 17:22:00,VALIDACION,
VIA-00803,2026-08-22 06:27:00,2026-08-22 17:27:00,VALIDACION,
VIA-00034,2026-08-22 06:41:00,2026-08-22 17:41:00,VALIDACION,
VIA-00809,2026-08-22 08:10:00,2026-08-22 18:40:00,VALIDACION,
VIA-00770,2026-08-22 08:13:00,2026-08-22 19:13:00,VALIDACION,
VIA-01139,2026-08-22 08:58:00,2026-08-22 19:58:00,VALIDACION,
VIA-00831,2026-08-22 09:31:00,2026-08-22 20:31:00,VALIDACION,
VIA-01118,2026-08-22 09:40:00,2026-08-22 20:40:00,VALIDACION,
VIA-00577,2026-08-22 09:46:00,2026-08-22 20:46:00,VALIDACION,
VIA-01053,2026-08-22 10:29:00,2026-08-22 21:29:00,VALIDACION,
VIA-01087,2026-08-22 13:47:00,2026-08-23 00:47:00,VALIDACION,
VIA-00516,2026-08-22 14:05:00,2026-08-23 01:05:00,VALIDACION,
VIA-00014,2026-08-22 14:08:00,2026-08-23 01:08:00,VALIDACION,
VIA-00888,2026-08-22 14:18:00,2026-08-23 01:18:00,VALIDACION,
VIA-00024,2026-08-22 14:18:00,2026-08-23 01:18:00,VALIDACION,
VIA-00677,2026-08-22 14:19:00,2026-08-23 01:19:00,VALIDACION,
VIA-00101,2026-08-22 14:34:00,2026-08-23 01:34:00,VALIDACION,
VIA-01086,2026-08-22 14:38:00,2026-08-23 01:38:00,VALIDACION,
VIA-00116,2026-08-22 15:22:00,2026-08-23 02:22:00,VALIDACION,
VIA-00565,2026-08-22 17:57:00,2026-08-23 04:57:00,VALIDACION,
VIA-00796,2026-08-22 18:32:00,2026-08-23 05:32:00,VALIDACION,
VIA-01030,2026-08-22 18:59:00,2026-08-23 05:59:00,VALIDACION,
VIA-00198,2026-08-22 19:50:00,2026-08-23 06:50:00,VALIDACION,
VIA-00827,2026-08-22 20:19:00,2026-08-23 07:19:00,VALIDACION,
VIA-00895,2026-08-22 21:05:00,2026-08-23 08:05:00,VALIDACION,
VIA-01000,2026-08-22 21:52:00,2026-08-23 08:52:00,VALIDACION,
VIA-00125,2026-08-22 21:53:00,2026-08-23 08:53:00,VALIDACION,
VIA-00748,2026-08-22 22:05:00,2026-08-23 09:05:00,VALIDACION,
VIA-00852,2026-08-22 22:18:00,2026-08-23 09:18:00,VALIDACION,
VIA-00869,2026-08-23 00:11:00,2026-08-23 11:11:00,VALIDACION,
VIA-00666,2026-08-23 00:41:00,2026-08-23 11:41:00,VALIDACION,
VIA-00119,2026-08-23 01:30:00,2026-08-23 12:30:00,VALIDACION,
VIA-00192,2026-08-23 01:30:00,2026-08-23 12:30:00,VALIDACION,
VIA-00921,2026-08-23 01:34:00,2026-08-23 12:34:00,VALIDACION,
VIA-00061,2026-08-23 02:28:00,2026-08-23 13:28:00,VALIDACION,
VIA-00891,2026-08-23 03:12:00,2026-08-23 14:12:00,VALIDACION,
VIA-00576,2026-08-23 04:49:00,2026-08-23 15:19:00,VALIDACION,
VIA-00799,2026-08-23 05:16:00,2026-08-23 16:16:00,VALIDACION,
VIA-01032,2026-08-23 06:10:00,2026-08-23 17:10:00,VALIDACION,
VIA-00305,2026-08-23 08:01:00,2026-08-23 19:01:00,VALIDACION,
VIA-00766,2026-08-23 08:15:00,2026-08-23 19:15:00,VALIDACION,
VIA-01045,2026-08-23 08:18:00,2026-08-23 19:18:00,VALIDACION,
VIA-00549,2026-08-23 10:08:00,2026-08-23 21:08:00,VALIDACION,
VIA-00181,2026-08-23 10:15:00,2026-08-23 21:15:00,VALIDACION,
VIA-00062,2026-08-23 10:32:00,2026-08-23 21:32:00,VALIDACION,
VIA-00874,2026-08-23 10:56:00,2026-08-23 21:56:00,VALIDACION,
VIA-01085,2026-08-23 11:01:00,2026-08-23 22:01:00,VALIDACION,
VIA-01193,2026-08-23 11:03:00,2026-08-23 22:03:00,VALIDACION,
VIA-00122,2026-08-23 11:16:00,2026-08-23 21:46:00,VALIDACION,
VIA-01014,2026-08-23 13:09:00,2026-08-24 00:09:00,VALIDACION,
VIA-00535,2026-08-23 13:22:00,2026-08-24 00:22:00,VALIDACION,
VIA-00235,2026-08-23 16:03:00,2026-08-24 03:03:00,VALIDACION,
VIA-00044,2026-08-23 16:07:00,2026-08-24 03:07:00,VALIDACION,
VIA-00582,2026-08-23 16:43:00,2026-08-24 03:43:00,VALIDACION,
VIA-00682,2026-08-23 16:56:00,2026-08-24 03:56:00,VALIDACION,
VIA-01080,2026-08-23 17:21:00,2026-08-24 04:21:00,VALIDACION,
VIA-00314,2026-08-23 19:19:00,2026-08-24 06:19:00,VALIDACION,
VIA-00882,2026-08-23 21:02:00,2026-08-24 08:02:00,VALIDACION,
VIA-00562,2026-08-23 22:01:00,2026-08-24 09:01:00,VALIDACION,
VIA-00573,2026-08-23 22:23:00,2026-08-24 09:23:00,VALIDACION,
VIA-00318,2026-08-23 22:46:00,2026-08-24 09:46:00,VALIDACION,
VIA-01157,2026-08-23 23:42:00,2026-08-24 10:42:00,VALIDACION,
VIA-00195,2026-08-23 23:43:00,2026-08-24 10:43:00,VALIDACION,
VIA-01031,2026-08-24 00:05:00,2026-08-24 11:05:00,VALIDACION,
VIA-00519,2026-08-24 00:10:00,2026-08-24 11:10:00,VALIDACION,
VIA-00876,2026-08-24 01:55:00,2026-08-24 12:55:00,VALIDACION,
VIA-00459,2026-08-24 03:21:00,2026-08-24 14:21:00,VALIDACION,
VIA-00787,2026-08-24 07:14:00,2026-08-24 18:14:00,VALIDACION,
VIA-00247,2026-08-24 07:27:00,2026-08-24 18:27:00,VALIDACION,
VIA-00875,2026-08-24 07:44:00,2026-08-24 18:44:00,VALIDACION,
VIA-00592,2026-08-24 08:08:00,2026-08-24 19:08:00,VALIDACION,
VIA-00736,2026-08-24 09:18:00,2026-08-24 20:18:00,VALIDACION,
VIA-00676,2026-08-24 09:35:00,2026-08-24 20:35:00,VALIDACION,
VIA-00553,2026-08-24 11:26:00,2026-08-24 22:26:00,VALIDACION,
VIA-01158,2026-08-24 13:59:00,2026-08-25 00:59:00,VALIDACION,
VIA-00920,2026-08-24 14:30:00,2026-08-25 01:30:00,VALIDACION,
VIA-00189,2026-08-24 15:01:00,2026-08-25 02:01:00,VALIDACION,
VIA-01138,2026-08-24 15:05:00,2026-08-25 02:05:00,VALIDACION,
VIA-00494,2026-08-24 16:45:00,2026-08-25 03:45:00,VALIDACION,
VIA-00861,2026-08-24 16:54:00,2026-08-25 03:54:00,VALIDACION,
VIA-00465,2026-08-24 16:55:00,2026-08-25 03:55:00,VALIDACION,
VIA-00395,2026-08-24 16:58:00,2026-08-25 03:58:00,VALIDACION,
VIA-00296,2026-08-24 17:29:00,2026-08-25 04:29:00,VALIDACION,
VIA-00664,2026-08-24 17:50:00,2026-08-25 04:50:00,VALIDACION,
VIA-00800,2026-08-24 18:54:00,2026-08-25 05:54:00,VALIDACION,
VIA-00205,2026-08-24 20:12:00,2026-08-25 07:12:00,VALIDACION,
VIA-00556,2026-08-24 20:53:00,2026-08-25 07:53:00,VALIDACION,
VIA-00910,2026-08-24 20:59:00,2026-08-25 07:59:00,VALIDACION,
VIA-00915,2026-08-24 22:15:00,2026-08-25 09:15:00,VALIDACION,
VIA-00387,2026-08-24 22:29:00,2026-08-25 09:29:00,VALIDACION,
VIA-00619,2026-08-24 22:39:00,2026-08-25 09:39:00,VALIDACION,
VIA-00753,2026-08-24 22:40:00,2026-08-25 09:40:00,VALIDACION,
VIA-00692,2026-08-24 23:12:00,2026-08-25 10:12:00,VALIDACION,
VIA-00248,2026-08-24 23:51:00,2026-08-25 10:51:00,VALIDACION,
VIA-01026,2026-08-25 00:17:00,2026-08-25 11:17:00,VALIDACION,
VIA-00094,2026-08-25 00:21:00,2026-08-25 11:21:00,VALIDACION,
VIA-00970,2026-08-25 02:14:00,2026-08-25 13:14:00,VALIDACION,
VIA-00113,2026-08-25 03:06:00,2026-08-25 14:06:00,VALIDACION,
VIA-00965,2026-08-25 04:16:00,2026-08-25 15:16:00,VALIDACION,
VIA-00810,2026-08-25 05:10:00,2026-08-25 16:10:00,VALIDACION,
VIA-00624,2026-08-25 05:56:00,2026-08-25 16:56:00,VALIDACION,
VIA-00745,2026-08-25 06:04:00,2026-08-25 17:04:00,VALIDACION,
VIA-01009,2026-08-25 07:03:00,2026-08-25 18:03:00,VALIDACION,
VIA-00526,2026-08-25 07:45:00,2026-08-25 18:45:00,VALIDACION,
VIA-01048,2026-08-25 09:00:00,2026-08-25 20:00:00,VALIDACION,
VIA-00499,2026-08-25 09:52:00,2026-08-25 20:52:00,VALIDACION,
VIA-00087,2026-08-25 10:00:00,2026-08-25 21:00:00,VALIDACION,
VIA-00272,2026-08-25 10:59:00,2026-08-25 21:59:00,VALIDACION,
VIA-00606,2026-08-25 11:28:00,2026-08-25 22:28:00,VALIDACION,
VIA-00599,2026-08-25 11:31:00,2026-08-25 22:01:00,VALIDACION,
VIA-00373,2026-08-25 11:51:00,2026-08-25 22:51:00,VALIDACION,
VIA-00609,2026-08-25 12:24:00,2026-08-25 23:24:00,VALIDACION,
VIA-01044,2026-08-25 13:53:00,2026-08-26 00:53:00,VALIDACION,
VIA-00239,2026-08-25 15:11:00,2026-08-26 02:11:00,VALIDACION,
VIA-00802,2026-08-25 16:01:00,2026-08-26 03:01:00,VALIDACION,
VIA-00605,2026-08-25 16:42:00,2026-08-26 03:42:00,VALIDACION,
VIA-00557,2026-08-25 16:45:00,2026-08-26 03:45:00,VALIDACION,
VIA-00616,2026-08-25 17:00:00,2026-08-26 04:00:00,VALIDACION,
VIA-00885,2026-08-25 17:07:00,2026-08-26 03:37:00,VALIDACION,
VIA-00471,2026-08-25 17:13:00,2026-08-26 04:13:00,VALIDACION,
VIA-00610,2026-08-25 18:08:00,2026-08-26 05:08:00,VALIDACION,
VIA-00282,2026-08-25 18:34:00,2026-08-26 05:34:00,VALIDACION,
VIA-00795,2026-08-25 19:29:00,2026-08-26 06:29:00,VALIDACION,
VIA-00564,2026-08-25 20:22:00,2026-08-26 07:22:00,VALIDACION,
VIA-00020,2026-08-25 20:24:00,2026-08-26 07:24:00,VALIDACION,
VIA-00180,2026-08-25 21:31:00,2026-08-26 08:31:00,EXCLUIDO_MARGEN,Viaje cruza un corte o su margen futuro de 60 minutos
VIA-00332,2026-08-25 21:40:00,2026-08-26 08:40:00,EXCLUIDO_MARGEN,Viaje cruza un corte o su margen futuro de 60 minutos
VIA-00050,2026-08-25 21:40:00,2026-08-26 08:40:00,EXCLUIDO_MARGEN,Viaje cruza un corte o su margen futuro de 60 minutos
VIA-00266,2026-08-25 21:44:00,2026-08-26 08:44:00,EXCLUIDO_MARGEN,Viaje cruza un corte o su margen futuro de 60 minutos
VIA-00221,2026-08-25 22:19:00,2026-08-26 09:19:00,EXCLUIDO_MARGEN,Viaje cruza un corte o su margen futuro de 60 minutos
VIA-00215,2026-08-25 23:14:00,2026-08-26 10:14:00,EXCLUIDO_MARGEN,Viaje cruza un corte o su margen futuro de 60 minutos
VIA-00392,2026-08-25 23:41:00,2026-08-26 10:41:00,EXCLUIDO_MARGEN,Viaje cruza un corte o su margen futuro de 60 minutos
VIA-00843,2026-08-26 00:12:00,2026-08-26 11:12:00,EXCLUIDO_MARGEN,Viaje cruza un corte o su margen futuro de 60 minutos
VIA-00801,2026-08-26 00:18:00,2026-08-26 11:18:00,EXCLUIDO_MARGEN,Viaje cruza un corte o su margen futuro de 60 minutos
VIA-00742,2026-08-26 00:45:00,2026-08-26 11:45:00,EXCLUIDO_MARGEN,Viaje cruza un corte o su margen futuro de 60 minutos
VIA-00808,2026-08-26 00:51:00,2026-08-26 11:51:00,EXCLUIDO_MARGEN,Viaje cruza un corte o su margen futuro de 60 minutos
VIA-00179,2026-08-26 01:00:00,2026-08-26 12:00:00,EXCLUIDO_MARGEN,Viaje cruza un corte o su margen futuro de 60 minutos
VIA-00629,2026-08-26 01:04:00,2026-08-26 12:04:00,EXCLUIDO_MARGEN,Viaje cruza un corte o su margen futuro de 60 minutos
VIA-00265,2026-08-26 01:10:00,2026-08-26 12:10:00,EXCLUIDO_MARGEN,Viaje cruza un corte o su margen futuro de 60 minutos
VIA-00120,2026-08-26 02:41:00,2026-08-26 13:41:00,EXCLUIDO_MARGEN,Viaje cruza un corte o su margen futuro de 60 minutos
VIA-00149,2026-08-26 02:43:00,2026-08-26 13:43:00,EXCLUIDO_MARGEN,Viaje cruza un corte o su margen futuro de 60 minutos
VIA-00824,2026-08-26 05:25:00,2026-08-26 16:25:00,EXCLUIDO_MARGEN,Viaje cruza un corte o su margen futuro de 60 minutos
VIA-00589,2026-08-26 05:35:00,2026-08-26 16:35:00,EXCLUIDO_MARGEN,Viaje cruza un corte o su margen futuro de 60 minutos
VIA-00399,2026-08-26 05:58:00,2026-08-26 16:58:00,EXCLUIDO_MARGEN,Viaje cruza un corte o su margen futuro de 60 minutos
VIA-00927,2026-08-26 06:05:00,2026-08-26 16:35:00,EXCLUIDO_MARGEN,Viaje cruza un corte o su margen futuro de 60 minutos
VIA-00283,2026-08-26 06:44:00,2026-08-26 17:44:00,EXCLUIDO_MARGEN,Viaje cruza un corte o su margen futuro de 60 minutos
VIA-00218,2026-08-26 07:10:00,2026-08-26 18:10:00,EXCLUIDO_MARGEN,Viaje cruza un corte o su margen futuro de 60 minutos
VIA-00828,2026-08-26 08:11:00,2026-08-26 19:11:00,EXCLUIDO_MARGEN,Viaje cruza un corte o su margen futuro de 60 minutos
VIA-00411,2026-08-26 08:57:00,2026-08-26 19:57:00,EXCLUIDO_MARGEN,Viaje cruza un corte o su margen futuro de 60 minutos
VIA-01067,2026-08-26 09:03:00,2026-08-26 20:03:00,TEST,
VIA-00952,2026-08-26 09:22:00,2026-08-26 20:22:00,TEST,
VIA-00193,2026-08-26 09:37:00,2026-08-26 20:37:00,TEST,
VIA-00158,2026-08-26 10:03:00,2026-08-26 21:03:00,TEST,
VIA-00761,2026-08-26 10:55:00,2026-08-26 21:55:00,TEST,
VIA-00132,2026-08-26 12:15:00,2026-08-26 23:15:00,TEST,
VIA-00098,2026-08-26 12:25:00,2026-08-26 23:25:00,TEST,
VIA-00199,2026-08-26 12:48:00,2026-08-26 23:48:00,TEST,
VIA-00302,2026-08-26 12:51:00,2026-08-26 23:51:00,TEST,
VIA-00206,2026-08-26 13:10:00,2026-08-27 00:10:00,TEST,
VIA-00291,2026-08-26 14:50:00,2026-08-27 01:50:00,TEST,
VIA-00575,2026-08-26 15:27:00,2026-08-27 02:27:00,TEST,
VIA-00209,2026-08-26 16:06:00,2026-08-27 03:06:00,TEST,
VIA-00397,2026-08-26 16:12:00,2026-08-27 03:12:00,TEST,
VIA-00460,2026-08-26 19:18:00,2026-08-27 06:18:00,TEST,
VIA-00887,2026-08-26 20:14:00,2026-08-27 07:14:00,TEST,
VIA-01168,2026-08-26 20:31:00,2026-08-27 07:31:00,TEST,
VIA-00356,2026-08-26 21:27:00,2026-08-27 08:27:00,TEST,
VIA-00794,2026-08-26 21:58:00,2026-08-27 08:58:00,TEST,
VIA-00159,2026-08-26 22:23:00,2026-08-27 09:23:00,TEST,
VIA-01159,2026-08-26 22:48:00,2026-08-27 09:48:00,TEST,
VIA-01191,2026-08-26 23:01:00,2026-08-27 10:01:00,TEST,
VIA-00022,2026-08-26 23:02:00,2026-08-27 10:02:00,TEST,
VIA-00413,2026-08-26 23:06:00,2026-08-27 10:06:00,TEST,
VIA-00304,2026-08-26 23:40:00,2026-08-27 10:40:00,TEST,
VIA-00757,2026-08-27 01:46:00,2026-08-27 12:46:00,TEST,
VIA-00089,2026-08-27 02:02:00,2026-08-27 13:02:00,TEST,
VIA-00818,2026-08-27 02:03:00,2026-08-27 13:03:00,TEST,
VIA-00160,2026-08-27 02:11:00,2026-08-27 13:11:00,TEST,
VIA-01003,2026-08-27 02:48:00,2026-08-27 13:48:00,TEST,
VIA-01055,2026-08-27 03:25:00,2026-08-27 14:25:00,TEST,
VIA-00632,2026-08-27 03:40:00,2026-08-27 14:40:00,TEST,
VIA-00820,2026-08-27 04:22:00,2026-08-27 15:22:00,TEST,
VIA-00908,2026-08-27 04:52:00,2026-08-27 15:52:00,TEST,
VIA-00225,2026-08-27 06:49:00,2026-08-27 17:49:00,TEST,
VIA-00702,2026-08-27 08:02:00,2026-08-27 19:02:00,TEST,
VIA-00095,2026-08-27 09:01:00,2026-08-27 20:01:00,TEST,
VIA-00974,2026-08-27 09:34:00,2026-08-27 20:34:00,TEST,
VIA-00981,2026-08-27 09:44:00,2026-08-27 20:44:00,TEST,
VIA-01190,2026-08-27 10:54:00,2026-08-27 21:54:00,TEST,
VIA-01112,2026-08-27 11:45:00,2026-08-27 22:45:00,TEST,
VIA-00968,2026-08-27 13:07:00,2026-08-28 00:07:00,TEST,
VIA-00369,2026-08-27 13:17:00,2026-08-28 00:17:00,TEST,
VIA-01001,2026-08-27 13:30:00,2026-08-28 00:30:00,TEST,
VIA-00090,2026-08-27 13:45:00,2026-08-28 00:45:00,TEST,
VIA-00475,2026-08-27 15:42:00,2026-08-28 02:42:00,TEST,
VIA-00106,2026-08-27 16:17:00,2026-08-28 03:17:00,TEST,
VIA-01192,2026-08-27 17:31:00,2026-08-28 04:31:00,TEST,
VIA-00366,2026-08-27 18:30:00,2026-08-28 05:30:00,TEST,
VIA-00279,2026-08-27 19:07:00,2026-08-28 06:07:00,TEST,
VIA-00058,2026-08-27 19:08:00,2026-08-28 06:08:00,TEST,
VIA-01063,2026-08-27 19:34:00,2026-08-28 06:34:00,TEST,
VIA-00483,2026-08-27 19:49:00,2026-08-28 06:49:00,TEST,
VIA-00732,2026-08-27 20:03:00,2026-08-28 07:03:00,TEST,
VIA-00032,2026-08-27 20:29:00,2026-08-28 07:29:00,TEST,
VIA-00722,2026-08-27 20:52:00,2026-08-28 07:52:00,TEST,
VIA-00993,2026-08-27 21:24:00,2026-08-28 08:24:00,TEST,
VIA-00133,2026-08-27 22:01:00,2026-08-28 09:01:00,TEST,
VIA-01103,2026-08-27 22:44:00,2026-08-28 09:44:00,TEST,
VIA-01194,2026-08-27 23:01:00,2026-08-28 10:01:00,TEST,
VIA-00320,2026-08-27 23:45:00,2026-08-28 10:45:00,TEST,
VIA-00161,2026-08-27 23:59:00,2026-08-28 10:59:00,TEST,
VIA-00349,2026-08-28 00:03:00,2026-08-28 11:03:00,TEST,
VIA-00705,2026-08-28 00:04:00,2026-08-28 11:04:00,TEST,
VIA-00212,2026-08-28 00:49:00,2026-08-28 11:49:00,TEST,
VIA-00717,2026-08-28 00:54:00,2026-08-28 11:54:00,TEST,
VIA-00536,2026-08-28 02:03:00,2026-08-28 13:03:00,TEST,
VIA-00012,2026-08-28 03:43:00,2026-08-28 14:43:00,TEST,
VIA-01064,2026-08-28 04:15:00,2026-08-28 15:15:00,TEST,
VIA-00389,2026-08-28 04:17:00,2026-08-28 15:17:00,TEST,
VIA-00278,2026-08-28 04:32:00,2026-08-28 15:32:00,TEST,
VIA-00805,2026-08-28 04:46:00,2026-08-28 15:46:00,TEST,
VIA-00036,2026-08-28 05:35:00,2026-08-28 16:35:00,TEST,
VIA-00688,2026-08-28 06:03:00,2026-08-28 17:03:00,TEST,
VIA-00966,2026-08-28 06:59:00,2026-08-28 17:59:00,TEST,
VIA-00579,2026-08-28 09:13:00,2026-08-28 20:13:00,TEST,
VIA-00670,2026-08-28 10:01:00,2026-08-28 21:01:00,TEST,
VIA-00859,2026-08-28 11:25:00,2026-08-28 22:25:00,TEST,
VIA-00964,2026-08-28 11:40:00,2026-08-28 22:40:00,TEST,
VIA-01079,2026-08-28 12:04:00,2026-08-28 23:04:00,TEST,
VIA-00138,2026-08-28 12:27:00,2026-08-28 23:27:00,TEST,
VIA-00204,2026-08-28 15:50:00,2026-08-29 02:50:00,TEST,
VIA-00340,2026-08-28 16:33:00,2026-08-29 03:33:00,TEST,
VIA-01076,2026-08-28 16:57:00,2026-08-29 03:57:00,TEST,
VIA-00070,2026-08-28 18:23:00,2026-08-29 05:23:00,TEST,
VIA-00301,2026-08-28 18:27:00,2026-08-29 05:27:00,TEST,
VIA-00543,2026-08-28 19:31:00,2026-08-29 06:31:00,TEST,
VIA-00689,2026-08-28 19:38:00,2026-08-29 06:38:00,TEST,
VIA-00703,2026-08-28 19:48:00,2026-08-29 06:48:00,TEST,
VIA-00503,2026-08-28 20:41:00,2026-08-29 07:41:00,TEST,
VIA-01184,2026-08-28 21:57:00,2026-08-29 08:57:00,TEST,
VIA-01057,2026-08-28 22:08:00,2026-08-29 09:08:00,TEST,
VIA-01077,2026-08-28 22:24:00,2026-08-29 09:24:00,TEST,
VIA-00169,2026-08-28 22:54:00,2026-08-29 09:54:00,TEST,
VIA-00174,2026-08-28 23:20:00,2026-08-29 10:20:00,TEST,
VIA-00906,2026-08-28 23:32:00,2026-08-29 10:32:00,TEST,
VIA-01024,2026-08-28 23:59:00,2026-08-29 10:59:00,TEST,
VIA-00016,2026-08-29 00:00:00,2026-08-29 11:00:00,TEST,
VIA-00313,2026-08-29 00:21:00,2026-08-29 11:21:00,TEST,
VIA-00951,2026-08-29 00:48:00,2026-08-29 11:48:00,TEST,
VIA-00327,2026-08-29 02:09:00,2026-08-29 13:09:00,TEST,
VIA-00047,2026-08-29 03:43:00,2026-08-29 14:43:00,TEST,
VIA-01013,2026-08-29 03:47:00,2026-08-29 14:47:00,TEST,
VIA-00658,2026-08-29 03:55:00,2026-08-29 14:55:00,TEST,
VIA-00622,2026-08-29 04:32:00,2026-08-29 15:32:00,TEST,
VIA-00602,2026-08-29 04:39:00,2026-08-29 15:39:00,TEST,
VIA-00937,2026-08-29 05:50:00,2026-08-29 16:50:00,TEST,
VIA-00518,2026-08-29 07:31:00,2026-08-29 18:31:00,TEST,
VIA-00335,2026-08-29 08:46:00,2026-08-29 19:46:00,TEST,
VIA-00648,2026-08-29 09:12:00,2026-08-29 20:12:00,TEST,
VIA-00656,2026-08-29 10:41:00,2026-08-29 21:41:00,TEST,
VIA-00394,2026-08-29 11:46:00,2026-08-29 22:16:00,TEST,
VIA-00825,2026-08-29 11:47:00,2026-08-29 22:47:00,TEST,
VIA-00151,2026-08-29 11:50:00,2026-08-29 22:50:00,TEST,
VIA-00137,2026-08-29 13:29:00,2026-08-30 00:29:00,TEST,
VIA-00386,2026-08-29 13:55:00,2026-08-30 00:55:00,TEST,
VIA-01110,2026-08-29 14:47:00,2026-08-30 01:47:00,TEST,
VIA-01189,2026-08-29 14:50:00,2026-08-30 01:50:00,TEST,
VIA-00145,2026-08-29 17:24:00,2026-08-30 04:24:00,TEST,
VIA-00919,2026-08-29 17:58:00,2026-08-30 04:58:00,TEST,
VIA-00554,2026-08-29 18:09:00,2026-08-30 05:09:00,TEST,
VIA-00932,2026-08-29 18:45:00,2026-08-30 05:45:00,TEST,
VIA-00817,2026-08-29 19:04:00,2026-08-30 06:04:00,TEST,
VIA-00758,2026-08-29 19:14:00,2026-08-30 06:14:00,TEST,
VIA-00433,2026-08-29 20:53:00,2026-08-30 07:53:00,TEST,
VIA-00551,2026-08-29 21:06:00,2026-08-30 08:06:00,TEST,
VIA-00285,2026-08-29 21:09:00,2026-08-30 08:09:00,TEST,
VIA-00858,2026-08-29 21:30:00,2026-08-30 08:30:00,TEST,
VIA-00038,2026-08-29 21:44:00,2026-08-30 08:44:00,TEST,
VIA-00031,2026-08-29 22:20:00,2026-08-30 09:20:00,TEST,
VIA-00421,2026-08-29 22:23:00,2026-08-30 09:23:00,TEST,
VIA-01078,2026-08-29 22:28:00,2026-08-30 09:28:00,TEST,
VIA-00027,2026-08-29 23:27:00,2026-08-30 10:27:00,TEST,
VIA-00222,2026-08-30 00:18:00,2026-08-30 11:18:00,TEST,
VIA-00862,2026-08-30 00:37:00,2026-08-30 11:37:00,TEST,
VIA-00104,2026-08-30 01:28:00,2026-08-30 12:28:00,TEST,
VIA-00177,2026-08-30 02:52:00,2026-08-30 13:52:00,TEST,
VIA-01116,2026-08-30 02:52:00,2026-08-30 13:52:00,TEST,
VIA-00470,2026-08-30 03:42:00,2026-08-30 14:12:00,TEST,
VIA-00681,2026-08-30 04:39:00,2026-08-30 15:39:00,TEST,
VIA-00028,2026-08-30 04:55:00,2026-08-30 15:55:00,TEST,
VIA-00354,2026-08-30 07:32:00,2026-08-30 18:32:00,TEST,
VIA-00678,2026-08-30 07:43:00,2026-08-30 18:43:00,TEST,
VIA-01002,2026-08-30 08:07:00,2026-08-30 19:07:00,TEST,
VIA-00295,2026-08-30 08:23:00,2026-08-30 19:23:00,TEST,
VIA-00697,2026-08-30 08:57:00,2026-08-30 19:57:00,TEST,
VIA-00894,2026-08-30 11:10:00,2026-08-30 22:10:00,TEST,
VIA-01093,2026-08-30 11:16:00,2026-08-30 22:16:00,TEST,
VIA-00956,2026-08-30 11:38:00,2026-08-30 22:38:00,TEST,
VIA-01096,2026-08-30 11:57:00,2026-08-30 22:57:00,TEST,
VIA-00276,2026-08-30 13:46:00,2026-08-31 00:46:00,TEST,
VIA-00897,2026-08-30 14:23:00,2026-08-31 01:23:00,TEST,
VIA-00368,2026-08-30 14:29:00,2026-08-31 01:29:00,TEST,
VIA-00673,2026-08-30 14:32:00,2026-08-31 01:32:00,TEST,
VIA-01198,2026-08-30 14:33:00,2026-08-31 01:33:00,TEST,
VIA-00734,2026-08-30 14:51:00,2026-08-31 01:51:00,TEST,
VIA-01185,2026-08-30 15:42:00,2026-08-31 02:42:00,TEST,
VIA-00684,2026-08-30 15:56:00,2026-08-31 02:56:00,TEST,
VIA-00532,2026-08-30 16:23:00,2026-08-31 03:23:00,TEST,
VIA-00836,2026-08-30 16:24:00,2026-08-31 03:24:00,TEST,
VIA-00588,2026-08-30 16:54:00,2026-08-31 03:54:00,TEST,
VIA-00325,2026-08-30 17:26:00,2026-08-31 04:26:00,TEST,
VIA-00987,2026-08-30 18:48:00,2026-08-31 05:48:00,TEST,
VIA-00506,2026-08-30 18:57:00,2026-08-31 05:57:00,TEST,
VIA-00219,2026-08-30 19:25:00,2026-08-31 06:25:00,TEST,
VIA-00422,2026-08-30 19:51:00,2026-08-31 06:51:00,TEST,
VIA-00281,2026-08-30 20:12:00,2026-08-31 07:12:00,TEST,
VIA-01195,2026-08-30 20:20:00,2026-08-31 07:20:00,TEST,
VIA-00768,2026-08-30 20:27:00,2026-08-31 07:27:00,TEST,
VIA-00148,2026-08-30 22:08:00,2026-08-31 09:08:00,TEST,
VIA-00064,2026-08-30 22:11:00,2026-08-31 09:11:00,TEST,
VIA-01167,2026-08-30 22:21:00,2026-08-31 09:21:00,TEST,
VIA-01046,2026-08-30 22:39:00,2026-08-31 09:39:00,TEST,
VIA-00739,2026-08-30 22:44:00,2026-08-31 09:44:00,TEST,
VIA-01117,2026-08-30 22:57:00,2026-08-31 09:57:00,TEST,
VIA-00756,2026-08-30 23:17:00,2026-08-31 10:17:00,TEST,
VIA-00307,2026-08-30 23:19:00,2026-08-31 10:19:00,TEST,
VIA-01178,2026-08-30 23:22:00,2026-08-31 10:22:00,TEST,
VIA-00150,2026-08-30 23:23:00,2026-08-31 10:23:00,TEST,
VIA-00108,2026-08-30 23:41:00,2026-08-31 10:41:00,TEST,
