fila_bronze,rule_id,dimension_calidad,severidad,accion,tipo_problema,columna_afectada,codigo_error,valor_original,detalle,version_catalogo,version_diagnostico
8,IOT-R019,COMPLETITUD,CRITICAL,CUARENTENA,FALTANTE,,FALTANTE,,Humedad vacía,1.0.0,GIAD-M3-S4-IOT-diagnostico-v5
121,IOT-R019,COMPLETITUD,CRITICAL,CUARENTENA,FALTANTE,,FALTANTE,,Humedad vacía,1.0.0,GIAD-M3-S4-IOT-diagnostico-v5
125,IOT-R015,CONFORMIDAD,WARNING,REVISAR,CONFORMIDAD,,PENDIENTE_CONVERSION_F,F,Lectura válida en F; estandarización corresponde al tratamiento,1.0.0,GIAD-M3-S4-IOT-diagnostico-v5
146,IOT-R008,CONFORMIDAD,CRITICAL,CUARENTENA,FORMATO,,FORMATO_INVALIDO, cam-19 ,Formato esperado CAM-00,1.0.0,GIAD-M3-S4-IOT-diagnostico-v5
213,IOT-R019,COMPLETITUD,CRITICAL,CUARENTENA,FALTANTE,,FALTANTE,,Humedad vacía,1.0.0,GIAD-M3-S4-IOT-diagnostico-v5
229,IOT-R018,VALIDEZ,CRITICAL,CUARENTENA,VALIDEZ,,VALOR_CENTINELA,-999.0,-999 indica ausencia o error de lectura,1.0.0,GIAD-M3-S4-IOT-diagnostico-v5
238,IOT-R016,COMPLETITUD,CRITICAL,CUARENTENA,FALTANTE,,FALTANTE,,Temperatura vacía,1.0.0,GIAD-M3-S4-IOT-diagnostico-v5
386,IOT-R015,CONFORMIDAD,WARNING,REVISAR,CONFORMIDAD,,PENDIENTE_CONVERSION_F,F,Lectura válida en F; estandarización corresponde al tratamiento,1.0.0,GIAD-M3-S4-IOT-diagnostico-v5
425,IOT-R018,VALIDEZ,CRITICAL,CUARENTENA,VALIDEZ,,VALOR_CENTINELA,-999.0,-999 indica ausencia o error de lectura,1.0.0,GIAD-M3-S4-IOT-diagnostico-v5
448,IOT-R015,CONFORMIDAD,WARNING,REVISAR,CONFORMIDAD,,PENDIENTE_CONVERSION_F,F,Lectura válida en F; estandarización corresponde al tratamiento,1.0.0,GIAD-M3-S4-IOT-diagnostico-v5
459,IOT-R018,VALIDEZ,CRITICAL,CUARENTENA,VALIDEZ,,VALOR_CENTINELA,-999.0,-999 indica ausencia o error de lectura,1.0.0,GIAD-M3-S4-IOT-diagnostico-v5
469,IOT-R018,VALIDEZ,CRITICAL,CUARENTENA,VALIDEZ,,VALOR_CENTINELA,-999.0,-999 indica ausencia o error de lectura,1.0.0,GIAD-M3-S4-IOT-diagnostico-v5
477,IOT-R016,COMPLETITUD,CRITICAL,CUARENTENA,FALTANTE,,FALTANTE,,Temperatura vacía,1.0.0,GIAD-M3-S4-IOT-diagnostico-v5
505,IOT-R015,CONFORMIDAD,WARNING,REVISAR,CONFORMIDAD,,PENDIENTE_CONVERSION_F,F,Lectura válida en F; estandarización corresponde al tratamiento,1.0.0,GIAD-M3-S4-IOT-diagnostico-v5
530,IOT-R021,VALIDEZ,CRITICAL,CUARENTENA,VALIDEZ,,FUERA_RANGO,-45.2,Humedad fuera de 0 a 100%,1.0.0,GIAD-M3-S4-IOT-diagnostico-v5
533,IOT-R019,COMPLETITUD,CRITICAL,CUARENTENA,FALTANTE,,FALTANTE,,Humedad vacía,1.0.0,GIAD-M3-S4-IOT-diagnostico-v5
560,IOT-R015,CONFORMIDAD,WARNING,REVISAR,CONFORMIDAD,,PENDIENTE_CONVERSION_F,F,Lectura válida en F; estandarización corresponde al tratamiento,1.0.0,GIAD-M3-S4-IOT-diagnostico-v5
598,IOT-R019,COMPLETITUD,CRITICAL,CUARENTENA,FALTANTE,,FALTANTE,,Humedad vacía,1.0.0,GIAD-M3-S4-IOT-diagnostico-v5
643,IOT-R018,VALIDEZ,CRITICAL,CUARENTENA,VALIDEZ,,VALOR_CENTINELA,-999.0,-999 indica ausencia o error de lectura,1.0.0,GIAD-M3-S4-IOT-diagnostico-v5
757,IOT-R016,COMPLETITUD,CRITICAL,CUARENTENA,FALTANTE,,FALTANTE,,Temperatura vacía,1.0.0,GIAD-M3-S4-IOT-diagnostico-v5
839,IOT-R015,CONFORMIDAD,WARNING,REVISAR,CONFORMIDAD,,PENDIENTE_CONVERSION_F,F,Lectura válida en F; estandarización corresponde al tratamiento,1.0.0,GIAD-M3-S4-IOT-diagnostico-v5
901,IOT-R018,VALIDEZ,CRITICAL,CUARENTENA,VALIDEZ,,VALOR_CENTINELA,-999.0,-999 indica ausencia o error de lectura,1.0.0,GIAD-M3-S4-IOT-diagnostico-v5
1079,IOT-R016,COMPLETITUD,CRITICAL,CUARENTENA,FALTANTE,,FALTANTE,,Temperatura vacía,1.0.0,GIAD-M3-S4-IOT-diagnostico-v5
1101,IOT-R018,VALIDEZ,CRITICAL,CUARENTENA,VALIDEZ,,VALOR_CENTINELA,-999.0,-999 indica ausencia o error de lectura,1.0.0,GIAD-M3-S4-IOT-diagnostico-v5
1137,IOT-R015,CONFORMIDAD,WARNING,REVISAR,CONFORMIDAD,,PENDIENTE_CONVERSION_F,F,Lectura válida en F; estandarización corresponde al tratamiento,1.0.0,GIAD-M3-S4-IOT-diagnostico-v5
1169,IOT-R016,COMPLETITUD,CRITICAL,CUARENTENA,FALTANTE,,FALTANTE,,Temperatura vacía,1.0.0,GIAD-M3-S4-IOT-diagnostico-v5
1205,IOT-R018,VALIDEZ,CRITICAL,CUARENTENA,VALIDEZ,,VALOR_CENTINELA,-999.0,-999 indica ausencia o error de lectura,1.0.0,GIAD-M3-S4-IOT-diagnostico-v5
1208,IOT-R018,VALIDEZ,CRITICAL,CUARENTENA,VALIDEZ,,VALOR_CENTINELA,-999.0,-999 indica ausencia o error de lectura,1.0.0,GIAD-M3-S4-IOT-diagnostico-v5
1233,IOT-R018,VALIDEZ,CRITICAL,CUARENTENA,VALIDEZ,,VALOR_CENTINELA,-999.0,-999 indica ausencia o error de lectura,1.0.0,GIAD-M3-S4-IOT-diagnostico-v5
1276,IOT-R021,VALIDEZ,CRITICAL,CUARENTENA,VALIDEZ,,FUERA_RANGO,-72.7,Humedad fuera de 0 a 100%,1.0.0,GIAD-M3-S4-IOT-diagnostico-v5
1286,IOT-R016,COMPLETITUD,CRITICAL,CUARENTENA,FALTANTE,,FALTANTE,,Temperatura vacía,1.0.0,GIAD-M3-S4-IOT-diagnostico-v5
1336,IOT-R016,COMPLETITUD,CRITICAL,CUARENTENA,FALTANTE,,FALTANTE,,Temperatura vacía,1.0.0,GIAD-M3-S4-IOT-diagnostico-v5
1402,IOT-R018,VALIDEZ,CRITICAL,CUARENTENA,VALIDEZ,,VALOR_CENTINELA,-999.0,-999 indica ausencia o error de lectura,1.0.0,GIAD-M3-S4-IOT-diagnostico-v5
1469,IOT-R016,COMPLETITUD,CRITICAL,CUARENTENA,FALTANTE,,FALTANTE,,Temperatura vacía,1.0.0,GIAD-M3-S4-IOT-diagnostico-v5
1471,IOT-R018,VALIDEZ,CRITICAL,CUARENTENA,VALIDEZ,,VALOR_CENTINELA,-999.0,-999 indica ausencia o error de lectura,1.0.0,GIAD-M3-S4-IOT-diagnostico-v5
1594,IOT-R008,CONFORMIDAD,CRITICAL,CUARENTENA,FORMATO,,FORMATO_INVALIDO, cam-20 ,Formato esperado CAM-00,1.0.0,GIAD-M3-S4-IOT-diagnostico-v5
1660,IOT-R018,VALIDEZ,CRITICAL,CUARENTENA,VALIDEZ,,VALOR_CENTINELA,-999.0,-999 indica ausencia o error de lectura,1.0.0,GIAD-M3-S4-IOT-diagnostico-v5
1697,IOT-R008,CONFORMIDAD,CRITICAL,CUARENTENA,FORMATO,,FORMATO_INVALIDO, cam-10 ,Formato esperado CAM-00,1.0.0,GIAD-M3-S4-IOT-diagnostico-v5
1730,IOT-R016,COMPLETITUD,CRITICAL,CUARENTENA,FALTANTE,,FALTANTE,,Temperatura vacía,1.0.0,GIAD-M3-S4-IOT-diagnostico-v5
1750,IOT-R018,VALIDEZ,CRITICAL,CUARENTENA,VALIDEZ,,VALOR_CENTINELA,-999.0,-999 indica ausencia o error de lectura,1.0.0,GIAD-M3-S4-IOT-diagnostico-v5
1756,IOT-R008,CONFORMIDAD,CRITICAL,CUARENTENA,FORMATO,,FORMATO_INVALIDO, cam-15 ,Formato esperado CAM-00,1.0.0,GIAD-M3-S4-IOT-diagnostico-v5
1798,IOT-R019,COMPLETITUD,CRITICAL,CUARENTENA,FALTANTE,,FALTANTE,,Humedad vacía,1.0.0,GIAD-M3-S4-IOT-diagnostico-v5
1967,IOT-R016,COMPLETITUD,CRITICAL,CUARENTENA,FALTANTE,,FALTANTE,,Temperatura vacía,1.0.0,GIAD-M3-S4-IOT-diagnostico-v5
2184,IOT-R018,VALIDEZ,CRITICAL,CUARENTENA,VALIDEZ,,VALOR_CENTINELA,-999.0,-999 indica ausencia o error de lectura,1.0.0,GIAD-M3-S4-IOT-diagnostico-v5
2346,IOT-R016,COMPLETITUD,CRITICAL,CUARENTENA,FALTANTE,,FALTANTE,,Temperatura vacía,1.0.0,GIAD-M3-S4-IOT-diagnostico-v5
2356,IOT-R016,COMPLETITUD,CRITICAL,CUARENTENA,FALTANTE,,FALTANTE,,Temperatura vacía,1.0.0,GIAD-M3-S4-IOT-diagnostico-v5
2515,IOT-R008,CONFORMIDAD,CRITICAL,CUARENTENA,FORMATO,,FORMATO_INVALIDO, cam-01 ,Formato esperado CAM-00,1.0.0,GIAD-M3-S4-IOT-diagnostico-v5
2583,IOT-R016,COMPLETITUD,CRITICAL,CUARENTENA,FALTANTE,,FALTANTE,,Temperatura vacía,1.0.0,GIAD-M3-S4-IOT-diagnostico-v5
2599,IOT-R015,CONFORMIDAD,WARNING,REVISAR,CONFORMIDAD,,PENDIENTE_CONVERSION_F,F,Lectura válida en F; estandarización corresponde al tratamiento,1.0.0,GIAD-M3-S4-IOT-diagnostico-v5
2601,IOT-R019,COMPLETITUD,CRITICAL,CUARENTENA,FALTANTE,,FALTANTE,,Humedad vacía,1.0.0,GIAD-M3-S4-IOT-diagnostico-v5
2788,IOT-R019,COMPLETITUD,CRITICAL,CUARENTENA,FALTANTE,,FALTANTE,,Humedad vacía,1.0.0,GIAD-M3-S4-IOT-diagnostico-v5
2826,IOT-R015,CONFORMIDAD,WARNING,REVISAR,CONFORMIDAD,,PENDIENTE_CONVERSION_F,F,Lectura válida en F; estandarización corresponde al tratamiento,1.0.0,GIAD-M3-S4-IOT-diagnostico-v5
2927,IOT-R018,VALIDEZ,CRITICAL,CUARENTENA,VALIDEZ,,VALOR_CENTINELA,-999.0,-999 indica ausencia o error de lectura,1.0.0,GIAD-M3-S4-IOT-diagnostico-v5
2959,IOT-R012,UNICIDAD,CRITICAL,CUARENTENA,UNICIDAD,,CLAVE_EN_CONFLICTO,VIA-00124 + 2026-08-19 13:56:00,Lecturas diferentes con igual clave candidata; se marcan todas,1.0.0,GIAD-M3-S4-IOT-diagnostico-v5
2990,IOT-R016,COMPLETITUD,CRITICAL,CUARENTENA,FALTANTE,,FALTANTE,,Temperatura vacía,1.0.0,GIAD-M3-S4-IOT-diagnostico-v5
3019,IOT-R019,COMPLETITUD,CRITICAL,CUARENTENA,FALTANTE,,FALTANTE,,Humedad vacía,1.0.0,GIAD-M3-S4-IOT-diagnostico-v5
3060,IOT-R016,COMPLETITUD,CRITICAL,CUARENTENA,FALTANTE,,FALTANTE,,Temperatura vacía,1.0.0,GIAD-M3-S4-IOT-diagnostico-v5
3106,IOT-R019,COMPLETITUD,CRITICAL,CUARENTENA,FALTANTE,,FALTANTE,,Humedad vacía,1.0.0,GIAD-M3-S4-IOT-diagnostico-v5
3201,IOT-R019,COMPLETITUD,CRITICAL,CUARENTENA,FALTANTE,,FALTANTE,,Humedad vacía,1.0.0,GIAD-M3-S4-IOT-diagnostico-v5
3239,IOT-R008,CONFORMIDAD,CRITICAL,CUARENTENA,FORMATO,,FORMATO_INVALIDO, cam-12 ,Formato esperado CAM-00,1.0.0,GIAD-M3-S4-IOT-diagnostico-v5
3268,IOT-R018,VALIDEZ,CRITICAL,CUARENTENA,VALIDEZ,,VALOR_CENTINELA,-999.0,-999 indica ausencia o error de lectura,1.0.0,GIAD-M3-S4-IOT-diagnostico-v5
3272,IOT-R019,COMPLETITUD,CRITICAL,CUARENTENA,FALTANTE,,FALTANTE,,Humedad vacía,1.0.0,GIAD-M3-S4-IOT-diagnostico-v5
3300,IOT-R019,COMPLETITUD,CRITICAL,CUARENTENA,FALTANTE,,FALTANTE,,Humedad vacía,1.0.0,GIAD-M3-S4-IOT-diagnostico-v5
3307,IOT-R018,VALIDEZ,CRITICAL,CUARENTENA,VALIDEZ,,VALOR_CENTINELA,-999.0,-999 indica ausencia o error de lectura,1.0.0,GIAD-M3-S4-IOT-diagnostico-v5
3343,IOT-R019,COMPLETITUD,CRITICAL,CUARENTENA,FALTANTE,,FALTANTE,,Humedad vacía,1.0.0,GIAD-M3-S4-IOT-diagnostico-v5
3349,IOT-R019,COMPLETITUD,CRITICAL,CUARENTENA,FALTANTE,,FALTANTE,,Humedad vacía,1.0.0,GIAD-M3-S4-IOT-diagnostico-v5
3350,IOT-R014,VALIDEZ,CRITICAL,CUARENTENA,VALIDEZ,,UNIDAD_NO_RECONOCIDA,K,Unidad distinta de C o F,1.0.0,GIAD-M3-S4-IOT-diagnostico-v5
3415,IOT-R015,CONFORMIDAD,WARNING,REVISAR,CONFORMIDAD,,PENDIENTE_CONVERSION_F,F,Lectura válida en F; estandarización corresponde al tratamiento,1.0.0,GIAD-M3-S4-IOT-diagnostico-v5
3417,IOT-R018,VALIDEZ,CRITICAL,CUARENTENA,VALIDEZ,,VALOR_CENTINELA,-999.0,-999 indica ausencia o error de lectura,1.0.0,GIAD-M3-S4-IOT-diagnostico-v5
3617,IOT-R016,COMPLETITUD,CRITICAL,CUARENTENA,FALTANTE,,FALTANTE,,Temperatura vacía,1.0.0,GIAD-M3-S4-IOT-diagnostico-v5
3793,IOT-R008,CONFORMIDAD,CRITICAL,CUARENTENA,FORMATO,,FORMATO_INVALIDO, cam-10 ,Formato esperado CAM-00,1.0.0,GIAD-M3-S4-IOT-diagnostico-v5
4011,IOT-R018,VALIDEZ,CRITICAL,CUARENTENA,VALIDEZ,,VALOR_CENTINELA,-999.0,-999 indica ausencia o error de lectura,1.0.0,GIAD-M3-S4-IOT-diagnostico-v5
4059,IOT-R019,COMPLETITUD,CRITICAL,CUARENTENA,FALTANTE,,FALTANTE,,Humedad vacía,1.0.0,GIAD-M3-S4-IOT-diagnostico-v5
4065,IOT-R019,COMPLETITUD,CRITICAL,CUARENTENA,FALTANTE,,FALTANTE,,Humedad vacía,1.0.0,GIAD-M3-S4-IOT-diagnostico-v5
4067,IOT-R019,COMPLETITUD,CRITICAL,CUARENTENA,FALTANTE,,FALTANTE,,Humedad vacía,1.0.0,GIAD-M3-S4-IOT-diagnostico-v5
4073,IOT-R015,CONFORMIDAD,WARNING,REVISAR,CONFORMIDAD,,PENDIENTE_CONVERSION_F,F,Lectura válida en F; estandarización corresponde al tratamiento,1.0.0,GIAD-M3-S4-IOT-diagnostico-v5
4102,IOT-R016,COMPLETITUD,CRITICAL,CUARENTENA,FALTANTE,,FALTANTE,,Temperatura vacía,1.0.0,GIAD-M3-S4-IOT-diagnostico-v5
4340,IOT-R015,CONFORMIDAD,WARNING,REVISAR,CONFORMIDAD,,PENDIENTE_CONVERSION_F,F,Lectura válida en F; estandarización corresponde al tratamiento,1.0.0,GIAD-M3-S4-IOT-diagnostico-v5
4388,IOT-R015,CONFORMIDAD,WARNING,REVISAR,CONFORMIDAD,,PENDIENTE_CONVERSION_F,F,Lectura válida en F; estandarización corresponde al tratamiento,1.0.0,GIAD-M3-S4-IOT-diagnostico-v5
4423,IOT-R019,COMPLETITUD,CRITICAL,CUARENTENA,FALTANTE,,FALTANTE,,Humedad vacía,1.0.0,GIAD-M3-S4-IOT-diagnostico-v5
4537,IOT-R002,CONFORMIDAD,CRITICAL,CUARENTENA,FORMATO,,FECHA_INVALIDA,2026-02-31 09:15:00,Formato incorrecto o fecha imposible,1.0.0,GIAD-M3-S4-IOT-diagnostico-v5
4576,IOT-R019,COMPLETITUD,CRITICAL,CUARENTENA,FALTANTE,,FALTANTE,,Humedad vacía,1.0.0,GIAD-M3-S4-IOT-diagnostico-v5
4593,IOT-R016,COMPLETITUD,CRITICAL,CUARENTENA,FALTANTE,,FALTANTE,,Temperatura vacía,1.0.0,GIAD-M3-S4-IOT-diagnostico-v5
4599,IOT-R016,COMPLETITUD,CRITICAL,CUARENTENA,FALTANTE,,FALTANTE,,Temperatura vacía,1.0.0,GIAD-M3-S4-IOT-diagnostico-v5
4621,IOT-R008,CONFORMIDAD,CRITICAL,CUARENTENA,FORMATO,,FORMATO_INVALIDO, cam-19 ,Formato esperado CAM-00,1.0.0,GIAD-M3-S4-IOT-diagnostico-v5
4674,IOT-R016,COMPLETITUD,CRITICAL,CUARENTENA,FALTANTE,,FALTANTE,,Temperatura vacía,1.0.0,GIAD-M3-S4-IOT-diagnostico-v5
4768,IOT-R002,CONFORMIDAD,CRITICAL,CUARENTENA,FORMATO,,FECHA_INVALIDA,2026-02-31 09:15:00,Formato incorrecto o fecha imposible,1.0.0,GIAD-M3-S4-IOT-diagnostico-v5
4836,IOT-R018,VALIDEZ,CRITICAL,CUARENTENA,VALIDEZ,,VALOR_CENTINELA,-999.0,-999 indica ausencia o error de lectura,1.0.0,GIAD-M3-S4-IOT-diagnostico-v5
4907,IOT-R019,COMPLETITUD,CRITICAL,CUARENTENA,FALTANTE,,FALTANTE,,Humedad vacía,1.0.0,GIAD-M3-S4-IOT-diagnostico-v5
5043,IOT-R018,VALIDEZ,CRITICAL,CUARENTENA,VALIDEZ,,VALOR_CENTINELA,-999.0,-999 indica ausencia o error de lectura,1.0.0,GIAD-M3-S4-IOT-diagnostico-v5
5045,IOT-R015,CONFORMIDAD,WARNING,REVISAR,CONFORMIDAD,,PENDIENTE_CONVERSION_F,F,Lectura válida en F; estandarización corresponde al tratamiento,1.0.0,GIAD-M3-S4-IOT-diagnostico-v5
5113,IOT-R019,COMPLETITUD,CRITICAL,CUARENTENA,FALTANTE,,FALTANTE,,Humedad vacía,1.0.0,GIAD-M3-S4-IOT-diagnostico-v5
5161,IOT-R018,VALIDEZ,CRITICAL,CUARENTENA,VALIDEZ,,VALOR_CENTINELA,-999.0,-999 indica ausencia o error de lectura,1.0.0,GIAD-M3-S4-IOT-diagnostico-v5
5222,IOT-R018,VALIDEZ,CRITICAL,CUARENTENA,VALIDEZ,,VALOR_CENTINELA,-999.0,-999 indica ausencia o error de lectura,1.0.0,GIAD-M3-S4-IOT-diagnostico-v5
5252,IOT-R018,VALIDEZ,CRITICAL,CUARENTENA,VALIDEZ,,VALOR_CENTINELA,-999.0,-999 indica ausencia o error de lectura,1.0.0,GIAD-M3-S4-IOT-diagnostico-v5
5307,IOT-R019,COMPLETITUD,CRITICAL,CUARENTENA,FALTANTE,,FALTANTE,,Humedad vacía,1.0.0,GIAD-M3-S4-IOT-diagnostico-v5
5316,IOT-R016,COMPLETITUD,CRITICAL,CUARENTENA,FALTANTE,,FALTANTE,,Temperatura vacía,1.0.0,GIAD-M3-S4-IOT-diagnostico-v5
5331,IOT-R008,CONFORMIDAD,CRITICAL,CUARENTENA,FORMATO,,FORMATO_INVALIDO, cam-24 ,Formato esperado CAM-00,1.0.0,GIAD-M3-S4-IOT-diagnostico-v5
5370,IOT-R018,VALIDEZ,CRITICAL,CUARENTENA,VALIDEZ,,VALOR_CENTINELA,-999.0,-999 indica ausencia o error de lectura,1.0.0,GIAD-M3-S4-IOT-diagnostico-v5
5371,IOT-R019,COMPLETITUD,CRITICAL,CUARENTENA,FALTANTE,,FALTANTE,,Humedad vacía,1.0.0,GIAD-M3-S4-IOT-diagnostico-v5
5376,IOT-R015,CONFORMIDAD,WARNING,REVISAR,CONFORMIDAD,,PENDIENTE_CONVERSION_F,F,Lectura válida en F; estandarización corresponde al tratamiento,1.0.0,GIAD-M3-S4-IOT-diagnostico-v5
5468,IOT-R019,COMPLETITUD,CRITICAL,CUARENTENA,FALTANTE,,FALTANTE,,Humedad vacía,1.0.0,GIAD-M3-S4-IOT-diagnostico-v5
5609,IOT-R016,COMPLETITUD,CRITICAL,CUARENTENA,FALTANTE,,FALTANTE,,Temperatura vacía,1.0.0,GIAD-M3-S4-IOT-diagnostico-v5
5628,IOT-R018,VALIDEZ,CRITICAL,CUARENTENA,VALIDEZ,,VALOR_CENTINELA,-999.0,-999 indica ausencia o error de lectura,1.0.0,GIAD-M3-S4-IOT-diagnostico-v5
5717,IOT-R015,CONFORMIDAD,WARNING,REVISAR,CONFORMIDAD,,PENDIENTE_CONVERSION_F,F,Lectura válida en F; estandarización corresponde al tratamiento,1.0.0,GIAD-M3-S4-IOT-diagnostico-v5
5823,IOT-R002,CONFORMIDAD,CRITICAL,CUARENTENA,FORMATO,,FECHA_INVALIDA,2026-02-31 09:15:00,Formato incorrecto o fecha imposible,1.0.0,GIAD-M3-S4-IOT-diagnostico-v5
5856,IOT-R016,COMPLETITUD,CRITICAL,CUARENTENA,FALTANTE,,FALTANTE,,Temperatura vacía,1.0.0,GIAD-M3-S4-IOT-diagnostico-v5
5957,IOT-R008,CONFORMIDAD,CRITICAL,CUARENTENA,FORMATO,,FORMATO_INVALIDO, cam-08 ,Formato esperado CAM-00,1.0.0,GIAD-M3-S4-IOT-diagnostico-v5
6174,IOT-R018,VALIDEZ,CRITICAL,CUARENTENA,VALIDEZ,,VALOR_CENTINELA,-999.0,-999 indica ausencia o error de lectura,1.0.0,GIAD-M3-S4-IOT-diagnostico-v5
6244,IOT-R008,CONFORMIDAD,CRITICAL,CUARENTENA,FORMATO,,FORMATO_INVALIDO, cam-29 ,Formato esperado CAM-00,1.0.0,GIAD-M3-S4-IOT-diagnostico-v5
6397,IOT-R016,COMPLETITUD,CRITICAL,CUARENTENA,FALTANTE,,FALTANTE,,Temperatura vacía,1.0.0,GIAD-M3-S4-IOT-diagnostico-v5
6473,IOT-R019,COMPLETITUD,CRITICAL,CUARENTENA,FALTANTE,,FALTANTE,,Humedad vacía,1.0.0,GIAD-M3-S4-IOT-diagnostico-v5
6477,IOT-R018,VALIDEZ,CRITICAL,CUARENTENA,VALIDEZ,,VALOR_CENTINELA,-999.0,-999 indica ausencia o error de lectura,1.0.0,GIAD-M3-S4-IOT-diagnostico-v5
6562,IOT-R008,CONFORMIDAD,CRITICAL,CUARENTENA,FORMATO,,FORMATO_INVALIDO, cam-15 ,Formato esperado CAM-00,1.0.0,GIAD-M3-S4-IOT-diagnostico-v5
6767,IOT-R019,COMPLETITUD,CRITICAL,CUARENTENA,FALTANTE,,FALTANTE,,Humedad vacía,1.0.0,GIAD-M3-S4-IOT-diagnostico-v5
6832,IOT-R019,COMPLETITUD,CRITICAL,CUARENTENA,FALTANTE,,FALTANTE,,Humedad vacía,1.0.0,GIAD-M3-S4-IOT-diagnostico-v5
7093,IOT-R015,CONFORMIDAD,WARNING,REVISAR,CONFORMIDAD,,PENDIENTE_CONVERSION_F,F,Lectura válida en F; estandarización corresponde al tratamiento,1.0.0,GIAD-M3-S4-IOT-diagnostico-v5
7173,IOT-R021,VALIDEZ,CRITICAL,CUARENTENA,VALIDEZ,,FUERA_RANGO,-81.2,Humedad fuera de 0 a 100%,1.0.0,GIAD-M3-S4-IOT-diagnostico-v5
7228,IOT-R018,VALIDEZ,CRITICAL,CUARENTENA,VALIDEZ,,VALOR_CENTINELA,-999.0,-999 indica ausencia o error de lectura,1.0.0,GIAD-M3-S4-IOT-diagnostico-v5
7245,IOT-R019,COMPLETITUD,CRITICAL,CUARENTENA,FALTANTE,,FALTANTE,,Humedad vacía,1.0.0,GIAD-M3-S4-IOT-diagnostico-v5
7256,IOT-R019,COMPLETITUD,CRITICAL,CUARENTENA,FALTANTE,,FALTANTE,,Humedad vacía,1.0.0,GIAD-M3-S4-IOT-diagnostico-v5
7331,IOT-R018,VALIDEZ,CRITICAL,CUARENTENA,VALIDEZ,,VALOR_CENTINELA,-999.0,-999 indica ausencia o error de lectura,1.0.0,GIAD-M3-S4-IOT-diagnostico-v5
7391,IOT-R016,COMPLETITUD,CRITICAL,CUARENTENA,FALTANTE,,FALTANTE,,Temperatura vacía,1.0.0,GIAD-M3-S4-IOT-diagnostico-v5
7455,IOT-R019,COMPLETITUD,CRITICAL,CUARENTENA,FALTANTE,,FALTANTE,,Humedad vacía,1.0.0,GIAD-M3-S4-IOT-diagnostico-v5
7467,IOT-R018,VALIDEZ,CRITICAL,CUARENTENA,VALIDEZ,,VALOR_CENTINELA,-999.0,-999 indica ausencia o error de lectura,1.0.0,GIAD-M3-S4-IOT-diagnostico-v5
7583,IOT-R016,COMPLETITUD,CRITICAL,CUARENTENA,FALTANTE,,FALTANTE,,Temperatura vacía,1.0.0,GIAD-M3-S4-IOT-diagnostico-v5
7681,IOT-R021,VALIDEZ,CRITICAL,CUARENTENA,VALIDEZ,,FUERA_RANGO,-50.5,Humedad fuera de 0 a 100%,1.0.0,GIAD-M3-S4-IOT-diagnostico-v5
7697,IOT-R015,CONFORMIDAD,WARNING,REVISAR,CONFORMIDAD,,PENDIENTE_CONVERSION_F,F,Lectura válida en F; estandarización corresponde al tratamiento,1.0.0,GIAD-M3-S4-IOT-diagnostico-v5
7749,IOT-R018,VALIDEZ,CRITICAL,CUARENTENA,VALIDEZ,,VALOR_CENTINELA,-999.0,-999 indica ausencia o error de lectura,1.0.0,GIAD-M3-S4-IOT-diagnostico-v5
7776,IOT-R016,COMPLETITUD,CRITICAL,CUARENTENA,FALTANTE,,FALTANTE,,Temperatura vacía,1.0.0,GIAD-M3-S4-IOT-diagnostico-v5
7782,IOT-R016,COMPLETITUD,CRITICAL,CUARENTENA,FALTANTE,,FALTANTE,,Temperatura vacía,1.0.0,GIAD-M3-S4-IOT-diagnostico-v5
7832,IOT-R018,VALIDEZ,CRITICAL,CUARENTENA,VALIDEZ,,VALOR_CENTINELA,-999.0,-999 indica ausencia o error de lectura,1.0.0,GIAD-M3-S4-IOT-diagnostico-v5
7898,IOT-R008,CONFORMIDAD,CRITICAL,CUARENTENA,FORMATO,,FORMATO_INVALIDO, cam-19 ,Formato esperado CAM-00,1.0.0,GIAD-M3-S4-IOT-diagnostico-v5
7941,IOT-R019,COMPLETITUD,CRITICAL,CUARENTENA,FALTANTE,,FALTANTE,,Humedad vacía,1.0.0,GIAD-M3-S4-IOT-diagnostico-v5
7977,IOT-R015,CONFORMIDAD,WARNING,REVISAR,CONFORMIDAD,,PENDIENTE_CONVERSION_F,F,Lectura válida en F; estandarización corresponde al tratamiento,1.0.0,GIAD-M3-S4-IOT-diagnostico-v5
8028,IOT-R016,COMPLETITUD,CRITICAL,CUARENTENA,FALTANTE,,FALTANTE,,Temperatura vacía,1.0.0,GIAD-M3-S4-IOT-diagnostico-v5
8232,IOT-R019,COMPLETITUD,CRITICAL,CUARENTENA,FALTANTE,,FALTANTE,,Humedad vacía,1.0.0,GIAD-M3-S4-IOT-diagnostico-v5
8284,IOT-R015,CONFORMIDAD,WARNING,REVISAR,CONFORMIDAD,,PENDIENTE_CONVERSION_F,F,Lectura válida en F; estandarización corresponde al tratamiento,1.0.0,GIAD-M3-S4-IOT-diagnostico-v5
8373,IOT-R015,CONFORMIDAD,WARNING,REVISAR,CONFORMIDAD,,PENDIENTE_CONVERSION_F,F,Lectura válida en F; estandarización corresponde al tratamiento,1.0.0,GIAD-M3-S4-IOT-diagnostico-v5
8389,IOT-R018,VALIDEZ,CRITICAL,CUARENTENA,VALIDEZ,,VALOR_CENTINELA,-999.0,-999 indica ausencia o error de lectura,1.0.0,GIAD-M3-S4-IOT-diagnostico-v5
8551,IOT-R015,CONFORMIDAD,WARNING,REVISAR,CONFORMIDAD,,PENDIENTE_CONVERSION_F,F,Lectura válida en F; estandarización corresponde al tratamiento,1.0.0,GIAD-M3-S4-IOT-diagnostico-v5
8559,IOT-R018,VALIDEZ,CRITICAL,CUARENTENA,VALIDEZ,,VALOR_CENTINELA,-999.0,-999 indica ausencia o error de lectura,1.0.0,GIAD-M3-S4-IOT-diagnostico-v5
8696,IOT-R002,CONFORMIDAD,CRITICAL,CUARENTENA,FORMATO,,FECHA_INVALIDA,2026-02-31 09:15:00,Formato incorrecto o fecha imposible,1.0.0,GIAD-M3-S4-IOT-diagnostico-v5
8860,IOT-R015,CONFORMIDAD,WARNING,REVISAR,CONFORMIDAD,,PENDIENTE_CONVERSION_F,F,Lectura válida en F; estandarización corresponde al tratamiento,1.0.0,GIAD-M3-S4-IOT-diagnostico-v5
9088,IOT-R018,VALIDEZ,CRITICAL,CUARENTENA,VALIDEZ,,VALOR_CENTINELA,-999.0,-999 indica ausencia o error de lectura,1.0.0,GIAD-M3-S4-IOT-diagnostico-v5
9173,IOT-R008,CONFORMIDAD,CRITICAL,CUARENTENA,FORMATO,,FORMATO_INVALIDO, cam-26 ,Formato esperado CAM-00,1.0.0,GIAD-M3-S4-IOT-diagnostico-v5
9200,IOT-R008,CONFORMIDAD,CRITICAL,CUARENTENA,FORMATO,,FORMATO_INVALIDO, cam-06 ,Formato esperado CAM-00,1.0.0,GIAD-M3-S4-IOT-diagnostico-v5
9215,IOT-R018,VALIDEZ,CRITICAL,CUARENTENA,VALIDEZ,,VALOR_CENTINELA,-999.0,-999 indica ausencia o error de lectura,1.0.0,GIAD-M3-S4-IOT-diagnostico-v5
9333,IOT-R016,COMPLETITUD,CRITICAL,CUARENTENA,FALTANTE,,FALTANTE,,Temperatura vacía,1.0.0,GIAD-M3-S4-IOT-diagnostico-v5
9382,IOT-R018,VALIDEZ,CRITICAL,CUARENTENA,VALIDEZ,,VALOR_CENTINELA,-999.0,-999 indica ausencia o error de lectura,1.0.0,GIAD-M3-S4-IOT-diagnostico-v5
9412,IOT-R019,COMPLETITUD,CRITICAL,CUARENTENA,FALTANTE,,FALTANTE,,Humedad vacía,1.0.0,GIAD-M3-S4-IOT-diagnostico-v5
9456,IOT-R002,CONFORMIDAD,CRITICAL,CUARENTENA,FORMATO,,FECHA_INVALIDA,2026-02-31 09:15:00,Formato incorrecto o fecha imposible,1.0.0,GIAD-M3-S4-IOT-diagnostico-v5
9525,IOT-R018,VALIDEZ,CRITICAL,CUARENTENA,VALIDEZ,,VALOR_CENTINELA,-999.0,-999 indica ausencia o error de lectura,1.0.0,GIAD-M3-S4-IOT-diagnostico-v5
9735,IOT-R018,VALIDEZ,CRITICAL,CUARENTENA,VALIDEZ,,VALOR_CENTINELA,-999.0,-999 indica ausencia o error de lectura,1.0.0,GIAD-M3-S4-IOT-diagnostico-v5
9741,IOT-R008,CONFORMIDAD,CRITICAL,CUARENTENA,FORMATO,,FORMATO_INVALIDO, cam-20 ,Formato esperado CAM-00,1.0.0,GIAD-M3-S4-IOT-diagnostico-v5
9800,IOT-R015,CONFORMIDAD,WARNING,REVISAR,CONFORMIDAD,,PENDIENTE_CONVERSION_F,F,Lectura válida en F; estandarización corresponde al tratamiento,1.0.0,GIAD-M3-S4-IOT-diagnostico-v5
9816,IOT-R008,CONFORMIDAD,CRITICAL,CUARENTENA,FORMATO,,FORMATO_INVALIDO, cam-28 ,Formato esperado CAM-00,1.0.0,GIAD-M3-S4-IOT-diagnostico-v5
9968,IOT-R019,COMPLETITUD,CRITICAL,CUARENTENA,FALTANTE,,FALTANTE,,Humedad vacía,1.0.0,GIAD-M3-S4-IOT-diagnostico-v5
10021,IOT-R016,COMPLETITUD,CRITICAL,CUARENTENA,FALTANTE,,FALTANTE,,Temperatura vacía,1.0.0,GIAD-M3-S4-IOT-diagnostico-v5
10080,IOT-R016,COMPLETITUD,CRITICAL,CUARENTENA,FALTANTE,,FALTANTE,,Temperatura vacía,1.0.0,GIAD-M3-S4-IOT-diagnostico-v5
10093,IOT-R018,VALIDEZ,CRITICAL,CUARENTENA,VALIDEZ,,VALOR_CENTINELA,-999.0,-999 indica ausencia o error de lectura,1.0.0,GIAD-M3-S4-IOT-diagnostico-v5
10123,IOT-R002,CONFORMIDAD,CRITICAL,CUARENTENA,FORMATO,,FECHA_INVALIDA,2026-02-31 09:15:00,Formato incorrecto o fecha imposible,1.0.0,GIAD-M3-S4-IOT-diagnostico-v5
10123,IOT-R015,CONFORMIDAD,WARNING,REVISAR,CONFORMIDAD,,PENDIENTE_CONVERSION_F,F,Lectura válida en F; estandarización corresponde al tratamiento,1.0.0,GIAD-M3-S4-IOT-diagnostico-v5
10164,IOT-R015,CONFORMIDAD,WARNING,REVISAR,CONFORMIDAD,,PENDIENTE_CONVERSION_F,F,Lectura válida en F; estandarización corresponde al tratamiento,1.0.0,GIAD-M3-S4-IOT-diagnostico-v5
10240,IOT-R019,COMPLETITUD,CRITICAL,CUARENTENA,FALTANTE,,FALTANTE,,Humedad vacía,1.0.0,GIAD-M3-S4-IOT-diagnostico-v5
10284,IOT-R018,VALIDEZ,CRITICAL,CUARENTENA,VALIDEZ,,VALOR_CENTINELA,-999.0,-999 indica ausencia o error de lectura,1.0.0,GIAD-M3-S4-IOT-diagnostico-v5
10286,IOT-R018,VALIDEZ,CRITICAL,CUARENTENA,VALIDEZ,,VALOR_CENTINELA,-999.0,-999 indica ausencia o error de lectura,1.0.0,GIAD-M3-S4-IOT-diagnostico-v5
10287,IOT-R008,CONFORMIDAD,CRITICAL,CUARENTENA,FORMATO,,FORMATO_INVALIDO, cam-24 ,Formato esperado CAM-00,1.0.0,GIAD-M3-S4-IOT-diagnostico-v5
10309,IOT-R019,COMPLETITUD,CRITICAL,CUARENTENA,FALTANTE,,FALTANTE,,Humedad vacía,1.0.0,GIAD-M3-S4-IOT-diagnostico-v5
10372,IOT-R016,COMPLETITUD,CRITICAL,CUARENTENA,FALTANTE,,FALTANTE,,Temperatura vacía,1.0.0,GIAD-M3-S4-IOT-diagnostico-v5
10385,IOT-R019,COMPLETITUD,CRITICAL,CUARENTENA,FALTANTE,,FALTANTE,,Humedad vacía,1.0.0,GIAD-M3-S4-IOT-diagnostico-v5
10404,IOT-R018,VALIDEZ,CRITICAL,CUARENTENA,VALIDEZ,,VALOR_CENTINELA,-999.0,-999 indica ausencia o error de lectura,1.0.0,GIAD-M3-S4-IOT-diagnostico-v5
10511,IOT-R018,VALIDEZ,CRITICAL,CUARENTENA,VALIDEZ,,VALOR_CENTINELA,-999.0,-999 indica ausencia o error de lectura,1.0.0,GIAD-M3-S4-IOT-diagnostico-v5
10589,IOT-R015,CONFORMIDAD,WARNING,REVISAR,CONFORMIDAD,,PENDIENTE_CONVERSION_F,F,Lectura válida en F; estandarización corresponde al tratamiento,1.0.0,GIAD-M3-S4-IOT-diagnostico-v5
10599,IOT-R019,COMPLETITUD,CRITICAL,CUARENTENA,FALTANTE,,FALTANTE,,Humedad vacía,1.0.0,GIAD-M3-S4-IOT-diagnostico-v5
10687,IOT-R018,VALIDEZ,CRITICAL,CUARENTENA,VALIDEZ,,VALOR_CENTINELA,-999.0,-999 indica ausencia o error de lectura,1.0.0,GIAD-M3-S4-IOT-diagnostico-v5
10714,IOT-R019,COMPLETITUD,CRITICAL,CUARENTENA,FALTANTE,,FALTANTE,,Humedad vacía,1.0.0,GIAD-M3-S4-IOT-diagnostico-v5
10945,IOT-R018,VALIDEZ,CRITICAL,CUARENTENA,VALIDEZ,,VALOR_CENTINELA,-999.0,-999 indica ausencia o error de lectura,1.0.0,GIAD-M3-S4-IOT-diagnostico-v5
11002,IOT-R019,COMPLETITUD,CRITICAL,CUARENTENA,FALTANTE,,FALTANTE,,Humedad vacía,1.0.0,GIAD-M3-S4-IOT-diagnostico-v5
11158,IOT-R018,VALIDEZ,CRITICAL,CUARENTENA,VALIDEZ,,VALOR_CENTINELA,-999.0,-999 indica ausencia o error de lectura,1.0.0,GIAD-M3-S4-IOT-diagnostico-v5
11185,IOT-R019,COMPLETITUD,CRITICAL,CUARENTENA,FALTANTE,,FALTANTE,,Humedad vacía,1.0.0,GIAD-M3-S4-IOT-diagnostico-v5
11242,IOT-R019,COMPLETITUD,CRITICAL,CUARENTENA,FALTANTE,,FALTANTE,,Humedad vacía,1.0.0,GIAD-M3-S4-IOT-diagnostico-v5
11257,IOT-R018,VALIDEZ,CRITICAL,CUARENTENA,VALIDEZ,,VALOR_CENTINELA,-999.0,-999 indica ausencia o error de lectura,1.0.0,GIAD-M3-S4-IOT-diagnostico-v5
11359,IOT-R018,VALIDEZ,CRITICAL,CUARENTENA,VALIDEZ,,VALOR_CENTINELA,-999.0,-999 indica ausencia o error de lectura,1.0.0,GIAD-M3-S4-IOT-diagnostico-v5
11375,IOT-R019,COMPLETITUD,CRITICAL,CUARENTENA,FALTANTE,,FALTANTE,,Humedad vacía,1.0.0,GIAD-M3-S4-IOT-diagnostico-v5
11385,IOT-R012,UNICIDAD,CRITICAL,CUARENTENA,UNICIDAD,,CLAVE_EN_CONFLICTO,VIA-00475 + 2026-08-27 19:42:00,Lecturas diferentes con igual clave candidata; se marcan todas,1.0.0,GIAD-M3-S4-IOT-diagnostico-v5
11387,IOT-R016,COMPLETITUD,CRITICAL,CUARENTENA,FALTANTE,,FALTANTE,,Temperatura vacía,1.0.0,GIAD-M3-S4-IOT-diagnostico-v5
11464,IOT-R019,COMPLETITUD,CRITICAL,CUARENTENA,FALTANTE,,FALTANTE,,Humedad vacía,1.0.0,GIAD-M3-S4-IOT-diagnostico-v5
11594,IOT-R018,VALIDEZ,CRITICAL,CUARENTENA,VALIDEZ,,VALOR_CENTINELA,-999.0,-999 indica ausencia o error de lectura,1.0.0,GIAD-M3-S4-IOT-diagnostico-v5
11739,IOT-R008,CONFORMIDAD,CRITICAL,CUARENTENA,FORMATO,,FORMATO_INVALIDO, cam-22 ,Formato esperado CAM-00,1.0.0,GIAD-M3-S4-IOT-diagnostico-v5
11771,IOT-R008,CONFORMIDAD,CRITICAL,CUARENTENA,FORMATO,,FORMATO_INVALIDO, cam-25 ,Formato esperado CAM-00,1.0.0,GIAD-M3-S4-IOT-diagnostico-v5
11804,IOT-R019,COMPLETITUD,CRITICAL,CUARENTENA,FALTANTE,,FALTANTE,,Humedad vacía,1.0.0,GIAD-M3-S4-IOT-diagnostico-v5
11822,IOT-R016,COMPLETITUD,CRITICAL,CUARENTENA,FALTANTE,,FALTANTE,,Temperatura vacía,1.0.0,GIAD-M3-S4-IOT-diagnostico-v5
11926,IOT-R016,COMPLETITUD,CRITICAL,CUARENTENA,FALTANTE,,FALTANTE,,Temperatura vacía,1.0.0,GIAD-M3-S4-IOT-diagnostico-v5
11951,IOT-R015,CONFORMIDAD,WARNING,REVISAR,CONFORMIDAD,,PENDIENTE_CONVERSION_F,F,Lectura válida en F; estandarización corresponde al tratamiento,1.0.0,GIAD-M3-S4-IOT-diagnostico-v5
11957,IOT-R015,CONFORMIDAD,WARNING,REVISAR,CONFORMIDAD,,PENDIENTE_CONVERSION_F,F,Lectura válida en F; estandarización corresponde al tratamiento,1.0.0,GIAD-M3-S4-IOT-diagnostico-v5
12053,IOT-R018,VALIDEZ,CRITICAL,CUARENTENA,VALIDEZ,,VALOR_CENTINELA,-999.0,-999 indica ausencia o error de lectura,1.0.0,GIAD-M3-S4-IOT-diagnostico-v5
12097,IOT-R018,VALIDEZ,CRITICAL,CUARENTENA,VALIDEZ,,VALOR_CENTINELA,-999.0,-999 indica ausencia o error de lectura,1.0.0,GIAD-M3-S4-IOT-diagnostico-v5
12198,IOT-R018,VALIDEZ,CRITICAL,CUARENTENA,VALIDEZ,,VALOR_CENTINELA,-999.0,-999 indica ausencia o error de lectura,1.0.0,GIAD-M3-S4-IOT-diagnostico-v5
12450,IOT-R019,COMPLETITUD,CRITICAL,CUARENTENA,FALTANTE,,FALTANTE,,Humedad vacía,1.0.0,GIAD-M3-S4-IOT-diagnostico-v5
12522,IOT-R008,CONFORMIDAD,CRITICAL,CUARENTENA,FORMATO,,FORMATO_INVALIDO, cam-08 ,Formato esperado CAM-00,1.0.0,GIAD-M3-S4-IOT-diagnostico-v5
12678,IOT-R016,COMPLETITUD,CRITICAL,CUARENTENA,FALTANTE,,FALTANTE,,Temperatura vacía,1.0.0,GIAD-M3-S4-IOT-diagnostico-v5
12695,IOT-R018,VALIDEZ,CRITICAL,CUARENTENA,VALIDEZ,,VALOR_CENTINELA,-999.0,-999 indica ausencia o error de lectura,1.0.0,GIAD-M3-S4-IOT-diagnostico-v5
12757,IOT-R016,COMPLETITUD,CRITICAL,CUARENTENA,FALTANTE,,FALTANTE,,Temperatura vacía,1.0.0,GIAD-M3-S4-IOT-diagnostico-v5
12771,IOT-R016,COMPLETITUD,CRITICAL,CUARENTENA,FALTANTE,,FALTANTE,,Temperatura vacía,1.0.0,GIAD-M3-S4-IOT-diagnostico-v5
12774,IOT-R018,VALIDEZ,CRITICAL,CUARENTENA,VALIDEZ,,VALOR_CENTINELA,-999.0,-999 indica ausencia o error de lectura,1.0.0,GIAD-M3-S4-IOT-diagnostico-v5
12917,IOT-R018,VALIDEZ,CRITICAL,CUARENTENA,VALIDEZ,,VALOR_CENTINELA,-999.0,-999 indica ausencia o error de lectura,1.0.0,GIAD-M3-S4-IOT-diagnostico-v5
12964,IOT-R019,COMPLETITUD,CRITICAL,CUARENTENA,FALTANTE,,FALTANTE,,Humedad vacía,1.0.0,GIAD-M3-S4-IOT-diagnostico-v5
13016,IOT-R012,UNICIDAD,CRITICAL,CUARENTENA,UNICIDAD,,CLAVE_EN_CONFLICTO,VIA-00543 + 2026-08-28 23:01:00,Lecturas diferentes con igual clave candidata; se marcan todas,1.0.0,GIAD-M3-S4-IOT-diagnostico-v5
13029,IOT-R002,CONFORMIDAD,CRITICAL,CUARENTENA,FORMATO,,FECHA_INVALIDA,2026-02-31 09:15:00,Formato incorrecto o fecha imposible,1.0.0,GIAD-M3-S4-IOT-diagnostico-v5
13055,IOT-R021,VALIDEZ,CRITICAL,CUARENTENA,VALIDEZ,,FUERA_RANGO,-52.1,Humedad fuera de 0 a 100%,1.0.0,GIAD-M3-S4-IOT-diagnostico-v5
13112,IOT-R018,VALIDEZ,CRITICAL,CUARENTENA,VALIDEZ,,VALOR_CENTINELA,-999.0,-999 indica ausencia o error de lectura,1.0.0,GIAD-M3-S4-IOT-diagnostico-v5
13130,IOT-R019,COMPLETITUD,CRITICAL,CUARENTENA,FALTANTE,,FALTANTE,,Humedad vacía,1.0.0,GIAD-M3-S4-IOT-diagnostico-v5
13192,IOT-R018,VALIDEZ,CRITICAL,CUARENTENA,VALIDEZ,,VALOR_CENTINELA,-999.0,-999 indica ausencia o error de lectura,1.0.0,GIAD-M3-S4-IOT-diagnostico-v5
13298,IOT-R016,COMPLETITUD,CRITICAL,CUARENTENA,FALTANTE,,FALTANTE,,Temperatura vacía,1.0.0,GIAD-M3-S4-IOT-diagnostico-v5
13440,IOT-R018,VALIDEZ,CRITICAL,CUARENTENA,VALIDEZ,,VALOR_CENTINELA,-999.0,-999 indica ausencia o error de lectura,1.0.0,GIAD-M3-S4-IOT-diagnostico-v5
13448,IOT-R015,CONFORMIDAD,WARNING,REVISAR,CONFORMIDAD,,PENDIENTE_CONVERSION_F,F,Lectura válida en F; estandarización corresponde al tratamiento,1.0.0,GIAD-M3-S4-IOT-diagnostico-v5
13586,IOT-R016,COMPLETITUD,CRITICAL,CUARENTENA,FALTANTE,,FALTANTE,,Temperatura vacía,1.0.0,GIAD-M3-S4-IOT-diagnostico-v5
13625,IOT-R015,CONFORMIDAD,WARNING,REVISAR,CONFORMIDAD,,PENDIENTE_CONVERSION_F,F,Lectura válida en F; estandarización corresponde al tratamiento,1.0.0,GIAD-M3-S4-IOT-diagnostico-v5
13692,IOT-R018,VALIDEZ,CRITICAL,CUARENTENA,VALIDEZ,,VALOR_CENTINELA,-999.0,-999 indica ausencia o error de lectura,1.0.0,GIAD-M3-S4-IOT-diagnostico-v5
13803,IOT-R019,COMPLETITUD,CRITICAL,CUARENTENA,FALTANTE,,FALTANTE,,Humedad vacía,1.0.0,GIAD-M3-S4-IOT-diagnostico-v5
13824,IOT-R018,VALIDEZ,CRITICAL,CUARENTENA,VALIDEZ,,VALOR_CENTINELA,-999.0,-999 indica ausencia o error de lectura,1.0.0,GIAD-M3-S4-IOT-diagnostico-v5
13903,IOT-R019,COMPLETITUD,CRITICAL,CUARENTENA,FALTANTE,,FALTANTE,,Humedad vacía,1.0.0,GIAD-M3-S4-IOT-diagnostico-v5
13990,IOT-R015,CONFORMIDAD,WARNING,REVISAR,CONFORMIDAD,,PENDIENTE_CONVERSION_F,F,Lectura válida en F; estandarización corresponde al tratamiento,1.0.0,GIAD-M3-S4-IOT-diagnostico-v5
14008,IOT-R016,COMPLETITUD,CRITICAL,CUARENTENA,FALTANTE,,FALTANTE,,Temperatura vacía,1.0.0,GIAD-M3-S4-IOT-diagnostico-v5
14105,IOT-R018,VALIDEZ,CRITICAL,CUARENTENA,VALIDEZ,,VALOR_CENTINELA,-999.0,-999 indica ausencia o error de lectura,1.0.0,GIAD-M3-S4-IOT-diagnostico-v5
14165,IOT-R002,CONFORMIDAD,CRITICAL,CUARENTENA,FORMATO,,FECHA_INVALIDA,2026-02-31 09:15:00,Formato incorrecto o fecha imposible,1.0.0,GIAD-M3-S4-IOT-diagnostico-v5
14308,IOT-R021,VALIDEZ,CRITICAL,CUARENTENA,VALIDEZ,,FUERA_RANGO,-52.3,Humedad fuera de 0 a 100%,1.0.0,GIAD-M3-S4-IOT-diagnostico-v5
14376,IOT-R016,COMPLETITUD,CRITICAL,CUARENTENA,FALTANTE,,FALTANTE,,Temperatura vacía,1.0.0,GIAD-M3-S4-IOT-diagnostico-v5
14414,IOT-R002,CONFORMIDAD,CRITICAL,CUARENTENA,FORMATO,,FECHA_INVALIDA,2026-02-31 09:15:00,Formato incorrecto o fecha imposible,1.0.0,GIAD-M3-S4-IOT-diagnostico-v5
14488,IOT-R019,COMPLETITUD,CRITICAL,CUARENTENA,FALTANTE,,FALTANTE,,Humedad vacía,1.0.0,GIAD-M3-S4-IOT-diagnostico-v5
14718,IOT-R016,COMPLETITUD,CRITICAL,CUARENTENA,FALTANTE,,FALTANTE,,Temperatura vacía,1.0.0,GIAD-M3-S4-IOT-diagnostico-v5
14740,IOT-R019,COMPLETITUD,CRITICAL,CUARENTENA,FALTANTE,,FALTANTE,,Humedad vacía,1.0.0,GIAD-M3-S4-IOT-diagnostico-v5
14774,IOT-R008,CONFORMIDAD,CRITICAL,CUARENTENA,FORMATO,,FORMATO_INVALIDO, cam-06 ,Formato esperado CAM-00,1.0.0,GIAD-M3-S4-IOT-diagnostico-v5
14791,IOT-R018,VALIDEZ,CRITICAL,CUARENTENA,VALIDEZ,,VALOR_CENTINELA,-999.0,-999 indica ausencia o error de lectura,1.0.0,GIAD-M3-S4-IOT-diagnostico-v5
14863,IOT-R016,COMPLETITUD,CRITICAL,CUARENTENA,FALTANTE,,FALTANTE,,Temperatura vacía,1.0.0,GIAD-M3-S4-IOT-diagnostico-v5
14961,IOT-R008,CONFORMIDAD,CRITICAL,CUARENTENA,FORMATO,,FORMATO_INVALIDO, cam-10 ,Formato esperado CAM-00,1.0.0,GIAD-M3-S4-IOT-diagnostico-v5
15013,IOT-R016,COMPLETITUD,CRITICAL,CUARENTENA,FALTANTE,,FALTANTE,,Temperatura vacía,1.0.0,GIAD-M3-S4-IOT-diagnostico-v5
15039,IOT-R015,CONFORMIDAD,WARNING,REVISAR,CONFORMIDAD,,PENDIENTE_CONVERSION_F,F,Lectura válida en F; estandarización corresponde al tratamiento,1.0.0,GIAD-M3-S4-IOT-diagnostico-v5
15077,IOT-R008,CONFORMIDAD,CRITICAL,CUARENTENA,FORMATO,,FORMATO_INVALIDO, cam-28 ,Formato esperado CAM-00,1.0.0,GIAD-M3-S4-IOT-diagnostico-v5
15141,IOT-R008,CONFORMIDAD,CRITICAL,CUARENTENA,FORMATO,,FORMATO_INVALIDO, cam-15 ,Formato esperado CAM-00,1.0.0,GIAD-M3-S4-IOT-diagnostico-v5
15244,IOT-R002,CONFORMIDAD,CRITICAL,CUARENTENA,FORMATO,,FECHA_INVALIDA,2026-02-31 09:15:00,Formato incorrecto o fecha imposible,1.0.0,GIAD-M3-S4-IOT-diagnostico-v5
15325,IOT-R008,CONFORMIDAD,CRITICAL,CUARENTENA,FORMATO,,FORMATO_INVALIDO, cam-26 ,Formato esperado CAM-00,1.0.0,GIAD-M3-S4-IOT-diagnostico-v5
15366,IOT-R008,CONFORMIDAD,CRITICAL,CUARENTENA,FORMATO,,FORMATO_INVALIDO, cam-26 ,Formato esperado CAM-00,1.0.0,GIAD-M3-S4-IOT-diagnostico-v5
15501,IOT-R021,VALIDEZ,CRITICAL,CUARENTENA,VALIDEZ,,FUERA_RANGO,-87.9,Humedad fuera de 0 a 100%,1.0.0,GIAD-M3-S4-IOT-diagnostico-v5
15737,IOT-R015,CONFORMIDAD,WARNING,REVISAR,CONFORMIDAD,,PENDIENTE_CONVERSION_F,F,Lectura válida en F; estandarización corresponde al tratamiento,1.0.0,GIAD-M3-S4-IOT-diagnostico-v5
15780,IOT-R018,VALIDEZ,CRITICAL,CUARENTENA,VALIDEZ,,VALOR_CENTINELA,-999.0,-999 indica ausencia o error de lectura,1.0.0,GIAD-M3-S4-IOT-diagnostico-v5
15825,IOT-R019,COMPLETITUD,CRITICAL,CUARENTENA,FALTANTE,,FALTANTE,,Humedad vacía,1.0.0,GIAD-M3-S4-IOT-diagnostico-v5
15940,IOT-R019,COMPLETITUD,CRITICAL,CUARENTENA,FALTANTE,,FALTANTE,,Humedad vacía,1.0.0,GIAD-M3-S4-IOT-diagnostico-v5
15968,IOT-R018,VALIDEZ,CRITICAL,CUARENTENA,VALIDEZ,,VALOR_CENTINELA,-999.0,-999 indica ausencia o error de lectura,1.0.0,GIAD-M3-S4-IOT-diagnostico-v5
16079,IOT-R019,COMPLETITUD,CRITICAL,CUARENTENA,FALTANTE,,FALTANTE,,Humedad vacía,1.0.0,GIAD-M3-S4-IOT-diagnostico-v5
16092,IOT-R019,COMPLETITUD,CRITICAL,CUARENTENA,FALTANTE,,FALTANTE,,Humedad vacía,1.0.0,GIAD-M3-S4-IOT-diagnostico-v5
16209,IOT-R019,COMPLETITUD,CRITICAL,CUARENTENA,FALTANTE,,FALTANTE,,Humedad vacía,1.0.0,GIAD-M3-S4-IOT-diagnostico-v5
16284,IOT-R016,COMPLETITUD,CRITICAL,CUARENTENA,FALTANTE,,FALTANTE,,Temperatura vacía,1.0.0,GIAD-M3-S4-IOT-diagnostico-v5
16388,IOT-R019,COMPLETITUD,CRITICAL,CUARENTENA,FALTANTE,,FALTANTE,,Humedad vacía,1.0.0,GIAD-M3-S4-IOT-diagnostico-v5
16427,IOT-R018,VALIDEZ,CRITICAL,CUARENTENA,VALIDEZ,,VALOR_CENTINELA,-999.0,-999 indica ausencia o error de lectura,1.0.0,GIAD-M3-S4-IOT-diagnostico-v5
16432,IOT-R018,VALIDEZ,CRITICAL,CUARENTENA,VALIDEZ,,VALOR_CENTINELA,-999.0,-999 indica ausencia o error de lectura,1.0.0,GIAD-M3-S4-IOT-diagnostico-v5
16469,IOT-R019,COMPLETITUD,CRITICAL,CUARENTENA,FALTANTE,,FALTANTE,,Humedad vacía,1.0.0,GIAD-M3-S4-IOT-diagnostico-v5
16488,IOT-R018,VALIDEZ,CRITICAL,CUARENTENA,VALIDEZ,,VALOR_CENTINELA,-999.0,-999 indica ausencia o error de lectura,1.0.0,GIAD-M3-S4-IOT-diagnostico-v5
16543,IOT-R019,COMPLETITUD,CRITICAL,CUARENTENA,FALTANTE,,FALTANTE,,Humedad vacía,1.0.0,GIAD-M3-S4-IOT-diagnostico-v5
16576,IOT-R016,COMPLETITUD,CRITICAL,CUARENTENA,FALTANTE,,FALTANTE,,Temperatura vacía,1.0.0,GIAD-M3-S4-IOT-diagnostico-v5
16664,IOT-R008,CONFORMIDAD,CRITICAL,CUARENTENA,FORMATO,,FORMATO_INVALIDO, cam-21 ,Formato esperado CAM-00,1.0.0,GIAD-M3-S4-IOT-diagnostico-v5
16707,IOT-R019,COMPLETITUD,CRITICAL,CUARENTENA,FALTANTE,,FALTANTE,,Humedad vacía,1.0.0,GIAD-M3-S4-IOT-diagnostico-v5
16752,IOT-R019,COMPLETITUD,CRITICAL,CUARENTENA,FALTANTE,,FALTANTE,,Humedad vacía,1.0.0,GIAD-M3-S4-IOT-diagnostico-v5
16767,IOT-R019,COMPLETITUD,CRITICAL,CUARENTENA,FALTANTE,,FALTANTE,,Humedad vacía,1.0.0,GIAD-M3-S4-IOT-diagnostico-v5
16804,IOT-R018,VALIDEZ,CRITICAL,CUARENTENA,VALIDEZ,,VALOR_CENTINELA,-999.0,-999 indica ausencia o error de lectura,1.0.0,GIAD-M3-S4-IOT-diagnostico-v5
16967,IOT-R018,VALIDEZ,CRITICAL,CUARENTENA,VALIDEZ,,VALOR_CENTINELA,-999.0,-999 indica ausencia o error de lectura,1.0.0,GIAD-M3-S4-IOT-diagnostico-v5
17017,IOT-R018,VALIDEZ,CRITICAL,CUARENTENA,VALIDEZ,,VALOR_CENTINELA,-999.0,-999 indica ausencia o error de lectura,1.0.0,GIAD-M3-S4-IOT-diagnostico-v5
17109,IOT-R016,COMPLETITUD,CRITICAL,CUARENTENA,FALTANTE,,FALTANTE,,Temperatura vacía,1.0.0,GIAD-M3-S4-IOT-diagnostico-v5
17151,IOT-R019,COMPLETITUD,CRITICAL,CUARENTENA,FALTANTE,,FALTANTE,,Humedad vacía,1.0.0,GIAD-M3-S4-IOT-diagnostico-v5
17181,IOT-R018,VALIDEZ,CRITICAL,CUARENTENA,VALIDEZ,,VALOR_CENTINELA,-999.0,-999 indica ausencia o error de lectura,1.0.0,GIAD-M3-S4-IOT-diagnostico-v5
17248,IOT-R015,CONFORMIDAD,WARNING,REVISAR,CONFORMIDAD,,PENDIENTE_CONVERSION_F,F,Lectura válida en F; estandarización corresponde al tratamiento,1.0.0,GIAD-M3-S4-IOT-diagnostico-v5
17370,IOT-R008,CONFORMIDAD,CRITICAL,CUARENTENA,FORMATO,,FORMATO_INVALIDO, cam-08 ,Formato esperado CAM-00,1.0.0,GIAD-M3-S4-IOT-diagnostico-v5
17374,IOT-R016,COMPLETITUD,CRITICAL,CUARENTENA,FALTANTE,,FALTANTE,,Temperatura vacía,1.0.0,GIAD-M3-S4-IOT-diagnostico-v5
17534,IOT-R019,COMPLETITUD,CRITICAL,CUARENTENA,FALTANTE,,FALTANTE,,Humedad vacía,1.0.0,GIAD-M3-S4-IOT-diagnostico-v5
17593,IOT-R015,CONFORMIDAD,WARNING,REVISAR,CONFORMIDAD,,PENDIENTE_CONVERSION_F,F,Lectura válida en F; estandarización corresponde al tratamiento,1.0.0,GIAD-M3-S4-IOT-diagnostico-v5
17705,IOT-R021,VALIDEZ,CRITICAL,CUARENTENA,VALIDEZ,,FUERA_RANGO,-55.9,Humedad fuera de 0 a 100%,1.0.0,GIAD-M3-S4-IOT-diagnostico-v5
17742,IOT-R018,VALIDEZ,CRITICAL,CUARENTENA,VALIDEZ,,VALOR_CENTINELA,-999.0,-999 indica ausencia o error de lectura,1.0.0,GIAD-M3-S4-IOT-diagnostico-v5
17759,IOT-R019,COMPLETITUD,CRITICAL,CUARENTENA,FALTANTE,,FALTANTE,,Humedad vacía,1.0.0,GIAD-M3-S4-IOT-diagnostico-v5
17823,IOT-R016,COMPLETITUD,CRITICAL,CUARENTENA,FALTANTE,,FALTANTE,,Temperatura vacía,1.0.0,GIAD-M3-S4-IOT-diagnostico-v5
17959,IOT-R018,VALIDEZ,CRITICAL,CUARENTENA,VALIDEZ,,VALOR_CENTINELA,-999.0,-999 indica ausencia o error de lectura,1.0.0,GIAD-M3-S4-IOT-diagnostico-v5
18182,IOT-R018,VALIDEZ,CRITICAL,CUARENTENA,VALIDEZ,,VALOR_CENTINELA,-999.0,-999 indica ausencia o error de lectura,1.0.0,GIAD-M3-S4-IOT-diagnostico-v5
18237,IOT-R016,COMPLETITUD,CRITICAL,CUARENTENA,FALTANTE,,FALTANTE,,Temperatura vacía,1.0.0,GIAD-M3-S4-IOT-diagnostico-v5
18248,IOT-R015,CONFORMIDAD,WARNING,REVISAR,CONFORMIDAD,,PENDIENTE_CONVERSION_F,F,Lectura válida en F; estandarización corresponde al tratamiento,1.0.0,GIAD-M3-S4-IOT-diagnostico-v5
18256,IOT-R012,UNICIDAD,CRITICAL,CUARENTENA,UNICIDAD,,CLAVE_EN_CONFLICTO,VIA-00761 + 2026-08-26 18:25:00,Lecturas diferentes con igual clave candidata; se marcan todas,1.0.0,GIAD-M3-S4-IOT-diagnostico-v5
18330,IOT-R018,VALIDEZ,CRITICAL,CUARENTENA,VALIDEZ,,VALOR_CENTINELA,-999.0,-999 indica ausencia o error de lectura,1.0.0,GIAD-M3-S4-IOT-diagnostico-v5
18350,IOT-R015,CONFORMIDAD,WARNING,REVISAR,CONFORMIDAD,,PENDIENTE_CONVERSION_F,F,Lectura válida en F; estandarización corresponde al tratamiento,1.0.0,GIAD-M3-S4-IOT-diagnostico-v5
18379,IOT-R018,VALIDEZ,CRITICAL,CUARENTENA,VALIDEZ,,VALOR_CENTINELA,-999.0,-999 indica ausencia o error de lectura,1.0.0,GIAD-M3-S4-IOT-diagnostico-v5
18383,IOT-R018,VALIDEZ,CRITICAL,CUARENTENA,VALIDEZ,,VALOR_CENTINELA,-999.0,-999 indica ausencia o error de lectura,1.0.0,GIAD-M3-S4-IOT-diagnostico-v5
18431,IOT-R018,VALIDEZ,CRITICAL,CUARENTENA,VALIDEZ,,VALOR_CENTINELA,-999.0,-999 indica ausencia o error de lectura,1.0.0,GIAD-M3-S4-IOT-diagnostico-v5
18451,IOT-R015,CONFORMIDAD,WARNING,REVISAR,CONFORMIDAD,,PENDIENTE_CONVERSION_F,F,Lectura válida en F; estandarización corresponde al tratamiento,1.0.0,GIAD-M3-S4-IOT-diagnostico-v5
18619,IOT-R014,VALIDEZ,CRITICAL,CUARENTENA,VALIDEZ,,UNIDAD_NO_RECONOCIDA,K,Unidad distinta de C o F,1.0.0,GIAD-M3-S4-IOT-diagnostico-v5
18632,IOT-R016,COMPLETITUD,CRITICAL,CUARENTENA,FALTANTE,,FALTANTE,,Temperatura vacía,1.0.0,GIAD-M3-S4-IOT-diagnostico-v5
18636,IOT-R021,VALIDEZ,CRITICAL,CUARENTENA,VALIDEZ,,FUERA_RANGO,-38.8,Humedad fuera de 0 a 100%,1.0.0,GIAD-M3-S4-IOT-diagnostico-v5
18782,IOT-R016,COMPLETITUD,CRITICAL,CUARENTENA,FALTANTE,,FALTANTE,,Temperatura vacía,1.0.0,GIAD-M3-S4-IOT-diagnostico-v5
18787,IOT-R008,CONFORMIDAD,CRITICAL,CUARENTENA,FORMATO,,FORMATO_INVALIDO, cam-20 ,Formato esperado CAM-00,1.0.0,GIAD-M3-S4-IOT-diagnostico-v5
18810,IOT-R016,COMPLETITUD,CRITICAL,CUARENTENA,FALTANTE,,FALTANTE,,Temperatura vacía,1.0.0,GIAD-M3-S4-IOT-diagnostico-v5
18919,IOT-R008,CONFORMIDAD,CRITICAL,CUARENTENA,FORMATO,,FORMATO_INVALIDO, cam-09 ,Formato esperado CAM-00,1.0.0,GIAD-M3-S4-IOT-diagnostico-v5
19020,IOT-R008,CONFORMIDAD,CRITICAL,CUARENTENA,FORMATO,,FORMATO_INVALIDO, cam-15 ,Formato esperado CAM-00,1.0.0,GIAD-M3-S4-IOT-diagnostico-v5
19040,IOT-R018,VALIDEZ,CRITICAL,CUARENTENA,VALIDEZ,,VALOR_CENTINELA,-999.0,-999 indica ausencia o error de lectura,1.0.0,GIAD-M3-S4-IOT-diagnostico-v5
19197,IOT-R019,COMPLETITUD,CRITICAL,CUARENTENA,FALTANTE,,FALTANTE,,Humedad vacía,1.0.0,GIAD-M3-S4-IOT-diagnostico-v5
19219,IOT-R008,CONFORMIDAD,CRITICAL,CUARENTENA,FORMATO,,FORMATO_INVALIDO, cam-26 ,Formato esperado CAM-00,1.0.0,GIAD-M3-S4-IOT-diagnostico-v5
19393,IOT-R021,VALIDEZ,CRITICAL,CUARENTENA,VALIDEZ,,FUERA_RANGO,-50.9,Humedad fuera de 0 a 100%,1.0.0,GIAD-M3-S4-IOT-diagnostico-v5
19491,IOT-R019,COMPLETITUD,CRITICAL,CUARENTENA,FALTANTE,,FALTANTE,,Humedad vacía,1.0.0,GIAD-M3-S4-IOT-diagnostico-v5
19544,IOT-R019,COMPLETITUD,CRITICAL,CUARENTENA,FALTANTE,,FALTANTE,,Humedad vacía,1.0.0,GIAD-M3-S4-IOT-diagnostico-v5
19589,IOT-R018,VALIDEZ,CRITICAL,CUARENTENA,VALIDEZ,,VALOR_CENTINELA,-999.0,-999 indica ausencia o error de lectura,1.0.0,GIAD-M3-S4-IOT-diagnostico-v5
19655,IOT-R019,COMPLETITUD,CRITICAL,CUARENTENA,FALTANTE,,FALTANTE,,Humedad vacía,1.0.0,GIAD-M3-S4-IOT-diagnostico-v5
19724,IOT-R008,CONFORMIDAD,CRITICAL,CUARENTENA,FORMATO,,FORMATO_INVALIDO, cam-28 ,Formato esperado CAM-00,1.0.0,GIAD-M3-S4-IOT-diagnostico-v5
19829,IOT-R018,VALIDEZ,CRITICAL,CUARENTENA,VALIDEZ,,VALOR_CENTINELA,-999.0,-999 indica ausencia o error de lectura,1.0.0,GIAD-M3-S4-IOT-diagnostico-v5
19881,IOT-R018,VALIDEZ,CRITICAL,CUARENTENA,VALIDEZ,,VALOR_CENTINELA,-999.0,-999 indica ausencia o error de lectura,1.0.0,GIAD-M3-S4-IOT-diagnostico-v5
19949,IOT-R015,CONFORMIDAD,WARNING,REVISAR,CONFORMIDAD,,PENDIENTE_CONVERSION_F,F,Lectura válida en F; estandarización corresponde al tratamiento,1.0.0,GIAD-M3-S4-IOT-diagnostico-v5
19962,IOT-R018,VALIDEZ,CRITICAL,CUARENTENA,VALIDEZ,,VALOR_CENTINELA,-999.0,-999 indica ausencia o error de lectura,1.0.0,GIAD-M3-S4-IOT-diagnostico-v5
20039,IOT-R014,VALIDEZ,CRITICAL,CUARENTENA,VALIDEZ,,UNIDAD_NO_RECONOCIDA,K,Unidad distinta de C o F,1.0.0,GIAD-M3-S4-IOT-diagnostico-v5
20071,IOT-R016,COMPLETITUD,CRITICAL,CUARENTENA,FALTANTE,,FALTANTE,,Temperatura vacía,1.0.0,GIAD-M3-S4-IOT-diagnostico-v5
20097,IOT-R008,CONFORMIDAD,CRITICAL,CUARENTENA,FORMATO,,FORMATO_INVALIDO, cam-20 ,Formato esperado CAM-00,1.0.0,GIAD-M3-S4-IOT-diagnostico-v5
20228,IOT-R021,VALIDEZ,CRITICAL,CUARENTENA,VALIDEZ,,FUERA_RANGO,-83.3,Humedad fuera de 0 a 100%,1.0.0,GIAD-M3-S4-IOT-diagnostico-v5
20311,IOT-R018,VALIDEZ,CRITICAL,CUARENTENA,VALIDEZ,,VALOR_CENTINELA,-999.0,-999 indica ausencia o error de lectura,1.0.0,GIAD-M3-S4-IOT-diagnostico-v5
20388,IOT-R018,VALIDEZ,CRITICAL,CUARENTENA,VALIDEZ,,VALOR_CENTINELA,-999.0,-999 indica ausencia o error de lectura,1.0.0,GIAD-M3-S4-IOT-diagnostico-v5
20461,IOT-R018,VALIDEZ,CRITICAL,CUARENTENA,VALIDEZ,,VALOR_CENTINELA,-999.0,-999 indica ausencia o error de lectura,1.0.0,GIAD-M3-S4-IOT-diagnostico-v5
20468,IOT-R008,CONFORMIDAD,CRITICAL,CUARENTENA,FORMATO,,FORMATO_INVALIDO, cam-02 ,Formato esperado CAM-00,1.0.0,GIAD-M3-S4-IOT-diagnostico-v5
20478,IOT-R008,CONFORMIDAD,CRITICAL,CUARENTENA,FORMATO,,FORMATO_INVALIDO, cam-24 ,Formato esperado CAM-00,1.0.0,GIAD-M3-S4-IOT-diagnostico-v5
20645,IOT-R018,VALIDEZ,CRITICAL,CUARENTENA,VALIDEZ,,VALOR_CENTINELA,-999.0,-999 indica ausencia o error de lectura,1.0.0,GIAD-M3-S4-IOT-diagnostico-v5
20664,IOT-R015,CONFORMIDAD,WARNING,REVISAR,CONFORMIDAD,,PENDIENTE_CONVERSION_F,F,Lectura válida en F; estandarización corresponde al tratamiento,1.0.0,GIAD-M3-S4-IOT-diagnostico-v5
20884,IOT-R019,COMPLETITUD,CRITICAL,CUARENTENA,FALTANTE,,FALTANTE,,Humedad vacía,1.0.0,GIAD-M3-S4-IOT-diagnostico-v5
21058,IOT-R002,CONFORMIDAD,CRITICAL,CUARENTENA,FORMATO,,FECHA_INVALIDA,2026-02-31 09:15:00,Formato incorrecto o fecha imposible,1.0.0,GIAD-M3-S4-IOT-diagnostico-v5
21074,IOT-R018,VALIDEZ,CRITICAL,CUARENTENA,VALIDEZ,,VALOR_CENTINELA,-999.0,-999 indica ausencia o error de lectura,1.0.0,GIAD-M3-S4-IOT-diagnostico-v5
21118,IOT-R019,COMPLETITUD,CRITICAL,CUARENTENA,FALTANTE,,FALTANTE,,Humedad vacía,1.0.0,GIAD-M3-S4-IOT-diagnostico-v5
21159,IOT-R018,VALIDEZ,CRITICAL,CUARENTENA,VALIDEZ,,VALOR_CENTINELA,-999.0,-999 indica ausencia o error de lectura,1.0.0,GIAD-M3-S4-IOT-diagnostico-v5
21212,IOT-R019,COMPLETITUD,CRITICAL,CUARENTENA,FALTANTE,,FALTANTE,,Humedad vacía,1.0.0,GIAD-M3-S4-IOT-diagnostico-v5
21240,IOT-R012,UNICIDAD,CRITICAL,CUARENTENA,UNICIDAD,,CLAVE_EN_CONFLICTO,VIA-00885 + 2026-08-26 04:37:00,Lecturas diferentes con igual clave candidata; se marcan todas,1.0.0,GIAD-M3-S4-IOT-diagnostico-v5
21240,IOT-R016,COMPLETITUD,CRITICAL,CUARENTENA,FALTANTE,,FALTANTE,,Temperatura vacía,1.0.0,GIAD-M3-S4-IOT-diagnostico-v5
21300,IOT-R015,CONFORMIDAD,WARNING,REVISAR,CONFORMIDAD,,PENDIENTE_CONVERSION_F,F,Lectura válida en F; estandarización corresponde al tratamiento,1.0.0,GIAD-M3-S4-IOT-diagnostico-v5
21325,IOT-R016,COMPLETITUD,CRITICAL,CUARENTENA,FALTANTE,,FALTANTE,,Temperatura vacía,1.0.0,GIAD-M3-S4-IOT-diagnostico-v5
21369,IOT-R015,CONFORMIDAD,WARNING,REVISAR,CONFORMIDAD,,PENDIENTE_CONVERSION_F,F,Lectura válida en F; estandarización corresponde al tratamiento,1.0.0,GIAD-M3-S4-IOT-diagnostico-v5
21409,IOT-R016,COMPLETITUD,CRITICAL,CUARENTENA,FALTANTE,,FALTANTE,,Temperatura vacía,1.0.0,GIAD-M3-S4-IOT-diagnostico-v5
21413,IOT-R016,COMPLETITUD,CRITICAL,CUARENTENA,FALTANTE,,FALTANTE,,Temperatura vacía,1.0.0,GIAD-M3-S4-IOT-diagnostico-v5
21421,IOT-R002,CONFORMIDAD,CRITICAL,CUARENTENA,FORMATO,,FECHA_INVALIDA,2026-02-31 09:15:00,Formato incorrecto o fecha imposible,1.0.0,GIAD-M3-S4-IOT-diagnostico-v5
21435,IOT-R019,COMPLETITUD,CRITICAL,CUARENTENA,FALTANTE,,FALTANTE,,Humedad vacía,1.0.0,GIAD-M3-S4-IOT-diagnostico-v5
21452,IOT-R018,VALIDEZ,CRITICAL,CUARENTENA,VALIDEZ,,VALOR_CENTINELA,-999.0,-999 indica ausencia o error de lectura,1.0.0,GIAD-M3-S4-IOT-diagnostico-v5
21460,IOT-R018,VALIDEZ,CRITICAL,CUARENTENA,VALIDEZ,,VALOR_CENTINELA,-999.0,-999 indica ausencia o error de lectura,1.0.0,GIAD-M3-S4-IOT-diagnostico-v5
21714,IOT-R018,VALIDEZ,CRITICAL,CUARENTENA,VALIDEZ,,VALOR_CENTINELA,-999.0,-999 indica ausencia o error de lectura,1.0.0,GIAD-M3-S4-IOT-diagnostico-v5
21743,IOT-R008,CONFORMIDAD,CRITICAL,CUARENTENA,FORMATO,,FORMATO_INVALIDO, cam-21 ,Formato esperado CAM-00,1.0.0,GIAD-M3-S4-IOT-diagnostico-v5
21754,IOT-R018,VALIDEZ,CRITICAL,CUARENTENA,VALIDEZ,,VALOR_CENTINELA,-999.0,-999 indica ausencia o error de lectura,1.0.0,GIAD-M3-S4-IOT-diagnostico-v5
21765,IOT-R008,CONFORMIDAD,CRITICAL,CUARENTENA,FORMATO,,FORMATO_INVALIDO, cam-17 ,Formato esperado CAM-00,1.0.0,GIAD-M3-S4-IOT-diagnostico-v5
21847,IOT-R008,CONFORMIDAD,CRITICAL,CUARENTENA,FORMATO,,FORMATO_INVALIDO, cam-28 ,Formato esperado CAM-00,1.0.0,GIAD-M3-S4-IOT-diagnostico-v5
21887,IOT-R019,COMPLETITUD,CRITICAL,CUARENTENA,FALTANTE,,FALTANTE,,Humedad vacía,1.0.0,GIAD-M3-S4-IOT-diagnostico-v5
21913,IOT-R018,VALIDEZ,CRITICAL,CUARENTENA,VALIDEZ,,VALOR_CENTINELA,-999.0,-999 indica ausencia o error de lectura,1.0.0,GIAD-M3-S4-IOT-diagnostico-v5
21931,IOT-R008,CONFORMIDAD,CRITICAL,CUARENTENA,FORMATO,,FORMATO_INVALIDO, cam-10 ,Formato esperado CAM-00,1.0.0,GIAD-M3-S4-IOT-diagnostico-v5
22248,IOT-R019,COMPLETITUD,CRITICAL,CUARENTENA,FALTANTE,,FALTANTE,,Humedad vacía,1.0.0,GIAD-M3-S4-IOT-diagnostico-v5
22298,IOT-R019,COMPLETITUD,CRITICAL,CUARENTENA,FALTANTE,,FALTANTE,,Humedad vacía,1.0.0,GIAD-M3-S4-IOT-diagnostico-v5
22365,IOT-R016,COMPLETITUD,CRITICAL,CUARENTENA,FALTANTE,,FALTANTE,,Temperatura vacía,1.0.0,GIAD-M3-S4-IOT-diagnostico-v5
22511,IOT-R008,CONFORMIDAD,CRITICAL,CUARENTENA,FORMATO,,FORMATO_INVALIDO, cam-25 ,Formato esperado CAM-00,1.0.0,GIAD-M3-S4-IOT-diagnostico-v5
22592,IOT-R016,COMPLETITUD,CRITICAL,CUARENTENA,FALTANTE,,FALTANTE,,Temperatura vacía,1.0.0,GIAD-M3-S4-IOT-diagnostico-v5
22613,IOT-R002,CONFORMIDAD,CRITICAL,CUARENTENA,FORMATO,,FECHA_INVALIDA,2026-02-31 09:15:00,Formato incorrecto o fecha imposible,1.0.0,GIAD-M3-S4-IOT-diagnostico-v5
22730,IOT-R008,CONFORMIDAD,CRITICAL,CUARENTENA,FORMATO,,FORMATO_INVALIDO, cam-20 ,Formato esperado CAM-00,1.0.0,GIAD-M3-S4-IOT-diagnostico-v5
22824,IOT-R008,CONFORMIDAD,CRITICAL,CUARENTENA,FORMATO,,FORMATO_INVALIDO, cam-15 ,Formato esperado CAM-00,1.0.0,GIAD-M3-S4-IOT-diagnostico-v5
22835,IOT-R018,VALIDEZ,CRITICAL,CUARENTENA,VALIDEZ,,VALOR_CENTINELA,-999.0,-999 indica ausencia o error de lectura,1.0.0,GIAD-M3-S4-IOT-diagnostico-v5
22841,IOT-R019,COMPLETITUD,CRITICAL,CUARENTENA,FALTANTE,,FALTANTE,,Humedad vacía,1.0.0,GIAD-M3-S4-IOT-diagnostico-v5
22880,IOT-R008,CONFORMIDAD,CRITICAL,CUARENTENA,FORMATO,,FORMATO_INVALIDO, cam-20 ,Formato esperado CAM-00,1.0.0,GIAD-M3-S4-IOT-diagnostico-v5
22960,IOT-R019,COMPLETITUD,CRITICAL,CUARENTENA,FALTANTE,,FALTANTE,,Humedad vacía,1.0.0,GIAD-M3-S4-IOT-diagnostico-v5
23055,IOT-R018,VALIDEZ,CRITICAL,CUARENTENA,VALIDEZ,,VALOR_CENTINELA,-999.0,-999 indica ausencia o error de lectura,1.0.0,GIAD-M3-S4-IOT-diagnostico-v5
23093,IOT-R016,COMPLETITUD,CRITICAL,CUARENTENA,FALTANTE,,FALTANTE,,Temperatura vacía,1.0.0,GIAD-M3-S4-IOT-diagnostico-v5
23127,IOT-R015,CONFORMIDAD,WARNING,REVISAR,CONFORMIDAD,,PENDIENTE_CONVERSION_F,F,Lectura válida en F; estandarización corresponde al tratamiento,1.0.0,GIAD-M3-S4-IOT-diagnostico-v5
23135,IOT-R019,COMPLETITUD,CRITICAL,CUARENTENA,FALTANTE,,FALTANTE,,Humedad vacía,1.0.0,GIAD-M3-S4-IOT-diagnostico-v5
23167,IOT-R018,VALIDEZ,CRITICAL,CUARENTENA,VALIDEZ,,VALOR_CENTINELA,-999.0,-999 indica ausencia o error de lectura,1.0.0,GIAD-M3-S4-IOT-diagnostico-v5
23179,IOT-R019,COMPLETITUD,CRITICAL,CUARENTENA,FALTANTE,,FALTANTE,,Humedad vacía,1.0.0,GIAD-M3-S4-IOT-diagnostico-v5
23220,IOT-R018,VALIDEZ,CRITICAL,CUARENTENA,VALIDEZ,,VALOR_CENTINELA,-999.0,-999 indica ausencia o error de lectura,1.0.0,GIAD-M3-S4-IOT-diagnostico-v5
23426,IOT-R018,VALIDEZ,CRITICAL,CUARENTENA,VALIDEZ,,VALOR_CENTINELA,-999.0,-999 indica ausencia o error de lectura,1.0.0,GIAD-M3-S4-IOT-diagnostico-v5
23456,IOT-R019,COMPLETITUD,CRITICAL,CUARENTENA,FALTANTE,,FALTANTE,,Humedad vacía,1.0.0,GIAD-M3-S4-IOT-diagnostico-v5
23561,IOT-R018,VALIDEZ,CRITICAL,CUARENTENA,VALIDEZ,,VALOR_CENTINELA,-999.0,-999 indica ausencia o error de lectura,1.0.0,GIAD-M3-S4-IOT-diagnostico-v5
23567,IOT-R008,CONFORMIDAD,CRITICAL,CUARENTENA,FORMATO,,FORMATO_INVALIDO, cam-24 ,Formato esperado CAM-00,1.0.0,GIAD-M3-S4-IOT-diagnostico-v5
23601,IOT-R016,COMPLETITUD,CRITICAL,CUARENTENA,FALTANTE,,FALTANTE,,Temperatura vacía,1.0.0,GIAD-M3-S4-IOT-diagnostico-v5
23702,IOT-R018,VALIDEZ,CRITICAL,CUARENTENA,VALIDEZ,,VALOR_CENTINELA,-999.0,-999 indica ausencia o error de lectura,1.0.0,GIAD-M3-S4-IOT-diagnostico-v5
23787,IOT-R008,CONFORMIDAD,CRITICAL,CUARENTENA,FORMATO,,FORMATO_INVALIDO, cam-28 ,Formato esperado CAM-00,1.0.0,GIAD-M3-S4-IOT-diagnostico-v5
23861,IOT-R018,VALIDEZ,CRITICAL,CUARENTENA,VALIDEZ,,VALOR_CENTINELA,-999.0,-999 indica ausencia o error de lectura,1.0.0,GIAD-M3-S4-IOT-diagnostico-v5
23991,IOT-R016,COMPLETITUD,CRITICAL,CUARENTENA,FALTANTE,,FALTANTE,,Temperatura vacía,1.0.0,GIAD-M3-S4-IOT-diagnostico-v5
24040,IOT-R019,COMPLETITUD,CRITICAL,CUARENTENA,FALTANTE,,FALTANTE,,Humedad vacía,1.0.0,GIAD-M3-S4-IOT-diagnostico-v5
24402,IOT-R018,VALIDEZ,CRITICAL,CUARENTENA,VALIDEZ,,VALOR_CENTINELA,-999.0,-999 indica ausencia o error de lectura,1.0.0,GIAD-M3-S4-IOT-diagnostico-v5
24416,IOT-R019,COMPLETITUD,CRITICAL,CUARENTENA,FALTANTE,,FALTANTE,,Humedad vacía,1.0.0,GIAD-M3-S4-IOT-diagnostico-v5
24482,IOT-R015,CONFORMIDAD,WARNING,REVISAR,CONFORMIDAD,,PENDIENTE_CONVERSION_F,F,Lectura válida en F; estandarización corresponde al tratamiento,1.0.0,GIAD-M3-S4-IOT-diagnostico-v5
24579,IOT-R021,VALIDEZ,CRITICAL,CUARENTENA,VALIDEZ,,FUERA_RANGO,-92.6,Humedad fuera de 0 a 100%,1.0.0,GIAD-M3-S4-IOT-diagnostico-v5
24647,IOT-R018,VALIDEZ,CRITICAL,CUARENTENA,VALIDEZ,,VALOR_CENTINELA,-999.0,-999 indica ausencia o error de lectura,1.0.0,GIAD-M3-S4-IOT-diagnostico-v5
24674,IOT-R016,COMPLETITUD,CRITICAL,CUARENTENA,FALTANTE,,FALTANTE,,Temperatura vacía,1.0.0,GIAD-M3-S4-IOT-diagnostico-v5
24824,IOT-R019,COMPLETITUD,CRITICAL,CUARENTENA,FALTANTE,,FALTANTE,,Humedad vacía,1.0.0,GIAD-M3-S4-IOT-diagnostico-v5
24838,IOT-R018,VALIDEZ,CRITICAL,CUARENTENA,VALIDEZ,,VALOR_CENTINELA,-999.0,-999 indica ausencia o error de lectura,1.0.0,GIAD-M3-S4-IOT-diagnostico-v5
24976,IOT-R008,CONFORMIDAD,CRITICAL,CUARENTENA,FORMATO,,FORMATO_INVALIDO, cam-24 ,Formato esperado CAM-00,1.0.0,GIAD-M3-S4-IOT-diagnostico-v5
25016,IOT-R019,COMPLETITUD,CRITICAL,CUARENTENA,FALTANTE,,FALTANTE,,Humedad vacía,1.0.0,GIAD-M3-S4-IOT-diagnostico-v5
25029,IOT-R019,COMPLETITUD,CRITICAL,CUARENTENA,FALTANTE,,FALTANTE,,Humedad vacía,1.0.0,GIAD-M3-S4-IOT-diagnostico-v5
25071,IOT-R019,COMPLETITUD,CRITICAL,CUARENTENA,FALTANTE,,FALTANTE,,Humedad vacía,1.0.0,GIAD-M3-S4-IOT-diagnostico-v5
25332,IOT-R015,CONFORMIDAD,WARNING,REVISAR,CONFORMIDAD,,PENDIENTE_CONVERSION_F,F,Lectura válida en F; estandarización corresponde al tratamiento,1.0.0,GIAD-M3-S4-IOT-diagnostico-v5
25485,IOT-R018,VALIDEZ,CRITICAL,CUARENTENA,VALIDEZ,,VALOR_CENTINELA,-999.0,-999 indica ausencia o error de lectura,1.0.0,GIAD-M3-S4-IOT-diagnostico-v5
25532,IOT-R018,VALIDEZ,CRITICAL,CUARENTENA,VALIDEZ,,VALOR_CENTINELA,-999.0,-999 indica ausencia o error de lectura,1.0.0,GIAD-M3-S4-IOT-diagnostico-v5
25535,IOT-R016,COMPLETITUD,CRITICAL,CUARENTENA,FALTANTE,,FALTANTE,,Temperatura vacía,1.0.0,GIAD-M3-S4-IOT-diagnostico-v5
25630,IOT-R016,COMPLETITUD,CRITICAL,CUARENTENA,FALTANTE,,FALTANTE,,Temperatura vacía,1.0.0,GIAD-M3-S4-IOT-diagnostico-v5
25688,IOT-R019,COMPLETITUD,CRITICAL,CUARENTENA,FALTANTE,,FALTANTE,,Humedad vacía,1.0.0,GIAD-M3-S4-IOT-diagnostico-v5
25750,IOT-R015,CONFORMIDAD,WARNING,REVISAR,CONFORMIDAD,,PENDIENTE_CONVERSION_F,F,Lectura válida en F; estandarización corresponde al tratamiento,1.0.0,GIAD-M3-S4-IOT-diagnostico-v5
25819,IOT-R015,CONFORMIDAD,WARNING,REVISAR,CONFORMIDAD,,PENDIENTE_CONVERSION_F,F,Lectura válida en F; estandarización corresponde al tratamiento,1.0.0,GIAD-M3-S4-IOT-diagnostico-v5
26047,IOT-R016,COMPLETITUD,CRITICAL,CUARENTENA,FALTANTE,,FALTANTE,,Temperatura vacía,1.0.0,GIAD-M3-S4-IOT-diagnostico-v5
26061,IOT-R019,COMPLETITUD,CRITICAL,CUARENTENA,FALTANTE,,FALTANTE,,Humedad vacía,1.0.0,GIAD-M3-S4-IOT-diagnostico-v5
26093,IOT-R018,VALIDEZ,CRITICAL,CUARENTENA,VALIDEZ,,VALOR_CENTINELA,-999.0,-999 indica ausencia o error de lectura,1.0.0,GIAD-M3-S4-IOT-diagnostico-v5
26101,IOT-R021,VALIDEZ,CRITICAL,CUARENTENA,VALIDEZ,,FUERA_RANGO,-37.4,Humedad fuera de 0 a 100%,1.0.0,GIAD-M3-S4-IOT-diagnostico-v5
26120,IOT-R018,VALIDEZ,CRITICAL,CUARENTENA,VALIDEZ,,VALOR_CENTINELA,-999.0,-999 indica ausencia o error de lectura,1.0.0,GIAD-M3-S4-IOT-diagnostico-v5
26152,IOT-R014,VALIDEZ,CRITICAL,CUARENTENA,VALIDEZ,,UNIDAD_NO_RECONOCIDA,K,Unidad distinta de C o F,1.0.0,GIAD-M3-S4-IOT-diagnostico-v5
26156,IOT-R016,COMPLETITUD,CRITICAL,CUARENTENA,FALTANTE,,FALTANTE,,Temperatura vacía,1.0.0,GIAD-M3-S4-IOT-diagnostico-v5
26209,IOT-R015,CONFORMIDAD,WARNING,REVISAR,CONFORMIDAD,,PENDIENTE_CONVERSION_F,F,Lectura válida en F; estandarización corresponde al tratamiento,1.0.0,GIAD-M3-S4-IOT-diagnostico-v5
26238,IOT-R019,COMPLETITUD,CRITICAL,CUARENTENA,FALTANTE,,FALTANTE,,Humedad vacía,1.0.0,GIAD-M3-S4-IOT-diagnostico-v5
26242,IOT-R002,CONFORMIDAD,CRITICAL,CUARENTENA,FORMATO,,FECHA_INVALIDA,2026-02-31 09:15:00,Formato incorrecto o fecha imposible,1.0.0,GIAD-M3-S4-IOT-diagnostico-v5
26321,IOT-R019,COMPLETITUD,CRITICAL,CUARENTENA,FALTANTE,,FALTANTE,,Humedad vacía,1.0.0,GIAD-M3-S4-IOT-diagnostico-v5
26353,IOT-R016,COMPLETITUD,CRITICAL,CUARENTENA,FALTANTE,,FALTANTE,,Temperatura vacía,1.0.0,GIAD-M3-S4-IOT-diagnostico-v5
26425,IOT-R016,COMPLETITUD,CRITICAL,CUARENTENA,FALTANTE,,FALTANTE,,Temperatura vacía,1.0.0,GIAD-M3-S4-IOT-diagnostico-v5
26525,IOT-R018,VALIDEZ,CRITICAL,CUARENTENA,VALIDEZ,,VALOR_CENTINELA,-999.0,-999 indica ausencia o error de lectura,1.0.0,GIAD-M3-S4-IOT-diagnostico-v5
26584,IOT-R021,VALIDEZ,CRITICAL,CUARENTENA,VALIDEZ,,FUERA_RANGO,-76.6,Humedad fuera de 0 a 100%,1.0.0,GIAD-M3-S4-IOT-diagnostico-v5
26990,IOT-R019,COMPLETITUD,CRITICAL,CUARENTENA,FALTANTE,,FALTANTE,,Humedad vacía,1.0.0,GIAD-M3-S4-IOT-diagnostico-v5
27028,IOT-R008,CONFORMIDAD,CRITICAL,CUARENTENA,FORMATO,,FORMATO_INVALIDO, cam-26 ,Formato esperado CAM-00,1.0.0,GIAD-M3-S4-IOT-diagnostico-v5
27214,IOT-R018,VALIDEZ,CRITICAL,CUARENTENA,VALIDEZ,,VALOR_CENTINELA,-999.0,-999 indica ausencia o error de lectura,1.0.0,GIAD-M3-S4-IOT-diagnostico-v5
27228,IOT-R019,COMPLETITUD,CRITICAL,CUARENTENA,FALTANTE,,FALTANTE,,Humedad vacía,1.0.0,GIAD-M3-S4-IOT-diagnostico-v5
27298,IOT-R016,COMPLETITUD,CRITICAL,CUARENTENA,FALTANTE,,FALTANTE,,Temperatura vacía,1.0.0,GIAD-M3-S4-IOT-diagnostico-v5
27301,IOT-R019,COMPLETITUD,CRITICAL,CUARENTENA,FALTANTE,,FALTANTE,,Humedad vacía,1.0.0,GIAD-M3-S4-IOT-diagnostico-v5
27380,IOT-R018,VALIDEZ,CRITICAL,CUARENTENA,VALIDEZ,,VALOR_CENTINELA,-999.0,-999 indica ausencia o error de lectura,1.0.0,GIAD-M3-S4-IOT-diagnostico-v5
27390,IOT-R018,VALIDEZ,CRITICAL,CUARENTENA,VALIDEZ,,VALOR_CENTINELA,-999.0,-999 indica ausencia o error de lectura,1.0.0,GIAD-M3-S4-IOT-diagnostico-v5
27421,IOT-R021,VALIDEZ,CRITICAL,CUARENTENA,VALIDEZ,,FUERA_RANGO,-39.8,Humedad fuera de 0 a 100%,1.0.0,GIAD-M3-S4-IOT-diagnostico-v5
27443,IOT-R016,COMPLETITUD,CRITICAL,CUARENTENA,FALTANTE,,FALTANTE,,Temperatura vacía,1.0.0,GIAD-M3-S4-IOT-diagnostico-v5
27489,IOT-R019,COMPLETITUD,CRITICAL,CUARENTENA,FALTANTE,,FALTANTE,,Humedad vacía,1.0.0,GIAD-M3-S4-IOT-diagnostico-v5
27542,IOT-R018,VALIDEZ,CRITICAL,CUARENTENA,VALIDEZ,,VALOR_CENTINELA,-999.0,-999 indica ausencia o error de lectura,1.0.0,GIAD-M3-S4-IOT-diagnostico-v5
27605,IOT-R018,VALIDEZ,CRITICAL,CUARENTENA,VALIDEZ,,VALOR_CENTINELA,-999.0,-999 indica ausencia o error de lectura,1.0.0,GIAD-M3-S4-IOT-diagnostico-v5
27807,IOT-R018,VALIDEZ,CRITICAL,CUARENTENA,VALIDEZ,,VALOR_CENTINELA,-999.0,-999 indica ausencia o error de lectura,1.0.0,GIAD-M3-S4-IOT-diagnostico-v5
27904,IOT-R008,CONFORMIDAD,CRITICAL,CUARENTENA,FORMATO,,FORMATO_INVALIDO, cam-08 ,Formato esperado CAM-00,1.0.0,GIAD-M3-S4-IOT-diagnostico-v5
27936,IOT-R016,COMPLETITUD,CRITICAL,CUARENTENA,FALTANTE,,FALTANTE,,Temperatura vacía,1.0.0,GIAD-M3-S4-IOT-diagnostico-v5
28063,IOT-R015,CONFORMIDAD,WARNING,REVISAR,CONFORMIDAD,,PENDIENTE_CONVERSION_F,F,Lectura válida en F; estandarización corresponde al tratamiento,1.0.0,GIAD-M3-S4-IOT-diagnostico-v5
28111,IOT-R016,COMPLETITUD,CRITICAL,CUARENTENA,FALTANTE,,FALTANTE,,Temperatura vacía,1.0.0,GIAD-M3-S4-IOT-diagnostico-v5
28132,IOT-R002,CONFORMIDAD,CRITICAL,CUARENTENA,FORMATO,,FECHA_INVALIDA,2026-02-31 09:15:00,Formato incorrecto o fecha imposible,1.0.0,GIAD-M3-S4-IOT-diagnostico-v5
28181,IOT-R016,COMPLETITUD,CRITICAL,CUARENTENA,FALTANTE,,FALTANTE,,Temperatura vacía,1.0.0,GIAD-M3-S4-IOT-diagnostico-v5
28187,IOT-R014,VALIDEZ,CRITICAL,CUARENTENA,VALIDEZ,,UNIDAD_NO_RECONOCIDA,K,Unidad distinta de C o F,1.0.0,GIAD-M3-S4-IOT-diagnostico-v5
28226,IOT-R019,COMPLETITUD,CRITICAL,CUARENTENA,FALTANTE,,FALTANTE,,Humedad vacía,1.0.0,GIAD-M3-S4-IOT-diagnostico-v5
28336,IOT-R016,COMPLETITUD,CRITICAL,CUARENTENA,FALTANTE,,FALTANTE,,Temperatura vacía,1.0.0,GIAD-M3-S4-IOT-diagnostico-v5
28490,IOT-R018,VALIDEZ,CRITICAL,CUARENTENA,VALIDEZ,,VALOR_CENTINELA,-999.0,-999 indica ausencia o error de lectura,1.0.0,GIAD-M3-S4-IOT-diagnostico-v5
28801,IOT-R011,UNICIDAD,CRITICAL,CUARENTENA,UNICIDAD,,DUPLICADO_IDENTICO,VIA-00236 + 2026-08-10 20:07:00,Copia posterior idéntica de toda la fila Bronze,1.0.0,GIAD-M3-S4-IOT-diagnostico-v5
28802,IOT-R011,UNICIDAD,CRITICAL,CUARENTENA,UNICIDAD,,DUPLICADO_IDENTICO,VIA-00184 + 2026-08-21 16:21:00,Copia posterior idéntica de toda la fila Bronze,1.0.0,GIAD-M3-S4-IOT-diagnostico-v5
28803,IOT-R011,UNICIDAD,CRITICAL,CUARENTENA,UNICIDAD,,DUPLICADO_IDENTICO,VIA-00970 + 2026-08-25 04:44:00,Copia posterior idéntica de toda la fila Bronze,1.0.0,GIAD-M3-S4-IOT-diagnostico-v5
28804,IOT-R011,UNICIDAD,CRITICAL,CUARENTENA,UNICIDAD,,DUPLICADO_IDENTICO,VIA-00194 + 2026-08-18 04:11:00,Copia posterior idéntica de toda la fila Bronze,1.0.0,GIAD-M3-S4-IOT-diagnostico-v5
28805,IOT-R011,UNICIDAD,CRITICAL,CUARENTENA,UNICIDAD,,DUPLICADO_IDENTICO,VIA-00914 + 2026-08-02 11:49:00,Copia posterior idéntica de toda la fila Bronze,1.0.0,GIAD-M3-S4-IOT-diagnostico-v5
28806,IOT-R011,UNICIDAD,CRITICAL,CUARENTENA,UNICIDAD,,DUPLICADO_IDENTICO,VIA-00259 + 2026-08-19 11:40:00,Copia posterior idéntica de toda la fila Bronze,1.0.0,GIAD-M3-S4-IOT-diagnostico-v5
28807,IOT-R011,UNICIDAD,CRITICAL,CUARENTENA,UNICIDAD,,DUPLICADO_IDENTICO,VIA-00242 + 2026-08-18 17:23:00,Copia posterior idéntica de toda la fila Bronze,1.0.0,GIAD-M3-S4-IOT-diagnostico-v5
28808,IOT-R011,UNICIDAD,CRITICAL,CUARENTENA,UNICIDAD,,DUPLICADO_IDENTICO,VIA-00662 + 2026-08-12 02:44:00,Copia posterior idéntica de toda la fila Bronze,1.0.0,GIAD-M3-S4-IOT-diagnostico-v5
28809,IOT-R011,UNICIDAD,CRITICAL,CUARENTENA,UNICIDAD,,DUPLICADO_IDENTICO,VIA-01036 + 2026-08-16 05:38:00,Copia posterior idéntica de toda la fila Bronze,1.0.0,GIAD-M3-S4-IOT-diagnostico-v5
28810,IOT-R011,UNICIDAD,CRITICAL,CUARENTENA,UNICIDAD,,DUPLICADO_IDENTICO,VIA-01172 + 2026-08-02 08:45:00,Copia posterior idéntica de toda la fila Bronze,1.0.0,GIAD-M3-S4-IOT-diagnostico-v5
28811,IOT-R011,UNICIDAD,CRITICAL,CUARENTENA,UNICIDAD,,DUPLICADO_IDENTICO,VIA-00363 + 2026-08-06 05:11:00,Copia posterior idéntica de toda la fila Bronze,1.0.0,GIAD-M3-S4-IOT-diagnostico-v5
28812,IOT-R011,UNICIDAD,CRITICAL,CUARENTENA,UNICIDAD,,DUPLICADO_IDENTICO,VIA-00927 + 2026-08-26 10:35:00,Copia posterior idéntica de toda la fila Bronze,1.0.0,GIAD-M3-S4-IOT-diagnostico-v5
28813,IOT-R011,UNICIDAD,CRITICAL,CUARENTENA,UNICIDAD,,DUPLICADO_IDENTICO,VIA-00807 + 2026-08-15 15:30:00,Copia posterior idéntica de toda la fila Bronze,1.0.0,GIAD-M3-S4-IOT-diagnostico-v5
28814,IOT-R011,UNICIDAD,CRITICAL,CUARENTENA,UNICIDAD,,DUPLICADO_IDENTICO,VIA-00486 + 2026-08-09 11:02:00,Copia posterior idéntica de toda la fila Bronze,1.0.0,GIAD-M3-S4-IOT-diagnostico-v5
28815,IOT-R011,UNICIDAD,CRITICAL,CUARENTENA,UNICIDAD,,DUPLICADO_IDENTICO,VIA-00197 + 2026-08-19 21:30:00,Copia posterior idéntica de toda la fila Bronze,1.0.0,GIAD-M3-S4-IOT-diagnostico-v5
28816,IOT-R011,UNICIDAD,CRITICAL,CUARENTENA,UNICIDAD,,DUPLICADO_IDENTICO,VIA-00670 + 2026-08-28 18:01:00,Copia posterior idéntica de toda la fila Bronze,1.0.0,GIAD-M3-S4-IOT-diagnostico-v5
28817,IOT-R011,UNICIDAD,CRITICAL,CUARENTENA,UNICIDAD,,DUPLICADO_IDENTICO,VIA-00781 + 2026-08-16 04:20:00,Copia posterior idéntica de toda la fila Bronze,1.0.0,GIAD-M3-S4-IOT-diagnostico-v5
28818,IOT-R011,UNICIDAD,CRITICAL,CUARENTENA,UNICIDAD,,DUPLICADO_IDENTICO,VIA-00053 + 2026-08-09 23:54:00,Copia posterior idéntica de toda la fila Bronze,1.0.0,GIAD-M3-S4-IOT-diagnostico-v5
28819,IOT-R011,UNICIDAD,CRITICAL,CUARENTENA,UNICIDAD,,DUPLICADO_IDENTICO,VIA-00047 + 2026-08-29 06:13:00,Copia posterior idéntica de toda la fila Bronze,1.0.0,GIAD-M3-S4-IOT-diagnostico-v5
28820,IOT-R011,UNICIDAD,CRITICAL,CUARENTENA,UNICIDAD,,DUPLICADO_IDENTICO,VIA-00305 + 2026-08-23 15:01:00,Copia posterior idéntica de toda la fila Bronze,1.0.0,GIAD-M3-S4-IOT-diagnostico-v5
28821,IOT-R011,UNICIDAD,CRITICAL,CUARENTENA,UNICIDAD,,DUPLICADO_IDENTICO,VIA-00122 + 2026-08-23 15:16:00,Copia posterior idéntica de toda la fila Bronze,1.0.0,GIAD-M3-S4-IOT-diagnostico-v5
28822,IOT-R011,UNICIDAD,CRITICAL,CUARENTENA,UNICIDAD,,DUPLICADO_IDENTICO,VIA-00823 + 2026-08-03 03:34:00,Copia posterior idéntica de toda la fila Bronze,1.0.0,GIAD-M3-S4-IOT-diagnostico-v5
28823,IOT-R011,UNICIDAD,CRITICAL,CUARENTENA,UNICIDAD,,DUPLICADO_IDENTICO,VIA-00896 + 2026-08-04 00:41:00,Copia posterior idéntica de toda la fila Bronze,1.0.0,GIAD-M3-S4-IOT-diagnostico-v5
28824,IOT-R011,UNICIDAD,CRITICAL,CUARENTENA,UNICIDAD,,DUPLICADO_IDENTICO,VIA-00380 + 2026-08-01 15:38:00,Copia posterior idéntica de toda la fila Bronze,1.0.0,GIAD-M3-S4-IOT-diagnostico-v5
28825,IOT-R011,UNICIDAD,CRITICAL,CUARENTENA,UNICIDAD,,DUPLICADO_IDENTICO,VIA-00679 + 2026-08-06 13:54:00,Copia posterior idéntica de toda la fila Bronze,1.0.0,GIAD-M3-S4-IOT-diagnostico-v5
28826,IOT-R011,UNICIDAD,CRITICAL,CUARENTENA,UNICIDAD,,DUPLICADO_IDENTICO,VIA-00217 + 2026-08-12 12:57:00,Copia posterior idéntica de toda la fila Bronze,1.0.0,GIAD-M3-S4-IOT-diagnostico-v5
28827,IOT-R011,UNICIDAD,CRITICAL,CUARENTENA,UNICIDAD,,DUPLICADO_IDENTICO,VIA-00027 + 2026-08-30 10:57:00,Copia posterior idéntica de toda la fila Bronze,1.0.0,GIAD-M3-S4-IOT-diagnostico-v5
28828,IOT-R011,UNICIDAD,CRITICAL,CUARENTENA,UNICIDAD,,DUPLICADO_IDENTICO,VIA-00051 + 2026-08-06 14:54:00,Copia posterior idéntica de toda la fila Bronze,1.0.0,GIAD-M3-S4-IOT-diagnostico-v5
28829,IOT-R011,UNICIDAD,CRITICAL,CUARENTENA,UNICIDAD,,DUPLICADO_IDENTICO,VIA-00864 + 2026-08-03 05:18:00,Copia posterior idéntica de toda la fila Bronze,1.0.0,GIAD-M3-S4-IOT-diagnostico-v5
28830,IOT-R011,UNICIDAD,CRITICAL,CUARENTENA,UNICIDAD,,DUPLICADO_IDENTICO,VIA-01070 + 2026-08-20 18:11:00,Copia posterior idéntica de toda la fila Bronze,1.0.0,GIAD-M3-S4-IOT-diagnostico-v5
28831,IOT-R011,UNICIDAD,CRITICAL,CUARENTENA,UNICIDAD,,DUPLICADO_IDENTICO,VIA-00856 + 2026-08-20 15:36:00,Copia posterior idéntica de toda la fila Bronze,1.0.0,GIAD-M3-S4-IOT-diagnostico-v5
28832,IOT-R011,UNICIDAD,CRITICAL,CUARENTENA,UNICIDAD,,DUPLICADO_IDENTICO,VIA-00379 + 2026-08-14 06:56:00,Copia posterior idéntica de toda la fila Bronze,1.0.0,GIAD-M3-S4-IOT-diagnostico-v5
28833,IOT-R011,UNICIDAD,CRITICAL,CUARENTENA,UNICIDAD,,DUPLICADO_IDENTICO,VIA-00002 + 2026-08-13 04:00:00,Copia posterior idéntica de toda la fila Bronze,1.0.0,GIAD-M3-S4-IOT-diagnostico-v5
28834,IOT-R011,UNICIDAD,CRITICAL,CUARENTENA,UNICIDAD,,DUPLICADO_IDENTICO,VIA-01023 + 2026-08-21 12:20:00,Copia posterior idéntica de toda la fila Bronze,1.0.0,GIAD-M3-S4-IOT-diagnostico-v5
28835,IOT-R011,UNICIDAD,CRITICAL,CUARENTENA,UNICIDAD,,DUPLICADO_IDENTICO,VIA-01146 + 2026-08-08 14:52:00,Copia posterior idéntica de toda la fila Bronze,1.0.0,GIAD-M3-S4-IOT-diagnostico-v5
28836,IOT-R011,UNICIDAD,CRITICAL,CUARENTENA,UNICIDAD,,DUPLICADO_IDENTICO,VIA-00306 + 2026-08-05 09:12:00,Copia posterior idéntica de toda la fila Bronze,1.0.0,GIAD-M3-S4-IOT-diagnostico-v5
28837,IOT-R011,UNICIDAD,CRITICAL,CUARENTENA,UNICIDAD,,DUPLICADO_IDENTICO,VIA-00673 + 2026-08-30 19:32:00,Copia posterior idéntica de toda la fila Bronze,1.0.0,GIAD-M3-S4-IOT-diagnostico-v5
28838,IOT-R011,UNICIDAD,CRITICAL,CUARENTENA,UNICIDAD,,DUPLICADO_IDENTICO,VIA-00135 + 2026-08-04 17:56:00,Copia posterior idéntica de toda la fila Bronze,1.0.0,GIAD-M3-S4-IOT-diagnostico-v5
28839,IOT-R011,UNICIDAD,CRITICAL,CUARENTENA,UNICIDAD,,DUPLICADO_IDENTICO,VIA-00821 + 2026-08-01 23:23:00,Copia posterior idéntica de toda la fila Bronze,1.0.0,GIAD-M3-S4-IOT-diagnostico-v5
28840,IOT-R011,UNICIDAD,CRITICAL,CUARENTENA,UNICIDAD,,DUPLICADO_IDENTICO,VIA-00755 + 2026-08-20 09:55:00,Copia posterior idéntica de toda la fila Bronze,1.0.0,GIAD-M3-S4-IOT-diagnostico-v5
28841,IOT-R011,UNICIDAD,CRITICAL,CUARENTENA,UNICIDAD,,DUPLICADO_IDENTICO,VIA-00531 + 2026-08-06 23:25:00,Copia posterior idéntica de toda la fila Bronze,1.0.0,GIAD-M3-S4-IOT-diagnostico-v5
28842,IOT-R011,UNICIDAD,CRITICAL,CUARENTENA,UNICIDAD,,DUPLICADO_IDENTICO,VIA-00757 + 2026-08-27 05:16:00,Copia posterior idéntica de toda la fila Bronze,1.0.0,GIAD-M3-S4-IOT-diagnostico-v5
28843,IOT-R011,UNICIDAD,CRITICAL,CUARENTENA,UNICIDAD,,DUPLICADO_IDENTICO,VIA-00897 + 2026-08-30 14:53:00,Copia posterior idéntica de toda la fila Bronze,1.0.0,GIAD-M3-S4-IOT-diagnostico-v5
28844,IOT-R011,UNICIDAD,CRITICAL,CUARENTENA,UNICIDAD,,DUPLICADO_IDENTICO,VIA-00091 + 2026-08-20 19:22:00,Copia posterior idéntica de toda la fila Bronze,1.0.0,GIAD-M3-S4-IOT-diagnostico-v5
28845,IOT-R011,UNICIDAD,CRITICAL,CUARENTENA,UNICIDAD,,DUPLICADO_IDENTICO,VIA-00980 + 2026-08-05 14:02:00,Copia posterior idéntica de toda la fila Bronze,1.0.0,GIAD-M3-S4-IOT-diagnostico-v5
28846,IOT-R011,UNICIDAD,CRITICAL,CUARENTENA,UNICIDAD,,DUPLICADO_IDENTICO,VIA-00640 + 2026-08-05 23:29:00,Copia posterior idéntica de toda la fila Bronze,1.0.0,GIAD-M3-S4-IOT-diagnostico-v5
28847,IOT-R012,UNICIDAD,CRITICAL,CUARENTENA,UNICIDAD,,CLAVE_EN_CONFLICTO,VIA-00543 + 2026-08-28 23:01:00,Lecturas diferentes con igual clave candidata; se marcan todas,1.0.0,GIAD-M3-S4-IOT-diagnostico-v5
28847,IOT-R016,COMPLETITUD,CRITICAL,CUARENTENA,FALTANTE,,FALTANTE,,Temperatura vacía,1.0.0,GIAD-M3-S4-IOT-diagnostico-v5
28848,IOT-R012,UNICIDAD,CRITICAL,CUARENTENA,UNICIDAD,,CLAVE_EN_CONFLICTO,VIA-00475 + 2026-08-27 19:42:00,Lecturas diferentes con igual clave candidata; se marcan todas,1.0.0,GIAD-M3-S4-IOT-diagnostico-v5
28848,IOT-R019,COMPLETITUD,CRITICAL,CUARENTENA,FALTANTE,,FALTANTE,,Humedad vacía,1.0.0,GIAD-M3-S4-IOT-diagnostico-v5
28849,IOT-R011,UNICIDAD,CRITICAL,CUARENTENA,UNICIDAD,,DUPLICADO_IDENTICO,VIA-00073 + 2026-08-17 08:26:00,Copia posterior idéntica de toda la fila Bronze,1.0.0,GIAD-M3-S4-IOT-diagnostico-v5
28850,IOT-R011,UNICIDAD,CRITICAL,CUARENTENA,UNICIDAD,,DUPLICADO_IDENTICO,VIA-00985 + 2026-08-04 13:49:00,Copia posterior idéntica de toda la fila Bronze,1.0.0,GIAD-M3-S4-IOT-diagnostico-v5
28851,IOT-R011,UNICIDAD,CRITICAL,CUARENTENA,UNICIDAD,,DUPLICADO_IDENTICO,VIA-01182 + 2026-08-12 18:33:00,Copia posterior idéntica de toda la fila Bronze,1.0.0,GIAD-M3-S4-IOT-diagnostico-v5
28852,IOT-R011,UNICIDAD,CRITICAL,CUARENTENA,UNICIDAD,,DUPLICADO_IDENTICO,VIA-00379 + 2026-08-14 02:26:00,Copia posterior idéntica de toda la fila Bronze,1.0.0,GIAD-M3-S4-IOT-diagnostico-v5
28853,IOT-R011,UNICIDAD,CRITICAL,CUARENTENA,UNICIDAD,,DUPLICADO_IDENTICO,VIA-00258 + 2026-08-18 14:54:00,Copia posterior idéntica de toda la fila Bronze,1.0.0,GIAD-M3-S4-IOT-diagnostico-v5
28854,IOT-R011,UNICIDAD,CRITICAL,CUARENTENA,UNICIDAD,,DUPLICADO_IDENTICO,VIA-00939 + 2026-08-14 09:12:00,Copia posterior idéntica de toda la fila Bronze,1.0.0,GIAD-M3-S4-IOT-diagnostico-v5
28855,IOT-R011,UNICIDAD,CRITICAL,CUARENTENA,UNICIDAD,,DUPLICADO_IDENTICO,VIA-01166 + 2026-08-16 08:41:00,Copia posterior idéntica de toda la fila Bronze,1.0.0,GIAD-M3-S4-IOT-diagnostico-v5
28856,IOT-R011,UNICIDAD,CRITICAL,CUARENTENA,UNICIDAD,,DUPLICADO_IDENTICO,VIA-00433 + 2026-08-30 05:53:00,Copia posterior idéntica de toda la fila Bronze,1.0.0,GIAD-M3-S4-IOT-diagnostico-v5
28857,IOT-R011,UNICIDAD,CRITICAL,CUARENTENA,UNICIDAD,,DUPLICADO_IDENTICO,VIA-00260 + 2026-08-02 22:34:00,Copia posterior idéntica de toda la fila Bronze,1.0.0,GIAD-M3-S4-IOT-diagnostico-v5
28858,IOT-R011,UNICIDAD,CRITICAL,CUARENTENA,UNICIDAD,,DUPLICADO_IDENTICO,VIA-00674 + 2026-08-08 08:33:00,Copia posterior idéntica de toda la fila Bronze,1.0.0,GIAD-M3-S4-IOT-diagnostico-v5
28859,IOT-R011,UNICIDAD,CRITICAL,CUARENTENA,UNICIDAD,,DUPLICADO_IDENTICO,VIA-00828 + 2026-08-26 12:11:00,Copia posterior idéntica de toda la fila Bronze,1.0.0,GIAD-M3-S4-IOT-diagnostico-v5
28860,IOT-R011,UNICIDAD,CRITICAL,CUARENTENA,UNICIDAD,,DUPLICADO_IDENTICO,VIA-00751 + 2026-08-04 15:52:00,Copia posterior idéntica de toda la fila Bronze,1.0.0,GIAD-M3-S4-IOT-diagnostico-v5
28861,IOT-R011,UNICIDAD,CRITICAL,CUARENTENA,UNICIDAD,,DUPLICADO_IDENTICO,VIA-00718 + 2026-08-16 01:15:00,Copia posterior idéntica de toda la fila Bronze,1.0.0,GIAD-M3-S4-IOT-diagnostico-v5
28862,IOT-R012,UNICIDAD,CRITICAL,CUARENTENA,UNICIDAD,,CLAVE_EN_CONFLICTO,VIA-00761 + 2026-08-26 18:25:00,Lecturas diferentes con igual clave candidata; se marcan todas,1.0.0,GIAD-M3-S4-IOT-diagnostico-v5
28862,IOT-R019,COMPLETITUD,CRITICAL,CUARENTENA,FALTANTE,,FALTANTE,,Humedad vacía,1.0.0,GIAD-M3-S4-IOT-diagnostico-v5
28863,IOT-R011,UNICIDAD,CRITICAL,CUARENTENA,UNICIDAD,,DUPLICADO_IDENTICO,VIA-00374 + 2026-08-05 05:31:00,Copia posterior idéntica de toda la fila Bronze,1.0.0,GIAD-M3-S4-IOT-diagnostico-v5
28864,IOT-R011,UNICIDAD,CRITICAL,CUARENTENA,UNICIDAD,,DUPLICADO_IDENTICO,VIA-01028 + 2026-08-14 01:36:00,Copia posterior idéntica de toda la fila Bronze,1.0.0,GIAD-M3-S4-IOT-diagnostico-v5
28865,IOT-R011,UNICIDAD,CRITICAL,CUARENTENA,UNICIDAD,,DUPLICADO_IDENTICO,VIA-01056 + 2026-08-16 01:22:00,Copia posterior idéntica de toda la fila Bronze,1.0.0,GIAD-M3-S4-IOT-diagnostico-v5
28866,IOT-R011,UNICIDAD,CRITICAL,CUARENTENA,UNICIDAD,,DUPLICADO_IDENTICO,VIA-00786 + 2026-08-12 16:33:00,Copia posterior idéntica de toda la fila Bronze,1.0.0,GIAD-M3-S4-IOT-diagnostico-v5
28867,IOT-R011,UNICIDAD,CRITICAL,CUARENTENA,UNICIDAD,,DUPLICADO_IDENTICO,VIA-00442 + 2026-08-15 17:31:00,Copia posterior idéntica de toda la fila Bronze,1.0.0,GIAD-M3-S4-IOT-diagnostico-v5
28868,IOT-R011,UNICIDAD,CRITICAL,CUARENTENA,UNICIDAD,,DUPLICADO_IDENTICO,VIA-00670 + 2026-08-28 12:01:00,Copia posterior idéntica de toda la fila Bronze,1.0.0,GIAD-M3-S4-IOT-diagnostico-v5
28869,IOT-R011,UNICIDAD,CRITICAL,CUARENTENA,UNICIDAD,,DUPLICADO_IDENTICO,VIA-00962 + 2026-08-08 22:43:00,Copia posterior idéntica de toda la fila Bronze,1.0.0,GIAD-M3-S4-IOT-diagnostico-v5
28870,IOT-R011,UNICIDAD,CRITICAL,CUARENTENA,UNICIDAD,,DUPLICADO_IDENTICO,VIA-00694 + 2026-08-04 06:10:00,Copia posterior idéntica de toda la fila Bronze,1.0.0,GIAD-M3-S4-IOT-diagnostico-v5
28871,IOT-R011,UNICIDAD,CRITICAL,CUARENTENA,UNICIDAD,,DUPLICADO_IDENTICO,VIA-00185 + 2026-08-22 15:54:00,Copia posterior idéntica de toda la fila Bronze,1.0.0,GIAD-M3-S4-IOT-diagnostico-v5
28872,IOT-R011,UNICIDAD,CRITICAL,CUARENTENA,UNICIDAD,,DUPLICADO_IDENTICO,VIA-00445 + 2026-08-06 04:15:00,Copia posterior idéntica de toda la fila Bronze,1.0.0,GIAD-M3-S4-IOT-diagnostico-v5
28873,IOT-R011,UNICIDAD,CRITICAL,CUARENTENA,UNICIDAD,,DUPLICADO_IDENTICO,VIA-00188 + 2026-08-13 01:05:00,Copia posterior idéntica de toda la fila Bronze,1.0.0,GIAD-M3-S4-IOT-diagnostico-v5
28874,IOT-R011,UNICIDAD,CRITICAL,CUARENTENA,UNICIDAD,,DUPLICADO_IDENTICO,VIA-00989 + 2026-08-15 11:59:00,Copia posterior idéntica de toda la fila Bronze,1.0.0,GIAD-M3-S4-IOT-diagnostico-v5
28875,IOT-R011,UNICIDAD,CRITICAL,CUARENTENA,UNICIDAD,,DUPLICADO_IDENTICO,VIA-00371 + 2026-08-21 02:19:00,Copia posterior idéntica de toda la fila Bronze,1.0.0,GIAD-M3-S4-IOT-diagnostico-v5
28876,IOT-R011,UNICIDAD,CRITICAL,CUARENTENA,UNICIDAD,,DUPLICADO_IDENTICO,VIA-01088 + 2026-08-17 02:16:00,Copia posterior idéntica de toda la fila Bronze,1.0.0,GIAD-M3-S4-IOT-diagnostico-v5
28877,IOT-R011,UNICIDAD,CRITICAL,CUARENTENA,UNICIDAD,,DUPLICADO_IDENTICO,VIA-00307 + 2026-08-31 07:49:00,Copia posterior idéntica de toda la fila Bronze,1.0.0,GIAD-M3-S4-IOT-diagnostico-v5
28878,IOT-R011,UNICIDAD,CRITICAL,CUARENTENA,UNICIDAD,,DUPLICADO_IDENTICO,VIA-00841 + 2026-08-16 04:26:00,Copia posterior idéntica de toda la fila Bronze,1.0.0,GIAD-M3-S4-IOT-diagnostico-v5
28879,IOT-R011,UNICIDAD,CRITICAL,CUARENTENA,UNICIDAD,,DUPLICADO_IDENTICO,VIA-00622 + 2026-08-29 04:32:00,Copia posterior idéntica de toda la fila Bronze,1.0.0,GIAD-M3-S4-IOT-diagnostico-v5
28880,IOT-R011,UNICIDAD,CRITICAL,CUARENTENA,UNICIDAD,,DUPLICADO_IDENTICO,VIA-00467 + 2026-08-15 12:38:00,Copia posterior idéntica de toda la fila Bronze,1.0.0,GIAD-M3-S4-IOT-diagnostico-v5
28881,IOT-R011,UNICIDAD,CRITICAL,CUARENTENA,UNICIDAD,,DUPLICADO_IDENTICO,VIA-00518 + 2026-08-29 08:01:00,Copia posterior idéntica de toda la fila Bronze,1.0.0,GIAD-M3-S4-IOT-diagnostico-v5
28882,IOT-R011,UNICIDAD,CRITICAL,CUARENTENA,UNICIDAD,,DUPLICADO_IDENTICO,VIA-00453 + 2026-08-13 08:52:00,Copia posterior idéntica de toda la fila Bronze,1.0.0,GIAD-M3-S4-IOT-diagnostico-v5
28883,IOT-R011,UNICIDAD,CRITICAL,CUARENTENA,UNICIDAD,,DUPLICADO_IDENTICO,VIA-00300 + 2026-08-20 15:44:00,Copia posterior idéntica de toda la fila Bronze,1.0.0,GIAD-M3-S4-IOT-diagnostico-v5
28884,IOT-R011,UNICIDAD,CRITICAL,CUARENTENA,UNICIDAD,,DUPLICADO_IDENTICO,VIA-00705 + 2026-08-28 09:34:00,Copia posterior idéntica de toda la fila Bronze,1.0.0,GIAD-M3-S4-IOT-diagnostico-v5
28885,IOT-R011,UNICIDAD,CRITICAL,CUARENTENA,UNICIDAD,,DUPLICADO_IDENTICO,VIA-00693 + 2026-08-01 11:33:00,Copia posterior idéntica de toda la fila Bronze,1.0.0,GIAD-M3-S4-IOT-diagnostico-v5
28886,IOT-R011,UNICIDAD,CRITICAL,CUARENTENA,UNICIDAD,,DUPLICADO_IDENTICO,VIA-00903 + 2026-08-05 01:48:00,Copia posterior idéntica de toda la fila Bronze,1.0.0,GIAD-M3-S4-IOT-diagnostico-v5
28887,IOT-R011,UNICIDAD,CRITICAL,CUARENTENA,UNICIDAD,,DUPLICADO_IDENTICO,VIA-00573 + 2026-08-24 08:23:00,Copia posterior idéntica de toda la fila Bronze,1.0.0,GIAD-M3-S4-IOT-diagnostico-v5
28888,IOT-R011,UNICIDAD,CRITICAL,CUARENTENA,UNICIDAD,,DUPLICADO_IDENTICO,VIA-00164 + 2026-08-03 14:56:00,Copia posterior idéntica de toda la fila Bronze,1.0.0,GIAD-M3-S4-IOT-diagnostico-v5
28889,IOT-R011,UNICIDAD,CRITICAL,CUARENTENA,UNICIDAD,,DUPLICADO_IDENTICO,VIA-01184 + 2026-08-29 08:57:00,Copia posterior idéntica de toda la fila Bronze,1.0.0,GIAD-M3-S4-IOT-diagnostico-v5
28890,IOT-R011,UNICIDAD,CRITICAL,CUARENTENA,UNICIDAD,,DUPLICADO_IDENTICO,VIA-00328 + 2026-08-19 05:30:00,Copia posterior idéntica de toda la fila Bronze,1.0.0,GIAD-M3-S4-IOT-diagnostico-v5
28891,IOT-R011,UNICIDAD,CRITICAL,CUARENTENA,UNICIDAD,,DUPLICADO_IDENTICO,VIA-01026 + 2026-08-25 09:47:00,Copia posterior idéntica de toda la fila Bronze,1.0.0,GIAD-M3-S4-IOT-diagnostico-v5
28892,IOT-R011,UNICIDAD,CRITICAL,CUARENTENA,UNICIDAD,,DUPLICADO_IDENTICO,VIA-00190 + 2026-08-15 01:03:00,Copia posterior idéntica de toda la fila Bronze,1.0.0,GIAD-M3-S4-IOT-diagnostico-v5
28893,IOT-R011,UNICIDAD,CRITICAL,CUARENTENA,UNICIDAD,,DUPLICADO_IDENTICO,VIA-00718 + 2026-08-16 02:15:00,Copia posterior idéntica de toda la fila Bronze,1.0.0,GIAD-M3-S4-IOT-diagnostico-v5
28894,IOT-R011,UNICIDAD,CRITICAL,CUARENTENA,UNICIDAD,,DUPLICADO_IDENTICO,VIA-00068 + 2026-08-14 18:43:00,Copia posterior idéntica de toda la fila Bronze,1.0.0,GIAD-M3-S4-IOT-diagnostico-v5
28895,IOT-R011,UNICIDAD,CRITICAL,CUARENTENA,UNICIDAD,,DUPLICADO_IDENTICO,VIA-00121 + 2026-08-05 18:36:00,Copia posterior idéntica de toda la fila Bronze,1.0.0,GIAD-M3-S4-IOT-diagnostico-v5
28896,IOT-R011,UNICIDAD,CRITICAL,CUARENTENA,UNICIDAD,,DUPLICADO_IDENTICO,VIA-00268 + 2026-08-14 15:35:00,Copia posterior idéntica de toda la fila Bronze,1.0.0,GIAD-M3-S4-IOT-diagnostico-v5
28897,IOT-R011,UNICIDAD,CRITICAL,CUARENTENA,UNICIDAD,,DUPLICADO_IDENTICO,VIA-00409 + 2026-08-14 18:19:00,Copia posterior idéntica de toda la fila Bronze,1.0.0,GIAD-M3-S4-IOT-diagnostico-v5
28898,IOT-R011,UNICIDAD,CRITICAL,CUARENTENA,UNICIDAD,,DUPLICADO_IDENTICO,VIA-00360 + 2026-08-06 00:41:00,Copia posterior idéntica de toda la fila Bronze,1.0.0,GIAD-M3-S4-IOT-diagnostico-v5
28899,IOT-R011,UNICIDAD,CRITICAL,CUARENTENA,UNICIDAD,,DUPLICADO_IDENTICO,VIA-00123 + 2026-08-04 06:17:00,Copia posterior idéntica de toda la fila Bronze,1.0.0,GIAD-M3-S4-IOT-diagnostico-v5
28900,IOT-R011,UNICIDAD,CRITICAL,CUARENTENA,UNICIDAD,,DUPLICADO_IDENTICO,VIA-01024 + 2026-08-29 02:29:00,Copia posterior idéntica de toda la fila Bronze,1.0.0,GIAD-M3-S4-IOT-diagnostico-v5
28901,IOT-R012,UNICIDAD,CRITICAL,CUARENTENA,UNICIDAD,,CLAVE_EN_CONFLICTO,VIA-00885 + 2026-08-26 04:37:00,Lecturas diferentes con igual clave candidata; se marcan todas,1.0.0,GIAD-M3-S4-IOT-diagnostico-v5
28902,IOT-R011,UNICIDAD,CRITICAL,CUARENTENA,UNICIDAD,,DUPLICADO_IDENTICO,VIA-00265 + 2026-08-26 12:40:00,Copia posterior idéntica de toda la fila Bronze,1.0.0,GIAD-M3-S4-IOT-diagnostico-v5
28903,IOT-R011,UNICIDAD,CRITICAL,CUARENTENA,UNICIDAD,,DUPLICADO_IDENTICO,VIA-01036 + 2026-08-16 04:08:00,Copia posterior idéntica de toda la fila Bronze,1.0.0,GIAD-M3-S4-IOT-diagnostico-v5
28904,IOT-R011,UNICIDAD,CRITICAL,CUARENTENA,UNICIDAD,,DUPLICADO_IDENTICO,VIA-00871 + 2026-08-10 09:33:00,Copia posterior idéntica de toda la fila Bronze,1.0.0,GIAD-M3-S4-IOT-diagnostico-v5
28905,IOT-R011,UNICIDAD,CRITICAL,CUARENTENA,UNICIDAD,,DUPLICADO_IDENTICO,VIA-00079 + 2026-08-12 13:15:00,Copia posterior idéntica de toda la fila Bronze,1.0.0,GIAD-M3-S4-IOT-diagnostico-v5
28906,IOT-R011,UNICIDAD,CRITICAL,CUARENTENA,UNICIDAD,,DUPLICADO_IDENTICO,VIA-00967 + 2026-08-15 14:59:00,Copia posterior idéntica de toda la fila Bronze,1.0.0,GIAD-M3-S4-IOT-diagnostico-v5
28907,IOT-R011,UNICIDAD,CRITICAL,CUARENTENA,UNICIDAD,,DUPLICADO_IDENTICO,VIA-00753 + 2026-08-25 06:10:00,Copia posterior idéntica de toda la fila Bronze,1.0.0,GIAD-M3-S4-IOT-diagnostico-v5
28908,IOT-R011,UNICIDAD,CRITICAL,CUARENTENA,UNICIDAD,,DUPLICADO_IDENTICO,VIA-00297 + 2026-08-11 19:05:00,Copia posterior idéntica de toda la fila Bronze,1.0.0,GIAD-M3-S4-IOT-diagnostico-v5
28909,IOT-R011,UNICIDAD,CRITICAL,CUARENTENA,UNICIDAD,,DUPLICADO_IDENTICO,VIA-00040 + 2026-08-07 13:29:00,Copia posterior idéntica de toda la fila Bronze,1.0.0,GIAD-M3-S4-IOT-diagnostico-v5
28910,IOT-R011,UNICIDAD,CRITICAL,CUARENTENA,UNICIDAD,,DUPLICADO_IDENTICO,VIA-00101 + 2026-08-23 00:04:00,Copia posterior idéntica de toda la fila Bronze,1.0.0,GIAD-M3-S4-IOT-diagnostico-v5
28911,IOT-R011,UNICIDAD,CRITICAL,CUARENTENA,UNICIDAD,,DUPLICADO_IDENTICO,VIA-00037 + 2026-08-01 01:56:00,Copia posterior idéntica de toda la fila Bronze,1.0.0,GIAD-M3-S4-IOT-diagnostico-v5
28912,IOT-R012,UNICIDAD,CRITICAL,CUARENTENA,UNICIDAD,,CLAVE_EN_CONFLICTO,VIA-00124 + 2026-08-19 13:56:00,Lecturas diferentes con igual clave candidata; se marcan todas,1.0.0,GIAD-M3-S4-IOT-diagnostico-v5
28912,IOT-R016,COMPLETITUD,CRITICAL,CUARENTENA,FALTANTE,,FALTANTE,,Temperatura vacía,1.0.0,GIAD-M3-S4-IOT-diagnostico-v5
28913,IOT-R011,UNICIDAD,CRITICAL,CUARENTENA,UNICIDAD,,DUPLICADO_IDENTICO,VIA-00209 + 2026-08-27 00:06:00,Copia posterior idéntica de toda la fila Bronze,1.0.0,GIAD-M3-S4-IOT-diagnostico-v5
28914,IOT-R011,UNICIDAD,CRITICAL,CUARENTENA,UNICIDAD,,DUPLICADO_IDENTICO,VIA-01064 + 2026-08-28 08:15:00,Copia posterior idéntica de toda la fila Bronze,1.0.0,GIAD-M3-S4-IOT-diagnostico-v5
28915,IOT-R011,UNICIDAD,CRITICAL,CUARENTENA,UNICIDAD,,DUPLICADO_IDENTICO,VIA-01003 + 2026-08-27 04:18:00,Copia posterior idéntica de toda la fila Bronze,1.0.0,GIAD-M3-S4-IOT-diagnostico-v5
28916,IOT-R011,UNICIDAD,CRITICAL,CUARENTENA,UNICIDAD,,DUPLICADO_IDENTICO,VIA-00693 + 2026-08-01 21:03:00,Copia posterior idéntica de toda la fila Bronze,1.0.0,GIAD-M3-S4-IOT-diagnostico-v5
28917,IOT-R011,UNICIDAD,CRITICAL,CUARENTENA,UNICIDAD,,DUPLICADO_IDENTICO,VIA-00686 + 2026-08-13 22:04:00,Copia posterior idéntica de toda la fila Bronze,1.0.0,GIAD-M3-S4-IOT-diagnostico-v5
28918,IOT-R011,UNICIDAD,CRITICAL,CUARENTENA,UNICIDAD,,DUPLICADO_IDENTICO,VIA-00946 + 2026-08-01 22:36:00,Copia posterior idéntica de toda la fila Bronze,1.0.0,GIAD-M3-S4-IOT-diagnostico-v5
28919,IOT-R011,UNICIDAD,CRITICAL,CUARENTENA,UNICIDAD,,DUPLICADO_IDENTICO,VIA-00260 + 2026-08-02 21:34:00,Copia posterior idéntica de toda la fila Bronze,1.0.0,GIAD-M3-S4-IOT-diagnostico-v5
28920,IOT-R011,UNICIDAD,CRITICAL,CUARENTENA,UNICIDAD,,DUPLICADO_IDENTICO,VIA-00801 + 2026-08-26 00:48:00,Copia posterior idéntica de toda la fila Bronze,1.0.0,GIAD-M3-S4-IOT-diagnostico-v5
